2025-12-28 18:23:21,576 [INFO] Activator:176 - 


2025-12-28 18:23:21,578 [INFO] Activator:177 - !SESSION log4j initialized
2025-12-28 18:23:22,313 [INFO] ApplicationProperties:184 - Using Application install path: /opt/st/stm32cubeide_1.19.0/plugins/com.st.stm32cube.common.mx_6.15.0.202507011659
2025-12-28 18:23:22,321 [INFO] DbMcusXml:78 - Set database path to: /opt/st/stm32cubeide_1.19.0/plugins/com.st.stm32cube.common.mx_6.15.0.202507011659//db//mcu/
2025-12-28 18:23:22,321 [INFO] ApiDb:274 - Set plugin database path to: /opt/st/stm32cubeide_1.19.0/plugins/com.st.stm32cube.common.mx_6.15.0.202507011659//db//plugins/boardmanager/
2025-12-28 18:23:22,322 [WARN] ApiDb:259 - Overriding images path with different value:  => /opt/st/stm32cubeide_1.19.0/plugins/com.st.stm32cube.common.mx_6.15.0.202507011659//db//plugins/mcufinder/images/
2025-12-28 18:23:22,325 [INFO] ApiDb:250 - Set database path to: /home/lucasnascimento/.stmcufinder/plugins/mcufinder//mcu/
2025-12-28 18:23:22,326 [INFO] DbMcusAds:125 - Set database path to: /home/lucasnascimento/.stmcufinder/plugins/mcufinder//mcu/
2025-12-28 18:23:22,398 [INFO] CrossReferenceDbSqlite:203 - Set database path to: /home/lucasnascimento/.stmcufinder/plugins/mcufinder//mcu/cs/
2025-12-28 18:23:22,442 [INFO] RulesReader:64 - Compatibility file has been processed (317 Rules)
2025-12-28 18:23:22,471 [INFO] DbMcusXml:78 - Set database path to: /opt/st/stm32cubeide_1.19.0/plugins/com.st.stm32cube.common.mx_6.15.0.202507011659//db//mcu/
2025-12-28 18:23:22,471 [INFO] ApiDb:274 - Set plugin database path to: /opt/st/stm32cubeide_1.19.0/plugins/com.st.stm32cube.common.mx_6.15.0.202507011659//db//plugins/boardmanager/
2025-12-28 18:23:22,471 [INFO] ApiDb:261 - Set plugin images path to: /opt/st/stm32cubeide_1.19.0/plugins/com.st.stm32cube.common.mx_6.15.0.202507011659//db//plugins/mcufinder/images/
2025-12-28 18:23:22,471 [WARN] DbFile:41 - Overriding database path with different value: /home/lucasnascimento/.stmcufinder/plugins/mcufinder/ => /home/lucasnascimento/.stmcufinder/plugins/mcufinder
2025-12-28 18:23:22,471 [INFO] ApiDb:250 - Set database path to: /home/lucasnascimento/.stmcufinder/plugins/mcufinder//mcu/
2025-12-28 18:23:22,471 [WARN] DbFile:41 - Overriding database path with different value: /home/lucasnascimento/.stmcufinder/plugins/mcufinder/ => /home/lucasnascimento/.stmcufinder/plugins/mcufinder
2025-12-28 18:23:22,471 [INFO] DbMcusAds:125 - Set database path to: /home/lucasnascimento/.stmcufinder/plugins/mcufinder//mcu/
2025-12-28 18:23:22,471 [WARN] DbFile:41 - Overriding database path with different value: /home/lucasnascimento/.stmcufinder/plugins/mcufinder/ => /home/lucasnascimento/.stmcufinder/plugins/mcufinder
2025-12-28 18:23:22,471 [WARN] DbFile:41 - Overriding database path with different value: /home/lucasnascimento/.stmcufinder/plugins/mcufinder/ => /home/lucasnascimento/.stmcufinder/plugins/mcufinder
2025-12-28 18:23:22,472 [INFO] CrossReferenceDbSqlite:203 - Set database path to: /home/lucasnascimento/.stmcufinder/plugins/mcufinder//mcu/cs/
2025-12-28 18:23:22,501 [INFO] MainPanel:274 - HeapMemory: 268435456
2025-12-28 18:23:22,601 [INFO] DbMcusXml:78 - Set database path to: /opt/st/stm32cubeide_1.19.0/plugins/com.st.stm32cube.common.mx_6.15.0.202507011659//db//mcu/
2025-12-28 18:23:22,601 [INFO] ApiDb:274 - Set plugin database path to: /opt/st/stm32cubeide_1.19.0/plugins/com.st.stm32cube.common.mx_6.15.0.202507011659//db//plugins/boardmanager/
2025-12-28 18:23:22,601 [INFO] ApiDb:261 - Set plugin images path to: /opt/st/stm32cubeide_1.19.0/plugins/com.st.stm32cube.common.mx_6.15.0.202507011659//db//plugins/mcufinder/images/
2025-12-28 18:23:22,601 [WARN] DbFile:41 - Overriding database path with different value: /home/lucasnascimento/.stmcufinder/plugins/mcufinder/ => /home/lucasnascimento/.stmcufinder/plugins/mcufinder
2025-12-28 18:23:22,601 [INFO] ApiDb:250 - Set database path to: /home/lucasnascimento/.stmcufinder/plugins/mcufinder//mcu/
2025-12-28 18:23:22,602 [WARN] DbFile:41 - Overriding database path with different value: /home/lucasnascimento/.stmcufinder/plugins/mcufinder/ => /home/lucasnascimento/.stmcufinder/plugins/mcufinder
2025-12-28 18:23:22,602 [INFO] DbMcusAds:125 - Set database path to: /home/lucasnascimento/.stmcufinder/plugins/mcufinder//mcu/
2025-12-28 18:23:22,602 [WARN] DbFile:41 - Overriding database path with different value: /home/lucasnascimento/.stmcufinder/plugins/mcufinder/ => /home/lucasnascimento/.stmcufinder/plugins/mcufinder
2025-12-28 18:23:22,602 [WARN] DbFile:41 - Overriding database path with different value: /home/lucasnascimento/.stmcufinder/plugins/mcufinder/ => /home/lucasnascimento/.stmcufinder/plugins/mcufinder
2025-12-28 18:23:22,602 [INFO] CrossReferenceDbSqlite:203 - Set database path to: /home/lucasnascimento/.stmcufinder/plugins/mcufinder//mcu/cs/
2025-12-28 18:23:22,607 [INFO] ApplicationProperties:184 - Using Application install path: /opt/st/stm32cubeide_1.19.0/plugins/com.st.stm32cube.common.mx_6.15.0.202507011659
2025-12-28 18:23:22,608 [INFO] PluginManage:196 - Search for loadable plugins [exclusion list=, ]
2025-12-28 18:23:22,608 [INFO] PluginManage:310 - Check plugin analytics
2025-12-28 18:23:22,728 [INFO] AnalyticsPlugin:253 - Accepted Software Licenses: 
2025-12-28 18:23:22,728 [INFO] AnalyticsPlugin:255 - Accepted CMSIS Pack Licenses: STMicroelectronics.X-CUBE-FREERTOS.1.3.1,EmbeddedOffice.I-CUBE-FS-RTOS.1.0.1
2025-12-28 18:23:22,728 [INFO] AnalyticsPlugin:257 - Accepted Firmware Licenses: FW.H5.1.5.0
2025-12-28 18:23:22,729 [INFO] PluginManage:359 - Loaded plugin analytics (category:tool,tabindex:-1)
2025-12-28 18:23:22,729 [INFO] PluginManage:310 - Check plugin cadmodel
2025-12-28 18:23:22,732 [INFO] CADModel:105 - Init CAD model plugin
2025-12-28 18:23:22,732 [INFO] PluginManage:359 - Loaded plugin cadmodel (category:power,tabindex:5)
2025-12-28 18:23:22,732 [INFO] PluginManage:310 - Check plugin clock
2025-12-28 18:23:22,737 [INFO] PluginManage:359 - Loaded plugin clock (category:base,tabindex:2)
2025-12-28 18:23:22,737 [INFO] PluginManage:310 - Check plugin ddr
2025-12-28 18:23:22,738 [INFO] PluginManage:359 - Loaded plugin ddr (category:tool,tabindex:6)
2025-12-28 18:23:22,738 [INFO] PluginManage:310 - Check plugin filemanager
2025-12-28 18:23:22,807 [INFO] PluginManage:359 - Loaded plugin filemanager (category:base,tabindex:10)
2025-12-28 18:23:22,808 [INFO] PluginManage:310 - Check plugin ipmanager
2025-12-28 18:23:22,810 [INFO] PluginManage:359 - Loaded plugin ipmanager (category:base,tabindex:5)
2025-12-28 18:23:22,810 [INFO] PluginManage:310 - Check plugin lpbam
2025-12-28 18:23:22,815 [INFO] PluginManage:359 - Loaded plugin lpbam (category:base,tabindex:0)
2025-12-28 18:23:22,815 [INFO] PluginManage:310 - Check plugin memorymap
2025-12-28 18:23:22,821 [INFO] PluginManage:359 - Loaded plugin memorymap (category:base,tabindex:4)
2025-12-28 18:23:22,821 [INFO] PluginManage:310 - Check plugin pinoutandconfiguration
2025-12-28 18:23:22,826 [INFO] PluginManage:359 - Loaded plugin pinoutandconfiguration (category:base,tabindex:1)
2025-12-28 18:23:22,826 [INFO] PluginManage:310 - Check plugin pinoutconfig
2025-12-28 18:23:22,861 [WARN] SupportedApi:132 - Cannot load RTOS API schema: s4s-elt-must-match.1: The content of 'definitions' must match (annotation?, (simpleType | complexType)?, (unique | key | keyref)*)). A problem was found starting at: attribute.
2025-12-28 18:23:22,911 [INFO] PluginManage:359 - Loaded plugin pinoutconfig (category:base,tabindex:0)
2025-12-28 18:23:22,911 [INFO] PluginManage:310 - Check plugin power
2025-12-28 18:23:22,916 [INFO] PluginManage:359 - Loaded plugin power (category:power,tabindex:4)
2025-12-28 18:23:22,916 [INFO] PluginManage:310 - Check plugin projectmanager
2025-12-28 18:23:22,922 [INFO] PluginManage:359 - Loaded plugin projectmanager (category:projectmanager,tabindex:4)
2025-12-28 18:23:22,923 [INFO] PluginManage:310 - Check plugin rif
2025-12-28 18:23:22,927 [INFO] PluginManage:359 - Loaded plugin rif (category:base,tabindex:3)
2025-12-28 18:23:22,927 [INFO] PluginManage:310 - Check plugin thirdparty
2025-12-28 18:23:22,975 [INFO] PluginManage:359 - Loaded plugin thirdparty (category:base,tabindex:-1)
2025-12-28 18:23:22,975 [INFO] PluginManage:310 - Check plugin tools
2025-12-28 18:23:22,975 [WARN] IntegrityCheckThread:84 - waiting for thirdparty lock release [integrity check]
2025-12-28 18:23:22,975 [INFO] IntegrityCheckThread:86 - entering critical section [integrity check]
2025-12-28 18:23:22,975 [INFO] ThirdPartyUpdaterWithRetryManager:70 - Updater plugin not ready yet. [1/15]
2025-12-28 18:23:22,976 [INFO] PluginManage:359 - Loaded plugin tools (category:base,tabindex:7)
2025-12-28 18:23:22,976 [INFO] PluginManage:310 - Check plugin tutovideos
2025-12-28 18:23:23,086 [INFO] PluginManage:359 - Loaded plugin tutovideos (category:base,tabindex:-1)
2025-12-28 18:23:23,086 [INFO] PluginManage:310 - Check plugin updater
2025-12-28 18:23:23,098 [INFO] PluginManage:359 - Loaded plugin updater (category:base,tabindex:12)
2025-12-28 18:23:23,098 [INFO] PluginManage:310 - Check plugin userauth
2025-12-28 18:23:23,100 [INFO] UserAuth:118 - Init User Auth plugin
2025-12-28 18:23:23,100 [INFO] PluginManage:359 - Loaded plugin userauth (category:base,tabindex:14)
2025-12-28 18:23:23,101 [INFO] PluginManage:283 - PluginManage : Loaded plugins [18]
2025-12-28 18:23:23,179 [INFO] PinOutPanel:1589 - setPackage(No Configuration,No Configuration)
2025-12-28 18:23:23,210 [INFO] CADModel:165 - CPN selected for project level
2025-12-28 18:23:23,210 [INFO] CADModel:114 - Register for checkConnection events
2025-12-28 18:23:23,217 [INFO] IPUIPlugin:80 - create IPUIPlugin
2025-12-28 18:23:23,217 [INFO] PluginManager:220 - loadIPPluginJar : add i3c
2025-12-28 18:23:23,221 [INFO] IPUIPlugin:80 - create IPUIPlugin
2025-12-28 18:23:23,221 [INFO] PluginManager:220 - loadIPPluginJar : add stm32_wpan
2025-12-28 18:23:23,223 [INFO] IPUIPlugin:80 - create IPUIPlugin
2025-12-28 18:23:23,223 [INFO] PluginManager:220 - loadIPPluginJar : add ipddr
2025-12-28 18:23:23,224 [INFO] IPUIPlugin:80 - create IPUIPlugin
2025-12-28 18:23:23,224 [INFO] PluginManager:220 - loadIPPluginJar : add quadspi
2025-12-28 18:23:23,238 [INFO] IPUIPlugin:80 - create IPUIPlugin
2025-12-28 18:23:23,238 [INFO] PluginManager:220 - loadIPPluginJar : add hash
2025-12-28 18:23:23,239 [INFO] IPUIPlugin:80 - create IPUIPlugin
2025-12-28 18:23:23,240 [INFO] PluginManager:220 - loadIPPluginJar : add openamp
2025-12-28 18:23:23,241 [INFO] IPUIPlugin:80 - create IPUIPlugin
2025-12-28 18:23:23,242 [INFO] PluginManager:220 - loadIPPluginJar : add fmc
2025-12-28 18:23:23,242 [INFO] IPUIPlugin:80 - create IPUIPlugin
2025-12-28 18:23:23,242 [INFO] PluginManager:220 - loadIPPluginJar : add aes
2025-12-28 18:23:23,243 [INFO] IPUIPlugin:80 - create IPUIPlugin
2025-12-28 18:23:23,243 [INFO] PluginManager:220 - loadIPPluginJar : add ucpd
2025-12-28 18:23:23,244 [INFO] IPUIPlugin:80 - create IPUIPlugin
2025-12-28 18:23:23,244 [INFO] PluginManager:220 - loadIPPluginJar : add gfxmmu
2025-12-28 18:23:23,245 [INFO] IPUIPlugin:80 - create IPUIPlugin
2025-12-28 18:23:23,245 [INFO] PluginManager:220 - loadIPPluginJar : add tim
2025-12-28 18:23:23,246 [INFO] IPUIPlugin:80 - create IPUIPlugin
2025-12-28 18:23:23,246 [INFO] PluginManager:220 - loadIPPluginJar : add dfsdm
2025-12-28 18:23:23,247 [INFO] IPUIPlugin:80 - create IPUIPlugin
2025-12-28 18:23:23,247 [INFO] PluginManager:220 - loadIPPluginJar : add sai
2025-12-28 18:23:23,248 [INFO] IPUIPlugin:80 - create IPUIPlugin
2025-12-28 18:23:23,249 [INFO] PluginManager:220 - loadIPPluginJar : add radio
2025-12-28 18:23:23,250 [INFO] IPUIPlugin:80 - create IPUIPlugin
2025-12-28 18:23:23,250 [INFO] PluginManager:220 - loadIPPluginJar : add can
2025-12-28 18:23:23,252 [INFO] IPUIPlugin:80 - create IPUIPlugin
2025-12-28 18:23:23,252 [INFO] PluginManager:220 - loadIPPluginJar : add gpio
2025-12-28 18:23:23,254 [INFO] IPUIPlugin:80 - create IPUIPlugin
2025-12-28 18:23:23,254 [INFO] PluginManager:220 - loadIPPluginJar : add extmemmanager
2025-12-28 18:23:23,257 [INFO] IPUIPlugin:80 - create IPUIPlugin
2025-12-28 18:23:23,257 [INFO] PluginManager:220 - loadIPPluginJar : add linkedlist
2025-12-28 18:23:23,260 [INFO] IPUIPlugin:80 - create IPUIPlugin
2025-12-28 18:23:23,261 [INFO] PluginManager:220 - loadIPPluginJar : add plateformsettings
2025-12-28 18:23:23,264 [INFO] IPUIPlugin:80 - create IPUIPlugin
2025-12-28 18:23:23,264 [INFO] PluginManager:220 - loadIPPluginJar : add adc
2025-12-28 18:23:23,265 [INFO] IPUIPlugin:80 - create IPUIPlugin
2025-12-28 18:23:23,265 [INFO] PluginManager:220 - loadIPPluginJar : add spi
2025-12-28 18:23:23,267 [INFO] IPUIPlugin:80 - create IPUIPlugin
2025-12-28 18:23:23,268 [INFO] PluginManager:220 - loadIPPluginJar : add gic
2025-12-28 18:23:23,269 [INFO] IPUIPlugin:80 - create IPUIPlugin
2025-12-28 18:23:23,270 [INFO] PluginManager:220 - loadIPPluginJar : add nvic
2025-12-28 18:23:23,272 [INFO] IPUIPlugin:80 - create IPUIPlugin
2025-12-28 18:23:23,273 [INFO] PluginManager:220 - loadIPPluginJar : add dma
2025-12-28 18:23:23,276 [INFO] IPUIPlugin:80 - create IPUIPlugin
2025-12-28 18:23:23,276 [INFO] PluginManager:220 - loadIPPluginJar : add ddr_ctrl_phy
2025-12-28 18:23:23,276 [INFO] IPUIPlugin:80 - create IPUIPlugin
2025-12-28 18:23:23,276 [INFO] PluginManager:220 - loadIPPluginJar : add tracer_emb
2025-12-28 18:23:23,277 [INFO] IPUIPlugin:80 - create IPUIPlugin
2025-12-28 18:23:23,277 [INFO] PluginManager:220 - loadIPPluginJar : add lorawan
2025-12-28 18:23:23,279 [INFO] IPUIPlugin:80 - create IPUIPlugin
2025-12-28 18:23:23,279 [INFO] PluginManager:220 - loadIPPluginJar : add usbx
2025-12-28 18:23:23,279 [INFO] IPUIPlugin:80 - create IPUIPlugin
2025-12-28 18:23:23,279 [INFO] PluginManager:220 - loadIPPluginJar : add ltdc
2025-12-28 18:23:23,280 [INFO] IPUIPlugin:80 - create IPUIPlugin
2025-12-28 18:23:23,280 [INFO] PluginManager:220 - loadIPPluginJar : add pdm2pcm
2025-12-28 18:23:23,281 [INFO] IPUIPlugin:80 - create IPUIPlugin
2025-12-28 18:23:23,281 [INFO] PluginManager:220 - loadIPPluginJar : add cryp
2025-12-28 18:23:23,282 [INFO] IPUIPlugin:80 - create IPUIPlugin
2025-12-28 18:23:23,282 [INFO] PluginManager:220 - loadIPPluginJar : add ts
2025-12-28 18:23:23,282 [INFO] IPUIPlugin:80 - create IPUIPlugin
2025-12-28 18:23:23,282 [INFO] PluginManager:220 - loadIPPluginJar : add fatfs
2025-12-28 18:23:23,283 [INFO] IPUIPlugin:80 - create IPUIPlugin
2025-12-28 18:23:23,283 [INFO] PluginManager:220 - loadIPPluginJar : add opamp
2025-12-28 18:23:23,284 [INFO] IPUIPlugin:80 - create IPUIPlugin
2025-12-28 18:23:23,284 [INFO] PluginManager:220 - loadIPPluginJar : add comp
2025-12-28 18:23:23,286 [INFO] IPUIPlugin:80 - create IPUIPlugin
2025-12-28 18:23:23,286 [INFO] PluginManager:220 - loadIPPluginJar : add resmgrutility
2025-12-28 18:23:23,287 [INFO] IPUIPlugin:80 - create IPUIPlugin
2025-12-28 18:23:23,287 [INFO] PluginManager:220 - loadIPPluginJar : add gtzc
2025-12-28 18:23:23,290 [INFO] IPUIPlugin:80 - create IPUIPlugin
2025-12-28 18:23:23,290 [INFO] PluginManager:220 - loadIPPluginJar : add mdma
2025-12-28 18:23:23,290 [INFO] IPUIPlugin:80 - create IPUIPlugin
2025-12-28 18:23:23,290 [INFO] PluginManager:220 - loadIPPluginJar : add genericplugin
2025-12-28 18:23:23,291 [INFO] IPUIPlugin:80 - create IPUIPlugin
2025-12-28 18:23:23,291 [INFO] PluginManager:220 - loadIPPluginJar : add tsc
2025-12-28 18:23:23,292 [INFO] IPUIPlugin:80 - create IPUIPlugin
2025-12-28 18:23:23,292 [INFO] PluginManager:220 - loadIPPluginJar : add i2c
2025-12-28 18:23:23,293 [INFO] IPUIPlugin:80 - create IPUIPlugin
2025-12-28 18:23:23,293 [INFO] PluginManager:220 - loadIPPluginJar : add touchsensing
2025-12-28 18:23:23,296 [INFO] IPUIPlugin:80 - create IPUIPlugin
2025-12-28 18:23:23,296 [INFO] PluginManager:220 - loadIPPluginJar : add freertos
2025-12-28 18:23:23,297 [INFO] IPUIPlugin:80 - create IPUIPlugin
2025-12-28 18:23:23,297 [INFO] PluginManager:220 - loadIPPluginJar : add dma3
2025-12-28 18:23:23,298 [INFO] IPUIPlugin:80 - create IPUIPlugin
2025-12-28 18:23:23,298 [INFO] PluginManager:220 - loadIPPluginJar : add usart
2025-12-28 18:23:23,299 [INFO] IPUIPlugin:80 - create IPUIPlugin
2025-12-28 18:23:23,299 [INFO] PluginManager:220 - loadIPPluginJar : add i2s
2025-12-28 18:23:23,383 [FATAL] Updater:351 - Updater called before beeing initialized
2025-12-28 18:23:23,394 [INFO] RulesReader:64 - Compatibility file has been processed (317 Rules)
2025-12-28 18:23:23,397 [INFO] RulesReader:64 - Compatibility file has been processed (317 Rules)
2025-12-28 18:23:23,400 [INFO] CADModel:165 - CPN selected for project level
2025-12-28 18:23:23,400 [INFO] CADModel:114 - Register for checkConnection events
2025-12-28 18:23:23,400 [FATAL] Updater:351 - Updater called before beeing initialized
2025-12-28 18:23:23,400 [ERROR] CADModel:125 - Updater not yet initialized, retry later 
2025-12-28 18:23:23,456 [FATAL] Updater:351 - Updater called before beeing initialized
2025-12-28 18:23:23,457 [INFO] CADModel:165 - CPN selected for project level
2025-12-28 18:23:23,457 [INFO] CADModel:114 - Register for checkConnection events
2025-12-28 18:23:23,457 [FATAL] Updater:351 - Updater called before beeing initialized
2025-12-28 18:23:23,457 [ERROR] CADModel:125 - Updater not yet initialized, retry later 
2025-12-28 18:23:23,459 [FATAL] Updater:351 - Updater called before beeing initialized
2025-12-28 18:23:23,490 [FATAL] Updater:351 - Updater called before beeing initialized
2025-12-28 18:23:23,492 [INFO] DbMcusAds:53 - JSON generation date=Fri Dec 05 04:13:14 EST 2025 (1764925994495)
2025-12-28 18:23:23,492 [FATAL] Updater:351 - Updater called before beeing initialized
2025-12-28 18:23:23,509 [WARN] DetailPanel:346 - Failed to get advertising image, set to default
2025-12-28 18:23:23,542 [FATAL] Updater:351 - Updater called before beeing initialized
2025-12-28 18:23:23,543 [FATAL] Updater:351 - Updater called before beeing initialized
2025-12-28 18:23:23,543 [FATAL] Updater:351 - Updater called before beeing initialized
2025-12-28 18:23:23,543 [WARN] DetailPanel:346 - Failed to get advertising image, set to default
2025-12-28 18:23:23,543 [FATAL] Updater:351 - Updater called before beeing initialized
2025-12-28 18:23:23,558 [ERROR] Updater:1198 - MainUpdater not yet initialized. External WinMGr cannot be set.
2025-12-28 18:23:23,559 [INFO] Updater:1134 - Updater Version found : 6.15.0
2025-12-28 18:23:23,569 [INFO] ApplicationProperties:184 - Using Application install path: /opt/st/stm32cubeide_1.19.0/plugins/com.st.stm32cube.common.mx_6.15.0.202507011659
2025-12-28 18:23:23,759 [INFO] MainUpdater:2872 - connection check result : 10
2025-12-28 18:23:23,759 [INFO] MainUpdater:3604 - Updater definition file requires update
2025-12-28 18:23:23,759 [INFO] MainUpdater:289 - Updater Check For Update Now.
2025-12-28 18:23:23,760 [INFO] MicroXplorer:498 - Change Database Version : DB.6.0.150
2025-12-28 18:23:23,784 [INFO] ServerAccessManage:452 - Complete download http(s) 200
2025-12-28 18:23:23,785 [INFO] ServerAccessManage:509 - Download File updaters.zip
2025-12-28 18:23:24,472 [INFO] FileExtend:248 - Unzip File : updaters.zip
2025-12-28 18:23:24,472 [INFO] FileExtend:263 - Standard Zip Deflate
2025-12-28 18:23:24,634 [INFO] ServerAccessManage:452 - Complete download http(s) 200
2025-12-28 18:23:24,634 [INFO] ServerAccessManage:509 - Download File PacksControlFlags.xml
2025-12-28 18:23:24,759 [INFO] ServerAccessManage:452 - Complete download http(s) 200
2025-12-28 18:23:24,759 [INFO] ServerAccessManage:509 - Download File cubemx.pidx
2025-12-28 18:23:24,795 [INFO] LoadServerUpdatesThread:375 - End of LoadServerUpdate Thread
2025-12-28 18:23:24,922 [INFO] CheckServerUpdateThread:120 - End of CheckServer Thread
2025-12-28 18:23:24,968 [INFO] MainUpdater:2872 - connection check result : 10
2025-12-28 18:23:24,972 [INFO] MainUpdater:2872 - connection check result : 10
2025-12-28 18:23:26,050 [WARN] PackLoader:240 - Cannot read IP mode file for STMicroelectronics.FP-SNS-MOTENVWB1.1.4.0
2025-12-28 18:23:26,053 [WARN] PackLoader:240 - Cannot read IP mode file for STMicroelectronics.FP-ATR-ASTRA1.2.0.2
2025-12-28 18:23:26,056 [WARN] PackLoader:240 - Cannot read IP mode file for STMicroelectronics.X-CUBE-SMBUS.2.1.0
2025-12-28 18:23:26,069 [WARN] PackLoader:240 - Cannot read IP mode file for STMicroelectronics.X-CUBE-AZRTOS-F7.1.1.0
2025-12-28 18:23:26,074 [WARN] PackLoader:240 - Cannot read IP mode file for Cesanta.I-CUBE-Mongoose.7.19.0
2025-12-28 18:23:26,076 [WARN] PackLoader:240 - Cannot read IP mode file for STMicroelectronics.FP-SNS-MOTENV1.5.1.0
2025-12-28 18:23:26,080 [WARN] PackLoader:240 - Cannot read IP mode file for WES.I-CUBE-Cesium.1.4.0
2025-12-28 18:23:26,091 [WARN] PackLoader:240 - Cannot read IP mode file for Infineon.AIROC-Wi-Fi-Bluetooth-STM32.1.7.1
2025-12-28 18:23:26,105 [WARN] PackLoader:240 - Cannot read IP mode file for STMicroelectronics.X-CUBE-AZRTOS-H7.3.4.0
2025-12-28 18:23:26,112 [WARN] PackLoader:240 - Cannot read IP mode file for STMicroelectronics.X-CUBE-DISPLAY.3.0.0
2025-12-28 18:23:26,118 [WARN] PackLoader:240 - Cannot read IP mode file for STMicroelectronics.X-CUBE-NFC10.1.0.0
2025-12-28 18:23:26,121 [WARN] PackLoader:240 - Cannot read IP mode file for STMicroelectronics.X-CUBE-ST60.1.1.0
2025-12-28 18:23:26,123 [WARN] PackLoader:240 - Cannot read IP mode file for emotas.I-CUBE-CANOPEN.1.3.0
2025-12-28 18:23:26,126 [WARN] PackLoader:240 - Cannot read IP mode file for STMicroelectronics.X-CUBE-GNSS1.7.1.0
2025-12-28 18:23:26,128 [WARN] PackLoader:240 - Cannot read IP mode file for STMicroelectronics.FP-SNS-STBOX1.2.1.0
2025-12-28 18:23:26,130 [WARN] PackLoader:240 - Cannot read IP mode file for STMicroelectronics.FP-SNS-SMARTAG2.1.2.0
2025-12-28 18:23:26,131 [WARN] PackLoader:240 - Cannot read IP mode file for STMicroelectronics.FP-SNS-FLIGHT1.5.1.0
2025-12-28 18:23:26,134 [INFO] LogOutputStream:77 - [STDOUT_REDIRECT] 1 : Invalid condition id : UX_CORESTACK_Condition cause : null
2025-12-28 18:23:26,134 [INFO] LogOutputStream:77 - [STDOUT_REDIRECT] 1 : Invalid condition id : UX_CORESTACK_Condition cause : null
2025-12-28 18:23:26,134 [INFO] LogOutputStream:77 - [STDOUT_REDIRECT] 1 : Invalid condition id : UX_CORESTACK_Condition cause : null
2025-12-28 18:23:26,134 [INFO] LogOutputStream:77 - [STDOUT_REDIRECT] 1 : Invalid condition id : UX_CORESTACK_Condition cause : null
2025-12-28 18:23:26,135 [INFO] LogOutputStream:77 - [STDOUT_REDIRECT] 1 : Invalid condition id : UX_CORESTACK_Condition cause : null
2025-12-28 18:23:26,136 [WARN] PackLoader:240 - Cannot read IP mode file for STMicroelectronics.X-CUBE-AZRTOS-WL.2.0.0
2025-12-28 18:23:26,142 [WARN] PackLoader:240 - Cannot read IP mode file for STMicroelectronics.X-CUBE-AZRTOS-H7RS.1.2.0
2025-12-28 18:23:26,145 [WARN] PackLoader:240 - Cannot read IP mode file for STMicroelectronics.X-CUBE-BLE2.3.3.0
2025-12-28 18:23:26,151 [WARN] PackLoader:240 - Cannot read IP mode file for STMicroelectronics.X-CUBE-NFC9.1.0.0
2025-12-28 18:23:26,153 [WARN] PackLoader:240 - Cannot read IP mode file for wolfSSL.I-CUBE-wolfSSL.5.8.2
2025-12-28 18:23:26,154 [WARN] PackLoader:240 - Cannot read IP mode file for STMicroelectronics.X-CUBE-BLE1.7.1.0
2025-12-28 18:23:26,155 [WARN] PackLoader:240 - Cannot read IP mode file for wolfSSL.I-CUBE-wolfMQTT.1.19.2
2025-12-28 18:23:26,157 [WARN] PackLoader:240 - Cannot read IP mode file for STMicroelectronics.X-CUBE-FREERTOS.1.4.0
2025-12-28 18:23:26,158 [WARN] PackLoader:240 - Cannot read IP mode file for STMicroelectronics.X-CUBE-EEPRMA1.5.2.0
2025-12-28 18:23:26,161 [WARN] PackLoader:240 - Cannot read IP mode file for STMicroelectronics.X-CUBE-ST67W61.1.1.0
2025-12-28 18:23:26,176 [WARN] PackLoader:240 - Cannot read IP mode file for STMicroelectronics.X-CUBE-MEMS1.12.0.0
2025-12-28 18:23:26,209 [WARN] PackLoader:240 - Cannot read IP mode file for STMicroelectronics.X-CUBE-AZRTOS-G0.1.1.0
2025-12-28 18:23:26,212 [WARN] PackLoader:240 - Cannot read IP mode file for STMicroelectronics.X-CUBE-NFC4.3.0.0
2025-12-28 18:23:26,215 [WARN] PackLoader:240 - Cannot read IP mode file for EmbeddedOffice.I-CUBE-FS-RTOS.1.0.1
2025-12-28 18:23:26,243 [WARN] PackLoader:240 - Cannot read IP mode file for STMicroelectronics.X-CUBE-WB05N.2.0.0
2025-12-28 18:23:26,244 [WARN] PackLoader:240 - Cannot read IP mode file for wolfSSL.I-CUBE-wolfTPM.3.8.0
2025-12-28 18:23:26,246 [WARN] PackLoader:240 - Cannot read IP mode file for STMicroelectronics.X-CUBE-TCPP.4.2.0
2025-12-28 18:23:26,248 [WARN] PackLoader:240 - Cannot read IP mode file for RealThread.X-CUBE-RT-Thread_Nano.4.1.1
2025-12-28 18:23:26,249 [WARN] PackLoader:240 - Cannot read IP mode file for STMicroelectronics.FP-ATR-SIGFOX1.3.2.0
2025-12-28 18:23:26,251 [WARN] PackLoader:240 - Cannot read IP mode file for ITTIA_DB.I-CUBE-ITTIADB.8.9.0
2025-12-28 18:23:26,252 [WARN] PackLoader:240 - Cannot read IP mode file for STMicroelectronics.X-CUBE-AI.10.2.0
2025-12-28 18:23:26,261 [WARN] PackLoader:240 - Cannot read IP mode file for SEGGER.I-CUBE-embOS.1.3.1
2025-12-28 18:23:26,274 [WARN] PackLoader:240 - Cannot read IP mode file for STMicroelectronics.X-CUBE-ALGOBUILD.1.4.0
2025-12-28 18:23:26,289 [WARN] PackLoader:240 - Cannot read IP mode file for STMicroelectronics.X-CUBE-MEMS1.11.3.0
2025-12-28 18:23:26,324 [WARN] PackLoader:240 - Cannot read IP mode file for STMicroelectronics.X-CUBE-PM33A1.1.0.0
2025-12-28 18:23:26,330 [WARN] PackLoader:240 - Cannot read IP mode file for STMicroelectronics.X-CUBE-AZRTOS-F4.1.1.0
2025-12-28 18:23:26,332 [WARN] PackLoader:240 - Cannot read IP mode file for STMicroelectronics.X-CUBE-ISPU.2.1.0
2025-12-28 18:23:26,336 [WARN] PackLoader:240 - Cannot read IP mode file for STMicroelectronics.X-CUBE-IPS.3.2.0
2025-12-28 18:23:26,340 [WARN] PackLoader:240 - Cannot read IP mode file for STMicroelectronics.X-CUBE-NFC12.1.0.0
2025-12-28 18:23:26,345 [WARN] PackLoader:240 - Cannot read IP mode file for STMicroelectronics.X-CUBE-AZRTOS-L5.2.0.0
2025-12-28 18:23:26,348 [WARN] PackLoader:240 - Cannot read IP mode file for STMicroelectronics.X-CUBE-NFC6.3.1.0
2025-12-28 18:23:26,351 [WARN] PackLoader:240 - Cannot read IP mode file for STMicroelectronics.X-CUBE-FREERTOS.1.3.1
2025-12-28 18:23:26,365 [WARN] PackLoader:240 - Cannot read IP mode file for STMicroelectronics.X-CUBE-TOUCHGFX.4.26.0
2025-12-28 18:23:26,366 [WARN] PackLoader:240 - Cannot read IP mode file for STMicroelectronics.FP-SNS-STAIOTCFT.1.0.0
2025-12-28 18:23:26,367 [WARN] PackLoader:240 - Cannot read IP mode file for STMicroelectronics.X-CUBE-DPower.1.3.0
2025-12-28 18:23:26,372 [WARN] ConditionMgr:438 - getConditionDescription Invalid condition id : LAN8742 Phy interface Condition cause : null
2025-12-28 18:23:26,377 [WARN] PackLoader:240 - Cannot read IP mode file for STMicroelectronics.X-CUBE-AZRTOS-L4.2.0.0
2025-12-28 18:23:26,378 [WARN] ConditionMgr:1044 - genDependencies : Invalid condition id : LAN8742 Phy interface Condition cause : null
2025-12-28 18:23:26,378 [WARN] ConditionMgr:1044 - genDependencies : Invalid condition id : LAN8742 Phy interface Condition cause : null
2025-12-28 18:23:26,378 [WARN] ConditionMgr:1044 - genDependencies : Invalid condition id : LAN8742 Phy interface Condition cause : null
2025-12-28 18:23:26,380 [WARN] PackLoader:240 - Cannot read IP mode file for STMicroelectronics.X-CUBE-SFXS2LP1.4.0.0
2025-12-28 18:23:26,383 [WARN] PackLoader:240 - Cannot read IP mode file for STMicroelectronics.X-CUBE-BLEMGR.4.1.0
2025-12-28 18:23:26,388 [WARN] ConditionMgr:438 - getConditionDescription Invalid condition id : UX DEVICE CLASS RTOS Condition cause : null
2025-12-28 18:23:26,388 [WARN] ConditionMgr:438 - getConditionDescription Invalid condition id : UX DEVICE CLASS RTOS Condition cause : null
2025-12-28 18:23:26,388 [WARN] PackLoader:240 - Cannot read IP mode file for STMicroelectronics.X-CUBE-AZRTOS-WB.2.0.0
2025-12-28 18:23:26,388 [WARN] ConditionMgr:1044 - genDependencies : Invalid condition id : UX DEVICE CLASS RTOS Condition cause : null
2025-12-28 18:23:26,388 [WARN] ConditionMgr:1044 - genDependencies : Invalid condition id : UX DEVICE CLASS RTOS Condition cause : null
2025-12-28 18:23:26,389 [WARN] ConditionMgr:1044 - genDependencies : Invalid condition id : UX DEVICE CLASS RTOS Condition cause : null
2025-12-28 18:23:26,389 [WARN] ConditionMgr:1044 - genDependencies : Invalid condition id : UX DEVICE CLASS RTOS Condition cause : null
2025-12-28 18:23:26,389 [WARN] ConditionMgr:1044 - genDependencies : Invalid condition id : UX DEVICE CLASS RTOS Condition cause : null
2025-12-28 18:23:26,390 [WARN] ConditionMgr:438 - getConditionDescription Invalid condition id : Cortex-A Device cause : null
2025-12-28 18:23:26,391 [WARN] ConditionMgr:1044 - genDependencies : Invalid condition id : Cortex-A Device cause : null
2025-12-28 18:23:26,391 [WARN] ConditionMgr:1044 - genDependencies : Invalid condition id : Cortex-A Device cause : null
2025-12-28 18:23:26,391 [WARN] ConditionMgr:1044 - genDependencies : Invalid condition id : Cortex-A Device cause : null
2025-12-28 18:23:26,394 [WARN] PackLoader:240 - Cannot read IP mode file for STMicroelectronics.X-CUBE-SUBG2.5.0.0
2025-12-28 18:23:26,400 [WARN] PackLoader:240 - Cannot read IP mode file for STMicroelectronics.X-CUBE-AZRTOS-H7RS.1.1.0
2025-12-28 18:23:26,404 [WARN] PackLoader:240 - Cannot read IP mode file for STMicroelectronics.X-CUBE-AZRTOS-G4.2.0.0
2025-12-28 18:23:26,406 [WARN] PackLoader:240 - Cannot read IP mode file for wolfSSL.I-CUBE-wolfSSH.1.4.20
2025-12-28 18:23:26,407 [WARN] PackLoader:240 - Cannot read IP mode file for STMicroelectronics.X-CUBE-NFC7.2.0.0
2025-12-28 18:23:26,408 [WARN] PackLoader:240 - Cannot read IP mode file for STMicroelectronics.X-CUBE-ALS.1.0.2
2025-12-28 18:23:26,410 [WARN] PackLoader:240 - Cannot read IP mode file for STMicroelectronics.X-CUBE-STSE01.1.0.0
2025-12-28 18:23:26,413 [WARN] PackLoader:240 - Cannot read IP mode file for STMicroelectronics.X-CUBE-TOF1.3.4.3
2025-12-28 18:23:26,415 [INFO] ThirdParty:978 - Integrity check success = true
2025-12-28 18:23:26,415 [INFO] IntegrityCheckThread:100 - exiting critical section [integrity check]
2025-12-28 18:23:26,415 [INFO] IntegrityCheckThread:103 - End integrity checks thread
2025-12-28 18:27:03,293 [INFO] Activator:176 - 


2025-12-28 18:27:03,294 [INFO] Activator:177 - !SESSION log4j initialized
2025-12-28 18:27:04,001 [INFO] ApplicationProperties:184 - Using Application install path: /opt/st/stm32cubeide_1.19.0/plugins/com.st.stm32cube.common.mx_6.15.0.202507011659
2025-12-28 18:27:04,011 [INFO] DbMcusXml:78 - Set database path to: /opt/st/stm32cubeide_1.19.0/plugins/com.st.stm32cube.common.mx_6.15.0.202507011659//db//mcu/
2025-12-28 18:27:04,011 [INFO] ApiDb:274 - Set plugin database path to: /opt/st/stm32cubeide_1.19.0/plugins/com.st.stm32cube.common.mx_6.15.0.202507011659//db//plugins/boardmanager/
2025-12-28 18:27:04,011 [WARN] ApiDb:259 - Overriding images path with different value:  => /opt/st/stm32cubeide_1.19.0/plugins/com.st.stm32cube.common.mx_6.15.0.202507011659//db//plugins/mcufinder/images/
2025-12-28 18:27:04,015 [INFO] ApiDb:250 - Set database path to: /home/lucasnascimento/.stmcufinder/plugins/mcufinder//mcu/
2025-12-28 18:27:04,016 [INFO] DbMcusAds:125 - Set database path to: /home/lucasnascimento/.stmcufinder/plugins/mcufinder//mcu/
2025-12-28 18:27:04,080 [INFO] CrossReferenceDbSqlite:203 - Set database path to: /home/lucasnascimento/.stmcufinder/plugins/mcufinder//mcu/cs/
2025-12-28 18:27:04,122 [INFO] RulesReader:64 - Compatibility file has been processed (317 Rules)
2025-12-28 18:27:04,152 [INFO] DbMcusXml:78 - Set database path to: /opt/st/stm32cubeide_1.19.0/plugins/com.st.stm32cube.common.mx_6.15.0.202507011659//db//mcu/
2025-12-28 18:27:04,153 [INFO] ApiDb:274 - Set plugin database path to: /opt/st/stm32cubeide_1.19.0/plugins/com.st.stm32cube.common.mx_6.15.0.202507011659//db//plugins/boardmanager/
2025-12-28 18:27:04,153 [INFO] ApiDb:261 - Set plugin images path to: /opt/st/stm32cubeide_1.19.0/plugins/com.st.stm32cube.common.mx_6.15.0.202507011659//db//plugins/mcufinder/images/
2025-12-28 18:27:04,153 [WARN] DbFile:41 - Overriding database path with different value: /home/lucasnascimento/.stmcufinder/plugins/mcufinder/ => /home/lucasnascimento/.stmcufinder/plugins/mcufinder
2025-12-28 18:27:04,153 [INFO] ApiDb:250 - Set database path to: /home/lucasnascimento/.stmcufinder/plugins/mcufinder//mcu/
2025-12-28 18:27:04,153 [WARN] DbFile:41 - Overriding database path with different value: /home/lucasnascimento/.stmcufinder/plugins/mcufinder/ => /home/lucasnascimento/.stmcufinder/plugins/mcufinder
2025-12-28 18:27:04,153 [INFO] DbMcusAds:125 - Set database path to: /home/lucasnascimento/.stmcufinder/plugins/mcufinder//mcu/
2025-12-28 18:27:04,153 [WARN] DbFile:41 - Overriding database path with different value: /home/lucasnascimento/.stmcufinder/plugins/mcufinder/ => /home/lucasnascimento/.stmcufinder/plugins/mcufinder
2025-12-28 18:27:04,153 [WARN] DbFile:41 - Overriding database path with different value: /home/lucasnascimento/.stmcufinder/plugins/mcufinder/ => /home/lucasnascimento/.stmcufinder/plugins/mcufinder
2025-12-28 18:27:04,153 [INFO] CrossReferenceDbSqlite:203 - Set database path to: /home/lucasnascimento/.stmcufinder/plugins/mcufinder//mcu/cs/
2025-12-28 18:27:04,183 [INFO] MainPanel:274 - HeapMemory: 268435456
2025-12-28 18:27:04,243 [INFO] DbMcusXml:78 - Set database path to: /opt/st/stm32cubeide_1.19.0/plugins/com.st.stm32cube.common.mx_6.15.0.202507011659//db//mcu/
2025-12-28 18:27:04,243 [INFO] ApiDb:274 - Set plugin database path to: /opt/st/stm32cubeide_1.19.0/plugins/com.st.stm32cube.common.mx_6.15.0.202507011659//db//plugins/boardmanager/
2025-12-28 18:27:04,243 [INFO] ApiDb:261 - Set plugin images path to: /opt/st/stm32cubeide_1.19.0/plugins/com.st.stm32cube.common.mx_6.15.0.202507011659//db//plugins/mcufinder/images/
2025-12-28 18:27:04,243 [WARN] DbFile:41 - Overriding database path with different value: /home/lucasnascimento/.stmcufinder/plugins/mcufinder/ => /home/lucasnascimento/.stmcufinder/plugins/mcufinder
2025-12-28 18:27:04,243 [INFO] ApiDb:250 - Set database path to: /home/lucasnascimento/.stmcufinder/plugins/mcufinder//mcu/
2025-12-28 18:27:04,243 [WARN] DbFile:41 - Overriding database path with different value: /home/lucasnascimento/.stmcufinder/plugins/mcufinder/ => /home/lucasnascimento/.stmcufinder/plugins/mcufinder
2025-12-28 18:27:04,243 [INFO] DbMcusAds:125 - Set database path to: /home/lucasnascimento/.stmcufinder/plugins/mcufinder//mcu/
2025-12-28 18:27:04,243 [WARN] DbFile:41 - Overriding database path with different value: /home/lucasnascimento/.stmcufinder/plugins/mcufinder/ => /home/lucasnascimento/.stmcufinder/plugins/mcufinder
2025-12-28 18:27:04,243 [WARN] DbFile:41 - Overriding database path with different value: /home/lucasnascimento/.stmcufinder/plugins/mcufinder/ => /home/lucasnascimento/.stmcufinder/plugins/mcufinder
2025-12-28 18:27:04,243 [INFO] CrossReferenceDbSqlite:203 - Set database path to: /home/lucasnascimento/.stmcufinder/plugins/mcufinder//mcu/cs/
2025-12-28 18:27:04,249 [INFO] ApplicationProperties:184 - Using Application install path: /opt/st/stm32cubeide_1.19.0/plugins/com.st.stm32cube.common.mx_6.15.0.202507011659
2025-12-28 18:27:04,250 [INFO] PluginManage:196 - Search for loadable plugins [exclusion list=, ]
2025-12-28 18:27:04,250 [INFO] PluginManage:310 - Check plugin analytics
2025-12-28 18:27:04,429 [INFO] AnalyticsPlugin:253 - Accepted Software Licenses: 
2025-12-28 18:27:04,429 [INFO] AnalyticsPlugin:255 - Accepted CMSIS Pack Licenses: STMicroelectronics.X-CUBE-FREERTOS.1.3.1,EmbeddedOffice.I-CUBE-FS-RTOS.1.0.1
2025-12-28 18:27:04,429 [INFO] AnalyticsPlugin:257 - Accepted Firmware Licenses: FW.H5.1.5.0
2025-12-28 18:27:04,430 [INFO] PluginManage:359 - Loaded plugin analytics (category:tool,tabindex:-1)
2025-12-28 18:27:04,430 [INFO] PluginManage:310 - Check plugin cadmodel
2025-12-28 18:27:04,433 [INFO] CADModel:105 - Init CAD model plugin
2025-12-28 18:27:04,433 [INFO] PluginManage:359 - Loaded plugin cadmodel (category:power,tabindex:5)
2025-12-28 18:27:04,433 [INFO] PluginManage:310 - Check plugin clock
2025-12-28 18:27:04,438 [INFO] PluginManage:359 - Loaded plugin clock (category:base,tabindex:2)
2025-12-28 18:27:04,438 [INFO] PluginManage:310 - Check plugin ddr
2025-12-28 18:27:04,439 [INFO] PluginManage:359 - Loaded plugin ddr (category:tool,tabindex:6)
2025-12-28 18:27:04,439 [INFO] PluginManage:310 - Check plugin filemanager
2025-12-28 18:27:04,505 [INFO] PluginManage:359 - Loaded plugin filemanager (category:base,tabindex:10)
2025-12-28 18:27:04,505 [INFO] PluginManage:310 - Check plugin ipmanager
2025-12-28 18:27:04,508 [INFO] PluginManage:359 - Loaded plugin ipmanager (category:base,tabindex:5)
2025-12-28 18:27:04,508 [INFO] PluginManage:310 - Check plugin lpbam
2025-12-28 18:27:04,513 [INFO] PluginManage:359 - Loaded plugin lpbam (category:base,tabindex:0)
2025-12-28 18:27:04,513 [INFO] PluginManage:310 - Check plugin memorymap
2025-12-28 18:27:04,518 [INFO] PluginManage:359 - Loaded plugin memorymap (category:base,tabindex:4)
2025-12-28 18:27:04,518 [INFO] PluginManage:310 - Check plugin pinoutandconfiguration
2025-12-28 18:27:04,522 [INFO] PluginManage:359 - Loaded plugin pinoutandconfiguration (category:base,tabindex:1)
2025-12-28 18:27:04,522 [INFO] PluginManage:310 - Check plugin pinoutconfig
2025-12-28 18:27:04,559 [WARN] SupportedApi:132 - Cannot load RTOS API schema: s4s-elt-must-match.1: The content of 'definitions' must match (annotation?, (simpleType | complexType)?, (unique | key | keyref)*)). A problem was found starting at: attribute.
2025-12-28 18:27:04,609 [INFO] PluginManage:359 - Loaded plugin pinoutconfig (category:base,tabindex:0)
2025-12-28 18:27:04,609 [INFO] PluginManage:310 - Check plugin power
2025-12-28 18:27:04,614 [INFO] PluginManage:359 - Loaded plugin power (category:power,tabindex:4)
2025-12-28 18:27:04,614 [INFO] PluginManage:310 - Check plugin projectmanager
2025-12-28 18:27:04,620 [INFO] PluginManage:359 - Loaded plugin projectmanager (category:projectmanager,tabindex:4)
2025-12-28 18:27:04,620 [INFO] PluginManage:310 - Check plugin rif
2025-12-28 18:27:04,625 [INFO] PluginManage:359 - Loaded plugin rif (category:base,tabindex:3)
2025-12-28 18:27:04,625 [INFO] PluginManage:310 - Check plugin thirdparty
2025-12-28 18:27:04,673 [INFO] PluginManage:359 - Loaded plugin thirdparty (category:base,tabindex:-1)
2025-12-28 18:27:04,673 [WARN] IntegrityCheckThread:84 - waiting for thirdparty lock release [integrity check]
2025-12-28 18:27:04,673 [INFO] PluginManage:310 - Check plugin tools
2025-12-28 18:27:04,673 [INFO] IntegrityCheckThread:86 - entering critical section [integrity check]
2025-12-28 18:27:04,674 [INFO] ThirdPartyUpdaterWithRetryManager:70 - Updater plugin not ready yet. [1/15]
2025-12-28 18:27:04,675 [INFO] PluginManage:359 - Loaded plugin tools (category:base,tabindex:7)
2025-12-28 18:27:04,675 [INFO] PluginManage:310 - Check plugin tutovideos
2025-12-28 18:27:04,783 [INFO] PluginManage:359 - Loaded plugin tutovideos (category:base,tabindex:-1)
2025-12-28 18:27:04,783 [INFO] PluginManage:310 - Check plugin updater
2025-12-28 18:27:04,796 [INFO] PluginManage:359 - Loaded plugin updater (category:base,tabindex:12)
2025-12-28 18:27:04,796 [INFO] PluginManage:310 - Check plugin userauth
2025-12-28 18:27:04,798 [INFO] UserAuth:118 - Init User Auth plugin
2025-12-28 18:27:04,798 [INFO] PluginManage:359 - Loaded plugin userauth (category:base,tabindex:14)
2025-12-28 18:27:04,798 [INFO] PluginManage:283 - PluginManage : Loaded plugins [18]
2025-12-28 18:27:04,875 [INFO] PinOutPanel:1589 - setPackage(No Configuration,No Configuration)
2025-12-28 18:27:04,907 [INFO] CADModel:165 - CPN selected for project level
2025-12-28 18:27:04,907 [INFO] CADModel:114 - Register for checkConnection events
2025-12-28 18:27:04,914 [INFO] IPUIPlugin:80 - create IPUIPlugin
2025-12-28 18:27:04,914 [INFO] PluginManager:220 - loadIPPluginJar : add i3c
2025-12-28 18:27:04,918 [INFO] IPUIPlugin:80 - create IPUIPlugin
2025-12-28 18:27:04,918 [INFO] PluginManager:220 - loadIPPluginJar : add stm32_wpan
2025-12-28 18:27:04,920 [INFO] IPUIPlugin:80 - create IPUIPlugin
2025-12-28 18:27:04,921 [INFO] PluginManager:220 - loadIPPluginJar : add ipddr
2025-12-28 18:27:04,921 [INFO] IPUIPlugin:80 - create IPUIPlugin
2025-12-28 18:27:04,921 [INFO] PluginManager:220 - loadIPPluginJar : add quadspi
2025-12-28 18:27:04,922 [INFO] IPUIPlugin:80 - create IPUIPlugin
2025-12-28 18:27:04,922 [INFO] PluginManager:220 - loadIPPluginJar : add hash
2025-12-28 18:27:04,923 [INFO] IPUIPlugin:80 - create IPUIPlugin
2025-12-28 18:27:04,923 [INFO] PluginManager:220 - loadIPPluginJar : add openamp
2025-12-28 18:27:04,947 [INFO] IPUIPlugin:80 - create IPUIPlugin
2025-12-28 18:27:04,947 [INFO] PluginManager:220 - loadIPPluginJar : add fmc
2025-12-28 18:27:04,947 [INFO] IPUIPlugin:80 - create IPUIPlugin
2025-12-28 18:27:04,948 [INFO] PluginManager:220 - loadIPPluginJar : add aes
2025-12-28 18:27:04,948 [INFO] IPUIPlugin:80 - create IPUIPlugin
2025-12-28 18:27:04,948 [INFO] PluginManager:220 - loadIPPluginJar : add ucpd
2025-12-28 18:27:04,949 [INFO] IPUIPlugin:80 - create IPUIPlugin
2025-12-28 18:27:04,949 [INFO] PluginManager:220 - loadIPPluginJar : add gfxmmu
2025-12-28 18:27:04,950 [INFO] IPUIPlugin:80 - create IPUIPlugin
2025-12-28 18:27:04,950 [INFO] PluginManager:220 - loadIPPluginJar : add tim
2025-12-28 18:27:04,951 [INFO] IPUIPlugin:80 - create IPUIPlugin
2025-12-28 18:27:04,951 [INFO] PluginManager:220 - loadIPPluginJar : add dfsdm
2025-12-28 18:27:04,952 [INFO] IPUIPlugin:80 - create IPUIPlugin
2025-12-28 18:27:04,952 [INFO] PluginManager:220 - loadIPPluginJar : add sai
2025-12-28 18:27:04,953 [INFO] IPUIPlugin:80 - create IPUIPlugin
2025-12-28 18:27:04,954 [INFO] PluginManager:220 - loadIPPluginJar : add radio
2025-12-28 18:27:04,955 [INFO] IPUIPlugin:80 - create IPUIPlugin
2025-12-28 18:27:04,955 [INFO] PluginManager:220 - loadIPPluginJar : add can
2025-12-28 18:27:04,957 [INFO] IPUIPlugin:80 - create IPUIPlugin
2025-12-28 18:27:04,957 [INFO] PluginManager:220 - loadIPPluginJar : add gpio
2025-12-28 18:27:04,958 [INFO] IPUIPlugin:80 - create IPUIPlugin
2025-12-28 18:27:04,958 [INFO] PluginManager:220 - loadIPPluginJar : add extmemmanager
2025-12-28 18:27:04,962 [INFO] IPUIPlugin:80 - create IPUIPlugin
2025-12-28 18:27:04,962 [INFO] PluginManager:220 - loadIPPluginJar : add linkedlist
2025-12-28 18:27:04,965 [INFO] IPUIPlugin:80 - create IPUIPlugin
2025-12-28 18:27:04,966 [INFO] PluginManager:220 - loadIPPluginJar : add plateformsettings
2025-12-28 18:27:04,969 [INFO] IPUIPlugin:80 - create IPUIPlugin
2025-12-28 18:27:04,969 [INFO] PluginManager:220 - loadIPPluginJar : add adc
2025-12-28 18:27:04,969 [INFO] IPUIPlugin:80 - create IPUIPlugin
2025-12-28 18:27:04,969 [INFO] PluginManager:220 - loadIPPluginJar : add spi
2025-12-28 18:27:04,972 [INFO] IPUIPlugin:80 - create IPUIPlugin
2025-12-28 18:27:04,972 [INFO] PluginManager:220 - loadIPPluginJar : add gic
2025-12-28 18:27:04,973 [INFO] IPUIPlugin:80 - create IPUIPlugin
2025-12-28 18:27:04,974 [INFO] PluginManager:220 - loadIPPluginJar : add nvic
2025-12-28 18:27:04,976 [INFO] IPUIPlugin:80 - create IPUIPlugin
2025-12-28 18:27:04,977 [INFO] PluginManager:220 - loadIPPluginJar : add dma
2025-12-28 18:27:04,979 [INFO] IPUIPlugin:80 - create IPUIPlugin
2025-12-28 18:27:04,979 [INFO] PluginManager:220 - loadIPPluginJar : add ddr_ctrl_phy
2025-12-28 18:27:04,979 [INFO] IPUIPlugin:80 - create IPUIPlugin
2025-12-28 18:27:04,979 [INFO] PluginManager:220 - loadIPPluginJar : add tracer_emb
2025-12-28 18:27:04,980 [INFO] IPUIPlugin:80 - create IPUIPlugin
2025-12-28 18:27:04,980 [INFO] PluginManager:220 - loadIPPluginJar : add lorawan
2025-12-28 18:27:04,982 [INFO] IPUIPlugin:80 - create IPUIPlugin
2025-12-28 18:27:04,982 [INFO] PluginManager:220 - loadIPPluginJar : add usbx
2025-12-28 18:27:04,982 [INFO] IPUIPlugin:80 - create IPUIPlugin
2025-12-28 18:27:04,982 [INFO] PluginManager:220 - loadIPPluginJar : add ltdc
2025-12-28 18:27:04,983 [INFO] IPUIPlugin:80 - create IPUIPlugin
2025-12-28 18:27:04,983 [INFO] PluginManager:220 - loadIPPluginJar : add pdm2pcm
2025-12-28 18:27:04,984 [INFO] IPUIPlugin:80 - create IPUIPlugin
2025-12-28 18:27:04,984 [INFO] PluginManager:220 - loadIPPluginJar : add cryp
2025-12-28 18:27:04,985 [INFO] IPUIPlugin:80 - create IPUIPlugin
2025-12-28 18:27:04,985 [INFO] PluginManager:220 - loadIPPluginJar : add ts
2025-12-28 18:27:04,985 [INFO] IPUIPlugin:80 - create IPUIPlugin
2025-12-28 18:27:04,985 [INFO] PluginManager:220 - loadIPPluginJar : add fatfs
2025-12-28 18:27:04,986 [INFO] IPUIPlugin:80 - create IPUIPlugin
2025-12-28 18:27:04,986 [INFO] PluginManager:220 - loadIPPluginJar : add opamp
2025-12-28 18:27:04,987 [INFO] IPUIPlugin:80 - create IPUIPlugin
2025-12-28 18:27:04,987 [INFO] PluginManager:220 - loadIPPluginJar : add comp
2025-12-28 18:27:04,988 [INFO] IPUIPlugin:80 - create IPUIPlugin
2025-12-28 18:27:04,988 [INFO] PluginManager:220 - loadIPPluginJar : add resmgrutility
2025-12-28 18:27:04,990 [INFO] IPUIPlugin:80 - create IPUIPlugin
2025-12-28 18:27:04,990 [INFO] PluginManager:220 - loadIPPluginJar : add gtzc
2025-12-28 18:27:04,992 [INFO] IPUIPlugin:80 - create IPUIPlugin
2025-12-28 18:27:04,992 [INFO] PluginManager:220 - loadIPPluginJar : add mdma
2025-12-28 18:27:04,993 [INFO] IPUIPlugin:80 - create IPUIPlugin
2025-12-28 18:27:04,993 [INFO] PluginManager:220 - loadIPPluginJar : add genericplugin
2025-12-28 18:27:04,993 [INFO] IPUIPlugin:80 - create IPUIPlugin
2025-12-28 18:27:04,993 [INFO] PluginManager:220 - loadIPPluginJar : add tsc
2025-12-28 18:27:04,994 [INFO] IPUIPlugin:80 - create IPUIPlugin
2025-12-28 18:27:04,994 [INFO] PluginManager:220 - loadIPPluginJar : add i2c
2025-12-28 18:27:04,996 [INFO] IPUIPlugin:80 - create IPUIPlugin
2025-12-28 18:27:04,996 [INFO] PluginManager:220 - loadIPPluginJar : add touchsensing
2025-12-28 18:27:04,999 [INFO] IPUIPlugin:80 - create IPUIPlugin
2025-12-28 18:27:04,999 [INFO] PluginManager:220 - loadIPPluginJar : add freertos
2025-12-28 18:27:05,000 [INFO] IPUIPlugin:80 - create IPUIPlugin
2025-12-28 18:27:05,000 [INFO] PluginManager:220 - loadIPPluginJar : add dma3
2025-12-28 18:27:05,001 [INFO] IPUIPlugin:80 - create IPUIPlugin
2025-12-28 18:27:05,001 [INFO] PluginManager:220 - loadIPPluginJar : add usart
2025-12-28 18:27:05,001 [INFO] IPUIPlugin:80 - create IPUIPlugin
2025-12-28 18:27:05,001 [INFO] PluginManager:220 - loadIPPluginJar : add i2s
2025-12-28 18:27:05,086 [FATAL] Updater:351 - Updater called before beeing initialized
2025-12-28 18:27:05,097 [INFO] RulesReader:64 - Compatibility file has been processed (317 Rules)
2025-12-28 18:27:05,100 [INFO] RulesReader:64 - Compatibility file has been processed (317 Rules)
2025-12-28 18:27:05,103 [INFO] CADModel:165 - CPN selected for project level
2025-12-28 18:27:05,103 [INFO] CADModel:114 - Register for checkConnection events
2025-12-28 18:27:05,103 [FATAL] Updater:351 - Updater called before beeing initialized
2025-12-28 18:27:05,103 [ERROR] CADModel:125 - Updater not yet initialized, retry later 
2025-12-28 18:27:05,157 [FATAL] Updater:351 - Updater called before beeing initialized
2025-12-28 18:27:05,158 [INFO] CADModel:165 - CPN selected for project level
2025-12-28 18:27:05,158 [INFO] CADModel:114 - Register for checkConnection events
2025-12-28 18:27:05,158 [FATAL] Updater:351 - Updater called before beeing initialized
2025-12-28 18:27:05,158 [ERROR] CADModel:125 - Updater not yet initialized, retry later 
2025-12-28 18:27:05,159 [FATAL] Updater:351 - Updater called before beeing initialized
2025-12-28 18:27:05,190 [FATAL] Updater:351 - Updater called before beeing initialized
2025-12-28 18:27:05,192 [INFO] DbMcusAds:53 - JSON generation date=Fri Dec 05 04:13:14 EST 2025 (1764925994495)
2025-12-28 18:27:05,192 [FATAL] Updater:351 - Updater called before beeing initialized
2025-12-28 18:27:05,207 [WARN] DetailPanel:346 - Failed to get advertising image, set to default
2025-12-28 18:27:05,240 [FATAL] Updater:351 - Updater called before beeing initialized
2025-12-28 18:27:05,242 [FATAL] Updater:351 - Updater called before beeing initialized
2025-12-28 18:27:05,242 [FATAL] Updater:351 - Updater called before beeing initialized
2025-12-28 18:27:05,242 [WARN] DetailPanel:346 - Failed to get advertising image, set to default
2025-12-28 18:27:05,242 [FATAL] Updater:351 - Updater called before beeing initialized
2025-12-28 18:27:05,256 [ERROR] Updater:1198 - MainUpdater not yet initialized. External WinMGr cannot be set.
2025-12-28 18:27:05,257 [INFO] Updater:1134 - Updater Version found : 6.15.0
2025-12-28 18:27:05,268 [INFO] ApplicationProperties:184 - Using Application install path: /opt/st/stm32cubeide_1.19.0/plugins/com.st.stm32cube.common.mx_6.15.0.202507011659
2025-12-28 18:27:05,431 [INFO] MainUpdater:2872 - connection check result : 10
2025-12-28 18:27:05,432 [INFO] MainUpdater:289 - Updater Check For Update Now.
2025-12-28 18:27:05,432 [INFO] MicroXplorer:498 - Change Database Version : DB.6.0.150
2025-12-28 18:27:05,567 [INFO] CheckServerUpdateThread:120 - End of CheckServer Thread
2025-12-28 18:27:05,639 [INFO] MainUpdater:2872 - connection check result : 10
2025-12-28 18:27:05,643 [INFO] MainUpdater:2872 - connection check result : 10
2025-12-28 18:27:07,750 [WARN] PackLoader:240 - Cannot read IP mode file for STMicroelectronics.FP-SNS-MOTENVWB1.1.4.0
2025-12-28 18:27:07,754 [WARN] PackLoader:240 - Cannot read IP mode file for STMicroelectronics.FP-ATR-ASTRA1.2.0.2
2025-12-28 18:27:07,757 [WARN] PackLoader:240 - Cannot read IP mode file for STMicroelectronics.X-CUBE-SMBUS.2.1.0
2025-12-28 18:27:07,768 [WARN] PackLoader:240 - Cannot read IP mode file for STMicroelectronics.X-CUBE-AZRTOS-F7.1.1.0
2025-12-28 18:27:07,772 [WARN] PackLoader:240 - Cannot read IP mode file for Cesanta.I-CUBE-Mongoose.7.19.0
2025-12-28 18:27:07,774 [WARN] PackLoader:240 - Cannot read IP mode file for STMicroelectronics.FP-SNS-MOTENV1.5.1.0
2025-12-28 18:27:07,778 [WARN] PackLoader:240 - Cannot read IP mode file for WES.I-CUBE-Cesium.1.4.0
2025-12-28 18:27:07,787 [WARN] PackLoader:240 - Cannot read IP mode file for Infineon.AIROC-Wi-Fi-Bluetooth-STM32.1.7.1
2025-12-28 18:27:07,799 [WARN] PackLoader:240 - Cannot read IP mode file for STMicroelectronics.X-CUBE-AZRTOS-H7.3.4.0
2025-12-28 18:27:07,804 [WARN] PackLoader:240 - Cannot read IP mode file for STMicroelectronics.X-CUBE-DISPLAY.3.0.0
2025-12-28 18:27:07,817 [WARN] PackLoader:240 - Cannot read IP mode file for STMicroelectronics.X-CUBE-NFC10.1.0.0
2025-12-28 18:27:07,819 [WARN] PackLoader:240 - Cannot read IP mode file for STMicroelectronics.X-CUBE-ST60.1.1.0
2025-12-28 18:27:07,822 [WARN] PackLoader:240 - Cannot read IP mode file for emotas.I-CUBE-CANOPEN.1.3.0
2025-12-28 18:27:07,824 [WARN] PackLoader:240 - Cannot read IP mode file for STMicroelectronics.X-CUBE-GNSS1.7.1.0
2025-12-28 18:27:07,827 [WARN] PackLoader:240 - Cannot read IP mode file for STMicroelectronics.FP-SNS-STBOX1.2.1.0
2025-12-28 18:27:07,829 [WARN] PackLoader:240 - Cannot read IP mode file for STMicroelectronics.FP-SNS-SMARTAG2.1.2.0
2025-12-28 18:27:07,831 [WARN] PackLoader:240 - Cannot read IP mode file for STMicroelectronics.FP-SNS-FLIGHT1.5.1.0
2025-12-28 18:27:07,834 [INFO] LogOutputStream:77 - [STDOUT_REDIRECT] 1 : Invalid condition id : UX_CORESTACK_Condition cause : null
2025-12-28 18:27:07,834 [INFO] LogOutputStream:77 - [STDOUT_REDIRECT] 1 : Invalid condition id : UX_CORESTACK_Condition cause : null
2025-12-28 18:27:07,834 [INFO] LogOutputStream:77 - [STDOUT_REDIRECT] 1 : Invalid condition id : UX_CORESTACK_Condition cause : null
2025-12-28 18:27:07,835 [INFO] LogOutputStream:77 - [STDOUT_REDIRECT] 1 : Invalid condition id : UX_CORESTACK_Condition cause : null
2025-12-28 18:27:07,835 [INFO] LogOutputStream:77 - [STDOUT_REDIRECT] 1 : Invalid condition id : UX_CORESTACK_Condition cause : null
2025-12-28 18:27:07,836 [WARN] PackLoader:240 - Cannot read IP mode file for STMicroelectronics.X-CUBE-AZRTOS-WL.2.0.0
2025-12-28 18:27:07,843 [WARN] PackLoader:240 - Cannot read IP mode file for STMicroelectronics.X-CUBE-AZRTOS-H7RS.1.2.0
2025-12-28 18:27:07,846 [WARN] PackLoader:240 - Cannot read IP mode file for STMicroelectronics.X-CUBE-BLE2.3.3.0
2025-12-28 18:27:07,854 [WARN] PackLoader:240 - Cannot read IP mode file for STMicroelectronics.X-CUBE-NFC9.1.0.0
2025-12-28 18:27:07,856 [WARN] PackLoader:240 - Cannot read IP mode file for wolfSSL.I-CUBE-wolfSSL.5.8.2
2025-12-28 18:27:07,857 [WARN] PackLoader:240 - Cannot read IP mode file for STMicroelectronics.X-CUBE-BLE1.7.1.0
2025-12-28 18:27:07,858 [WARN] PackLoader:240 - Cannot read IP mode file for wolfSSL.I-CUBE-wolfMQTT.1.19.2
2025-12-28 18:27:07,860 [WARN] PackLoader:240 - Cannot read IP mode file for STMicroelectronics.X-CUBE-FREERTOS.1.4.0
2025-12-28 18:27:07,861 [WARN] PackLoader:240 - Cannot read IP mode file for STMicroelectronics.X-CUBE-EEPRMA1.5.2.0
2025-12-28 18:27:07,863 [WARN] PackLoader:240 - Cannot read IP mode file for STMicroelectronics.X-CUBE-ST67W61.1.1.0
2025-12-28 18:27:07,876 [WARN] PackLoader:240 - Cannot read IP mode file for STMicroelectronics.X-CUBE-MEMS1.12.0.0
2025-12-28 18:27:07,906 [WARN] PackLoader:240 - Cannot read IP mode file for STMicroelectronics.X-CUBE-AZRTOS-G0.1.1.0
2025-12-28 18:27:07,908 [WARN] PackLoader:240 - Cannot read IP mode file for STMicroelectronics.X-CUBE-NFC4.3.0.0
2025-12-28 18:27:07,915 [WARN] PackLoader:240 - Cannot read IP mode file for EmbeddedOffice.I-CUBE-FS-RTOS.1.0.1
2025-12-28 18:27:07,940 [WARN] PackLoader:240 - Cannot read IP mode file for STMicroelectronics.X-CUBE-WB05N.2.0.0
2025-12-28 18:27:07,941 [WARN] PackLoader:240 - Cannot read IP mode file for wolfSSL.I-CUBE-wolfTPM.3.8.0
2025-12-28 18:27:07,943 [WARN] PackLoader:240 - Cannot read IP mode file for STMicroelectronics.X-CUBE-TCPP.4.2.0
2025-12-28 18:27:07,944 [WARN] PackLoader:240 - Cannot read IP mode file for RealThread.X-CUBE-RT-Thread_Nano.4.1.1
2025-12-28 18:27:07,945 [WARN] PackLoader:240 - Cannot read IP mode file for STMicroelectronics.FP-ATR-SIGFOX1.3.2.0
2025-12-28 18:27:07,946 [WARN] PackLoader:240 - Cannot read IP mode file for ITTIA_DB.I-CUBE-ITTIADB.8.9.0
2025-12-28 18:27:07,947 [WARN] PackLoader:240 - Cannot read IP mode file for STMicroelectronics.X-CUBE-AI.10.2.0
2025-12-28 18:27:07,954 [WARN] PackLoader:240 - Cannot read IP mode file for SEGGER.I-CUBE-embOS.1.3.1
2025-12-28 18:27:07,966 [WARN] PackLoader:240 - Cannot read IP mode file for STMicroelectronics.X-CUBE-ALGOBUILD.1.4.0
2025-12-28 18:27:07,978 [WARN] PackLoader:240 - Cannot read IP mode file for STMicroelectronics.X-CUBE-MEMS1.11.3.0
2025-12-28 18:27:08,015 [WARN] PackLoader:240 - Cannot read IP mode file for STMicroelectronics.X-CUBE-PM33A1.1.0.0
2025-12-28 18:27:08,031 [WARN] PackLoader:240 - Cannot read IP mode file for STMicroelectronics.X-CUBE-AZRTOS-F4.1.1.0
2025-12-28 18:27:08,035 [WARN] PackLoader:240 - Cannot read IP mode file for STMicroelectronics.X-CUBE-ISPU.2.1.0
2025-12-28 18:27:08,039 [WARN] PackLoader:240 - Cannot read IP mode file for STMicroelectronics.X-CUBE-IPS.3.2.0
2025-12-28 18:27:08,042 [WARN] PackLoader:240 - Cannot read IP mode file for STMicroelectronics.X-CUBE-NFC12.1.0.0
2025-12-28 18:27:08,047 [WARN] PackLoader:240 - Cannot read IP mode file for STMicroelectronics.X-CUBE-AZRTOS-L5.2.0.0
2025-12-28 18:27:08,050 [WARN] PackLoader:240 - Cannot read IP mode file for STMicroelectronics.X-CUBE-NFC6.3.1.0
2025-12-28 18:27:08,052 [WARN] PackLoader:240 - Cannot read IP mode file for STMicroelectronics.X-CUBE-FREERTOS.1.3.1
2025-12-28 18:27:08,066 [WARN] PackLoader:240 - Cannot read IP mode file for STMicroelectronics.X-CUBE-TOUCHGFX.4.26.0
2025-12-28 18:27:08,067 [WARN] PackLoader:240 - Cannot read IP mode file for STMicroelectronics.FP-SNS-STAIOTCFT.1.0.0
2025-12-28 18:27:08,069 [WARN] PackLoader:240 - Cannot read IP mode file for STMicroelectronics.X-CUBE-DPower.1.3.0
2025-12-28 18:27:08,074 [WARN] ConditionMgr:438 - getConditionDescription Invalid condition id : LAN8742 Phy interface Condition cause : null
2025-12-28 18:27:08,074 [WARN] PackLoader:240 - Cannot read IP mode file for STMicroelectronics.X-CUBE-AZRTOS-L4.2.0.0
2025-12-28 18:27:08,074 [WARN] ConditionMgr:1044 - genDependencies : Invalid condition id : LAN8742 Phy interface Condition cause : null
2025-12-28 18:27:08,074 [WARN] ConditionMgr:1044 - genDependencies : Invalid condition id : LAN8742 Phy interface Condition cause : null
2025-12-28 18:27:08,074 [WARN] ConditionMgr:1044 - genDependencies : Invalid condition id : LAN8742 Phy interface Condition cause : null
2025-12-28 18:27:08,076 [WARN] PackLoader:240 - Cannot read IP mode file for STMicroelectronics.X-CUBE-SFXS2LP1.4.0.0
2025-12-28 18:27:08,079 [WARN] PackLoader:240 - Cannot read IP mode file for STMicroelectronics.X-CUBE-BLEMGR.4.1.0
2025-12-28 18:27:08,083 [WARN] ConditionMgr:438 - getConditionDescription Invalid condition id : UX DEVICE CLASS RTOS Condition cause : null
2025-12-28 18:27:08,083 [WARN] ConditionMgr:438 - getConditionDescription Invalid condition id : UX DEVICE CLASS RTOS Condition cause : null
2025-12-28 18:27:08,084 [WARN] PackLoader:240 - Cannot read IP mode file for STMicroelectronics.X-CUBE-AZRTOS-WB.2.0.0
2025-12-28 18:27:08,084 [WARN] ConditionMgr:1044 - genDependencies : Invalid condition id : UX DEVICE CLASS RTOS Condition cause : null
2025-12-28 18:27:08,084 [WARN] ConditionMgr:1044 - genDependencies : Invalid condition id : UX DEVICE CLASS RTOS Condition cause : null
2025-12-28 18:27:08,084 [WARN] ConditionMgr:1044 - genDependencies : Invalid condition id : UX DEVICE CLASS RTOS Condition cause : null
2025-12-28 18:27:08,084 [WARN] ConditionMgr:1044 - genDependencies : Invalid condition id : UX DEVICE CLASS RTOS Condition cause : null
2025-12-28 18:27:08,084 [WARN] ConditionMgr:1044 - genDependencies : Invalid condition id : UX DEVICE CLASS RTOS Condition cause : null
2025-12-28 18:27:08,085 [WARN] ConditionMgr:438 - getConditionDescription Invalid condition id : Cortex-A Device cause : null
2025-12-28 18:27:08,086 [WARN] ConditionMgr:1044 - genDependencies : Invalid condition id : Cortex-A Device cause : null
2025-12-28 18:27:08,086 [WARN] ConditionMgr:1044 - genDependencies : Invalid condition id : Cortex-A Device cause : null
2025-12-28 18:27:08,086 [WARN] ConditionMgr:1044 - genDependencies : Invalid condition id : Cortex-A Device cause : null
2025-12-28 18:27:08,088 [WARN] PackLoader:240 - Cannot read IP mode file for STMicroelectronics.X-CUBE-SUBG2.5.0.0
2025-12-28 18:27:08,098 [WARN] PackLoader:240 - Cannot read IP mode file for STMicroelectronics.X-CUBE-AZRTOS-H7RS.1.1.0
2025-12-28 18:27:08,103 [WARN] PackLoader:240 - Cannot read IP mode file for STMicroelectronics.X-CUBE-AZRTOS-G4.2.0.0
2025-12-28 18:27:08,104 [WARN] PackLoader:240 - Cannot read IP mode file for wolfSSL.I-CUBE-wolfSSH.1.4.20
2025-12-28 18:27:08,105 [WARN] PackLoader:240 - Cannot read IP mode file for STMicroelectronics.X-CUBE-NFC7.2.0.0
2025-12-28 18:27:08,106 [WARN] PackLoader:240 - Cannot read IP mode file for STMicroelectronics.X-CUBE-ALS.1.0.2
2025-12-28 18:27:08,107 [WARN] PackLoader:240 - Cannot read IP mode file for STMicroelectronics.X-CUBE-STSE01.1.0.0
2025-12-28 18:27:08,110 [WARN] PackLoader:240 - Cannot read IP mode file for STMicroelectronics.X-CUBE-TOF1.3.4.3
2025-12-28 18:27:08,113 [INFO] ThirdParty:978 - Integrity check success = true
2025-12-28 18:27:08,113 [INFO] IntegrityCheckThread:100 - exiting critical section [integrity check]
2025-12-28 18:27:08,113 [INFO] IntegrityCheckThread:103 - End integrity checks thread
2025-12-28 18:35:44,484 [INFO] Activator:176 - 


2025-12-28 18:35:44,485 [INFO] Activator:177 - !SESSION log4j initialized
2025-12-28 18:35:45,207 [INFO] ApplicationProperties:184 - Using Application install path: /opt/st/stm32cubeide_1.19.0/plugins/com.st.stm32cube.common.mx_6.15.0.202507011659
2025-12-28 18:35:45,215 [INFO] DbMcusXml:78 - Set database path to: /opt/st/stm32cubeide_1.19.0/plugins/com.st.stm32cube.common.mx_6.15.0.202507011659//db//mcu/
2025-12-28 18:35:45,215 [INFO] ApiDb:274 - Set plugin database path to: /opt/st/stm32cubeide_1.19.0/plugins/com.st.stm32cube.common.mx_6.15.0.202507011659//db//plugins/boardmanager/
2025-12-28 18:35:45,215 [WARN] ApiDb:259 - Overriding images path with different value:  => /opt/st/stm32cubeide_1.19.0/plugins/com.st.stm32cube.common.mx_6.15.0.202507011659//db//plugins/mcufinder/images/
2025-12-28 18:35:45,219 [INFO] ApiDb:250 - Set database path to: /home/lucasnascimento/.stmcufinder/plugins/mcufinder//mcu/
2025-12-28 18:35:45,220 [INFO] DbMcusAds:125 - Set database path to: /home/lucasnascimento/.stmcufinder/plugins/mcufinder//mcu/
2025-12-28 18:35:45,528 [INFO] CrossReferenceDbSqlite:203 - Set database path to: /home/lucasnascimento/.stmcufinder/plugins/mcufinder//mcu/cs/
2025-12-28 18:35:45,585 [INFO] RulesReader:64 - Compatibility file has been processed (317 Rules)
2025-12-28 18:35:45,621 [INFO] DbMcusXml:78 - Set database path to: /opt/st/stm32cubeide_1.19.0/plugins/com.st.stm32cube.common.mx_6.15.0.202507011659//db//mcu/
2025-12-28 18:35:45,621 [INFO] ApiDb:274 - Set plugin database path to: /opt/st/stm32cubeide_1.19.0/plugins/com.st.stm32cube.common.mx_6.15.0.202507011659//db//plugins/boardmanager/
2025-12-28 18:35:45,621 [INFO] ApiDb:261 - Set plugin images path to: /opt/st/stm32cubeide_1.19.0/plugins/com.st.stm32cube.common.mx_6.15.0.202507011659//db//plugins/mcufinder/images/
2025-12-28 18:35:45,621 [WARN] DbFile:41 - Overriding database path with different value: /home/lucasnascimento/.stmcufinder/plugins/mcufinder/ => /home/lucasnascimento/.stmcufinder/plugins/mcufinder
2025-12-28 18:35:45,621 [INFO] ApiDb:250 - Set database path to: /home/lucasnascimento/.stmcufinder/plugins/mcufinder//mcu/
2025-12-28 18:35:45,621 [WARN] DbFile:41 - Overriding database path with different value: /home/lucasnascimento/.stmcufinder/plugins/mcufinder/ => /home/lucasnascimento/.stmcufinder/plugins/mcufinder
2025-12-28 18:35:45,621 [INFO] DbMcusAds:125 - Set database path to: /home/lucasnascimento/.stmcufinder/plugins/mcufinder//mcu/
2025-12-28 18:35:45,621 [WARN] DbFile:41 - Overriding database path with different value: /home/lucasnascimento/.stmcufinder/plugins/mcufinder/ => /home/lucasnascimento/.stmcufinder/plugins/mcufinder
2025-12-28 18:35:45,621 [WARN] DbFile:41 - Overriding database path with different value: /home/lucasnascimento/.stmcufinder/plugins/mcufinder/ => /home/lucasnascimento/.stmcufinder/plugins/mcufinder
2025-12-28 18:35:45,621 [INFO] CrossReferenceDbSqlite:203 - Set database path to: /home/lucasnascimento/.stmcufinder/plugins/mcufinder//mcu/cs/
2025-12-28 18:35:45,655 [INFO] MainPanel:274 - HeapMemory: 268435456
2025-12-28 18:35:45,723 [INFO] DbMcusXml:78 - Set database path to: /opt/st/stm32cubeide_1.19.0/plugins/com.st.stm32cube.common.mx_6.15.0.202507011659//db//mcu/
2025-12-28 18:35:45,723 [INFO] ApiDb:274 - Set plugin database path to: /opt/st/stm32cubeide_1.19.0/plugins/com.st.stm32cube.common.mx_6.15.0.202507011659//db//plugins/boardmanager/
2025-12-28 18:35:45,723 [INFO] ApiDb:261 - Set plugin images path to: /opt/st/stm32cubeide_1.19.0/plugins/com.st.stm32cube.common.mx_6.15.0.202507011659//db//plugins/mcufinder/images/
2025-12-28 18:35:45,723 [WARN] DbFile:41 - Overriding database path with different value: /home/lucasnascimento/.stmcufinder/plugins/mcufinder/ => /home/lucasnascimento/.stmcufinder/plugins/mcufinder
2025-12-28 18:35:45,723 [INFO] ApiDb:250 - Set database path to: /home/lucasnascimento/.stmcufinder/plugins/mcufinder//mcu/
2025-12-28 18:35:45,723 [WARN] DbFile:41 - Overriding database path with different value: /home/lucasnascimento/.stmcufinder/plugins/mcufinder/ => /home/lucasnascimento/.stmcufinder/plugins/mcufinder
2025-12-28 18:35:45,723 [INFO] DbMcusAds:125 - Set database path to: /home/lucasnascimento/.stmcufinder/plugins/mcufinder//mcu/
2025-12-28 18:35:45,723 [WARN] DbFile:41 - Overriding database path with different value: /home/lucasnascimento/.stmcufinder/plugins/mcufinder/ => /home/lucasnascimento/.stmcufinder/plugins/mcufinder
2025-12-28 18:35:45,723 [WARN] DbFile:41 - Overriding database path with different value: /home/lucasnascimento/.stmcufinder/plugins/mcufinder/ => /home/lucasnascimento/.stmcufinder/plugins/mcufinder
2025-12-28 18:35:45,723 [INFO] CrossReferenceDbSqlite:203 - Set database path to: /home/lucasnascimento/.stmcufinder/plugins/mcufinder//mcu/cs/
2025-12-28 18:35:45,730 [INFO] ApplicationProperties:184 - Using Application install path: /opt/st/stm32cubeide_1.19.0/plugins/com.st.stm32cube.common.mx_6.15.0.202507011659
2025-12-28 18:35:45,731 [INFO] PluginManage:196 - Search for loadable plugins [exclusion list=, ]
2025-12-28 18:35:45,731 [INFO] PluginManage:310 - Check plugin analytics
2025-12-28 18:35:45,962 [INFO] AnalyticsPlugin:253 - Accepted Software Licenses: 
2025-12-28 18:35:45,962 [INFO] AnalyticsPlugin:255 - Accepted CMSIS Pack Licenses: STMicroelectronics.X-CUBE-FREERTOS.1.3.1,EmbeddedOffice.I-CUBE-FS-RTOS.1.0.1
2025-12-28 18:35:45,962 [INFO] AnalyticsPlugin:257 - Accepted Firmware Licenses: FW.H5.1.5.0
2025-12-28 18:35:45,963 [INFO] PluginManage:359 - Loaded plugin analytics (category:tool,tabindex:-1)
2025-12-28 18:35:45,963 [INFO] PluginManage:310 - Check plugin cadmodel
2025-12-28 18:35:45,966 [INFO] CADModel:105 - Init CAD model plugin
2025-12-28 18:35:45,966 [INFO] PluginManage:359 - Loaded plugin cadmodel (category:power,tabindex:5)
2025-12-28 18:35:45,966 [INFO] PluginManage:310 - Check plugin clock
2025-12-28 18:35:45,971 [INFO] PluginManage:359 - Loaded plugin clock (category:base,tabindex:2)
2025-12-28 18:35:45,971 [INFO] PluginManage:310 - Check plugin ddr
2025-12-28 18:35:45,972 [INFO] PluginManage:359 - Loaded plugin ddr (category:tool,tabindex:6)
2025-12-28 18:35:45,972 [INFO] PluginManage:310 - Check plugin filemanager
2025-12-28 18:35:46,037 [INFO] PluginManage:359 - Loaded plugin filemanager (category:base,tabindex:10)
2025-12-28 18:35:46,037 [INFO] PluginManage:310 - Check plugin ipmanager
2025-12-28 18:35:46,040 [INFO] PluginManage:359 - Loaded plugin ipmanager (category:base,tabindex:5)
2025-12-28 18:35:46,040 [INFO] PluginManage:310 - Check plugin lpbam
2025-12-28 18:35:46,044 [INFO] PluginManage:359 - Loaded plugin lpbam (category:base,tabindex:0)
2025-12-28 18:35:46,044 [INFO] PluginManage:310 - Check plugin memorymap
2025-12-28 18:35:46,050 [INFO] PluginManage:359 - Loaded plugin memorymap (category:base,tabindex:4)
2025-12-28 18:35:46,050 [INFO] PluginManage:310 - Check plugin pinoutandconfiguration
2025-12-28 18:35:46,054 [INFO] PluginManage:359 - Loaded plugin pinoutandconfiguration (category:base,tabindex:1)
2025-12-28 18:35:46,054 [INFO] PluginManage:310 - Check plugin pinoutconfig
2025-12-28 18:35:46,088 [WARN] SupportedApi:132 - Cannot load RTOS API schema: s4s-elt-must-match.1: The content of 'definitions' must match (annotation?, (simpleType | complexType)?, (unique | key | keyref)*)). A problem was found starting at: attribute.
2025-12-28 18:35:46,137 [INFO] PluginManage:359 - Loaded plugin pinoutconfig (category:base,tabindex:0)
2025-12-28 18:35:46,137 [INFO] PluginManage:310 - Check plugin power
2025-12-28 18:35:46,142 [INFO] PluginManage:359 - Loaded plugin power (category:power,tabindex:4)
2025-12-28 18:35:46,142 [INFO] PluginManage:310 - Check plugin projectmanager
2025-12-28 18:35:46,148 [INFO] PluginManage:359 - Loaded plugin projectmanager (category:projectmanager,tabindex:4)
2025-12-28 18:35:46,148 [INFO] PluginManage:310 - Check plugin rif
2025-12-28 18:35:46,153 [INFO] PluginManage:359 - Loaded plugin rif (category:base,tabindex:3)
2025-12-28 18:35:46,153 [INFO] PluginManage:310 - Check plugin thirdparty
2025-12-28 18:35:46,200 [INFO] PluginManage:359 - Loaded plugin thirdparty (category:base,tabindex:-1)
2025-12-28 18:35:46,200 [INFO] PluginManage:310 - Check plugin tools
2025-12-28 18:35:46,200 [WARN] IntegrityCheckThread:84 - waiting for thirdparty lock release [integrity check]
2025-12-28 18:35:46,200 [INFO] IntegrityCheckThread:86 - entering critical section [integrity check]
2025-12-28 18:35:46,200 [INFO] ThirdPartyUpdaterWithRetryManager:70 - Updater plugin not ready yet. [1/15]
2025-12-28 18:35:46,201 [INFO] PluginManage:359 - Loaded plugin tools (category:base,tabindex:7)
2025-12-28 18:35:46,201 [INFO] PluginManage:310 - Check plugin tutovideos
2025-12-28 18:35:46,308 [INFO] PluginManage:359 - Loaded plugin tutovideos (category:base,tabindex:-1)
2025-12-28 18:35:46,308 [INFO] PluginManage:310 - Check plugin updater
2025-12-28 18:35:46,320 [INFO] PluginManage:359 - Loaded plugin updater (category:base,tabindex:12)
2025-12-28 18:35:46,320 [INFO] PluginManage:310 - Check plugin userauth
2025-12-28 18:35:46,322 [INFO] UserAuth:118 - Init User Auth plugin
2025-12-28 18:35:46,322 [INFO] PluginManage:359 - Loaded plugin userauth (category:base,tabindex:14)
2025-12-28 18:35:46,323 [INFO] PluginManage:283 - PluginManage : Loaded plugins [18]
2025-12-28 18:35:46,404 [INFO] PinOutPanel:1589 - setPackage(No Configuration,No Configuration)
2025-12-28 18:35:46,434 [INFO] CADModel:165 - CPN selected for project level
2025-12-28 18:35:46,434 [INFO] CADModel:114 - Register for checkConnection events
2025-12-28 18:35:46,440 [INFO] IPUIPlugin:80 - create IPUIPlugin
2025-12-28 18:35:46,441 [INFO] PluginManager:220 - loadIPPluginJar : add i3c
2025-12-28 18:35:46,444 [INFO] IPUIPlugin:80 - create IPUIPlugin
2025-12-28 18:35:46,444 [INFO] PluginManager:220 - loadIPPluginJar : add stm32_wpan
2025-12-28 18:35:46,446 [INFO] IPUIPlugin:80 - create IPUIPlugin
2025-12-28 18:35:46,446 [INFO] PluginManager:220 - loadIPPluginJar : add ipddr
2025-12-28 18:35:46,447 [INFO] IPUIPlugin:80 - create IPUIPlugin
2025-12-28 18:35:46,447 [INFO] PluginManager:220 - loadIPPluginJar : add quadspi
2025-12-28 18:35:46,448 [INFO] IPUIPlugin:80 - create IPUIPlugin
2025-12-28 18:35:46,448 [INFO] PluginManager:220 - loadIPPluginJar : add hash
2025-12-28 18:35:46,449 [INFO] IPUIPlugin:80 - create IPUIPlugin
2025-12-28 18:35:46,449 [INFO] PluginManager:220 - loadIPPluginJar : add openamp
2025-12-28 18:35:46,458 [INFO] IPUIPlugin:80 - create IPUIPlugin
2025-12-28 18:35:46,458 [INFO] PluginManager:220 - loadIPPluginJar : add fmc
2025-12-28 18:35:46,459 [INFO] IPUIPlugin:80 - create IPUIPlugin
2025-12-28 18:35:46,459 [INFO] PluginManager:220 - loadIPPluginJar : add aes
2025-12-28 18:35:46,460 [INFO] IPUIPlugin:80 - create IPUIPlugin
2025-12-28 18:35:46,460 [INFO] PluginManager:220 - loadIPPluginJar : add ucpd
2025-12-28 18:35:46,461 [INFO] IPUIPlugin:80 - create IPUIPlugin
2025-12-28 18:35:46,461 [INFO] PluginManager:220 - loadIPPluginJar : add gfxmmu
2025-12-28 18:35:46,461 [INFO] IPUIPlugin:80 - create IPUIPlugin
2025-12-28 18:35:46,462 [INFO] PluginManager:220 - loadIPPluginJar : add tim
2025-12-28 18:35:46,462 [INFO] IPUIPlugin:80 - create IPUIPlugin
2025-12-28 18:35:46,462 [INFO] PluginManager:220 - loadIPPluginJar : add dfsdm
2025-12-28 18:35:46,464 [INFO] IPUIPlugin:80 - create IPUIPlugin
2025-12-28 18:35:46,464 [INFO] PluginManager:220 - loadIPPluginJar : add sai
2025-12-28 18:35:46,464 [INFO] IPUIPlugin:80 - create IPUIPlugin
2025-12-28 18:35:46,465 [INFO] PluginManager:220 - loadIPPluginJar : add radio
2025-12-28 18:35:46,466 [INFO] IPUIPlugin:80 - create IPUIPlugin
2025-12-28 18:35:46,466 [INFO] PluginManager:220 - loadIPPluginJar : add can
2025-12-28 18:35:46,469 [INFO] IPUIPlugin:80 - create IPUIPlugin
2025-12-28 18:35:46,469 [INFO] PluginManager:220 - loadIPPluginJar : add gpio
2025-12-28 18:35:46,470 [INFO] IPUIPlugin:80 - create IPUIPlugin
2025-12-28 18:35:46,470 [INFO] PluginManager:220 - loadIPPluginJar : add extmemmanager
2025-12-28 18:35:46,473 [INFO] IPUIPlugin:80 - create IPUIPlugin
2025-12-28 18:35:46,473 [INFO] PluginManager:220 - loadIPPluginJar : add linkedlist
2025-12-28 18:35:46,476 [INFO] IPUIPlugin:80 - create IPUIPlugin
2025-12-28 18:35:46,477 [INFO] PluginManager:220 - loadIPPluginJar : add plateformsettings
2025-12-28 18:35:46,480 [INFO] IPUIPlugin:80 - create IPUIPlugin
2025-12-28 18:35:46,480 [INFO] PluginManager:220 - loadIPPluginJar : add adc
2025-12-28 18:35:46,481 [INFO] IPUIPlugin:80 - create IPUIPlugin
2025-12-28 18:35:46,481 [INFO] PluginManager:220 - loadIPPluginJar : add spi
2025-12-28 18:35:46,483 [INFO] IPUIPlugin:80 - create IPUIPlugin
2025-12-28 18:35:46,483 [INFO] PluginManager:220 - loadIPPluginJar : add gic
2025-12-28 18:35:46,485 [INFO] IPUIPlugin:80 - create IPUIPlugin
2025-12-28 18:35:46,485 [INFO] PluginManager:220 - loadIPPluginJar : add nvic
2025-12-28 18:35:46,487 [INFO] IPUIPlugin:80 - create IPUIPlugin
2025-12-28 18:35:46,488 [INFO] PluginManager:220 - loadIPPluginJar : add dma
2025-12-28 18:35:46,489 [INFO] IPUIPlugin:80 - create IPUIPlugin
2025-12-28 18:35:46,489 [INFO] PluginManager:220 - loadIPPluginJar : add ddr_ctrl_phy
2025-12-28 18:35:46,490 [INFO] IPUIPlugin:80 - create IPUIPlugin
2025-12-28 18:35:46,490 [INFO] PluginManager:220 - loadIPPluginJar : add tracer_emb
2025-12-28 18:35:46,491 [INFO] IPUIPlugin:80 - create IPUIPlugin
2025-12-28 18:35:46,491 [INFO] PluginManager:220 - loadIPPluginJar : add lorawan
2025-12-28 18:35:46,492 [INFO] IPUIPlugin:80 - create IPUIPlugin
2025-12-28 18:35:46,492 [INFO] PluginManager:220 - loadIPPluginJar : add usbx
2025-12-28 18:35:46,493 [INFO] IPUIPlugin:80 - create IPUIPlugin
2025-12-28 18:35:46,493 [INFO] PluginManager:220 - loadIPPluginJar : add ltdc
2025-12-28 18:35:46,494 [INFO] IPUIPlugin:80 - create IPUIPlugin
2025-12-28 18:35:46,494 [INFO] PluginManager:220 - loadIPPluginJar : add pdm2pcm
2025-12-28 18:35:46,494 [INFO] IPUIPlugin:80 - create IPUIPlugin
2025-12-28 18:35:46,494 [INFO] PluginManager:220 - loadIPPluginJar : add cryp
2025-12-28 18:35:46,495 [INFO] IPUIPlugin:80 - create IPUIPlugin
2025-12-28 18:35:46,495 [INFO] PluginManager:220 - loadIPPluginJar : add ts
2025-12-28 18:35:46,496 [INFO] IPUIPlugin:80 - create IPUIPlugin
2025-12-28 18:35:46,496 [INFO] PluginManager:220 - loadIPPluginJar : add fatfs
2025-12-28 18:35:46,497 [INFO] IPUIPlugin:80 - create IPUIPlugin
2025-12-28 18:35:46,497 [INFO] PluginManager:220 - loadIPPluginJar : add opamp
2025-12-28 18:35:46,497 [INFO] IPUIPlugin:80 - create IPUIPlugin
2025-12-28 18:35:46,497 [INFO] PluginManager:220 - loadIPPluginJar : add comp
2025-12-28 18:35:46,499 [INFO] IPUIPlugin:80 - create IPUIPlugin
2025-12-28 18:35:46,499 [INFO] PluginManager:220 - loadIPPluginJar : add resmgrutility
2025-12-28 18:35:46,500 [INFO] IPUIPlugin:80 - create IPUIPlugin
2025-12-28 18:35:46,500 [INFO] PluginManager:220 - loadIPPluginJar : add gtzc
2025-12-28 18:35:46,503 [INFO] IPUIPlugin:80 - create IPUIPlugin
2025-12-28 18:35:46,503 [INFO] PluginManager:220 - loadIPPluginJar : add mdma
2025-12-28 18:35:46,503 [INFO] IPUIPlugin:80 - create IPUIPlugin
2025-12-28 18:35:46,503 [INFO] PluginManager:220 - loadIPPluginJar : add genericplugin
2025-12-28 18:35:46,504 [INFO] IPUIPlugin:80 - create IPUIPlugin
2025-12-28 18:35:46,504 [INFO] PluginManager:220 - loadIPPluginJar : add tsc
2025-12-28 18:35:46,505 [INFO] IPUIPlugin:80 - create IPUIPlugin
2025-12-28 18:35:46,505 [INFO] PluginManager:220 - loadIPPluginJar : add i2c
2025-12-28 18:35:46,506 [INFO] IPUIPlugin:80 - create IPUIPlugin
2025-12-28 18:35:46,506 [INFO] PluginManager:220 - loadIPPluginJar : add touchsensing
2025-12-28 18:35:46,509 [INFO] IPUIPlugin:80 - create IPUIPlugin
2025-12-28 18:35:46,509 [INFO] PluginManager:220 - loadIPPluginJar : add freertos
2025-12-28 18:35:46,510 [INFO] IPUIPlugin:80 - create IPUIPlugin
2025-12-28 18:35:46,510 [INFO] PluginManager:220 - loadIPPluginJar : add dma3
2025-12-28 18:35:46,511 [INFO] IPUIPlugin:80 - create IPUIPlugin
2025-12-28 18:35:46,511 [INFO] PluginManager:220 - loadIPPluginJar : add usart
2025-12-28 18:35:46,512 [INFO] IPUIPlugin:80 - create IPUIPlugin
2025-12-28 18:35:46,512 [INFO] PluginManager:220 - loadIPPluginJar : add i2s
2025-12-28 18:35:46,596 [FATAL] Updater:351 - Updater called before beeing initialized
2025-12-28 18:35:46,608 [INFO] RulesReader:64 - Compatibility file has been processed (317 Rules)
2025-12-28 18:35:46,611 [INFO] RulesReader:64 - Compatibility file has been processed (317 Rules)
2025-12-28 18:35:46,614 [INFO] CADModel:165 - CPN selected for project level
2025-12-28 18:35:46,614 [INFO] CADModel:114 - Register for checkConnection events
2025-12-28 18:35:46,614 [FATAL] Updater:351 - Updater called before beeing initialized
2025-12-28 18:35:46,614 [ERROR] CADModel:125 - Updater not yet initialized, retry later 
2025-12-28 18:35:46,669 [FATAL] Updater:351 - Updater called before beeing initialized
2025-12-28 18:35:46,670 [INFO] CADModel:165 - CPN selected for project level
2025-12-28 18:35:46,670 [INFO] CADModel:114 - Register for checkConnection events
2025-12-28 18:35:46,670 [FATAL] Updater:351 - Updater called before beeing initialized
2025-12-28 18:35:46,670 [ERROR] CADModel:125 - Updater not yet initialized, retry later 
2025-12-28 18:35:46,671 [FATAL] Updater:351 - Updater called before beeing initialized
2025-12-28 18:35:46,702 [FATAL] Updater:351 - Updater called before beeing initialized
2025-12-28 18:35:46,704 [INFO] DbMcusAds:53 - JSON generation date=Fri Dec 05 04:13:14 EST 2025 (1764925994495)
2025-12-28 18:35:46,704 [FATAL] Updater:351 - Updater called before beeing initialized
2025-12-28 18:35:46,720 [WARN] DetailPanel:346 - Failed to get advertising image, set to default
2025-12-28 18:35:46,753 [FATAL] Updater:351 - Updater called before beeing initialized
2025-12-28 18:35:46,755 [FATAL] Updater:351 - Updater called before beeing initialized
2025-12-28 18:35:46,755 [FATAL] Updater:351 - Updater called before beeing initialized
2025-12-28 18:35:46,755 [WARN] DetailPanel:346 - Failed to get advertising image, set to default
2025-12-28 18:35:46,756 [FATAL] Updater:351 - Updater called before beeing initialized
2025-12-28 18:35:46,770 [ERROR] Updater:1198 - MainUpdater not yet initialized. External WinMGr cannot be set.
2025-12-28 18:35:46,771 [INFO] Updater:1134 - Updater Version found : 6.15.0
2025-12-28 18:35:46,781 [INFO] ApplicationProperties:184 - Using Application install path: /opt/st/stm32cubeide_1.19.0/plugins/com.st.stm32cube.common.mx_6.15.0.202507011659
2025-12-28 18:35:47,222 [INFO] MainUpdater:2872 - connection check result : 10
2025-12-28 18:35:47,223 [INFO] MainUpdater:289 - Updater Check For Update Now.
2025-12-28 18:35:47,223 [INFO] MicroXplorer:498 - Change Database Version : DB.6.0.150
2025-12-28 18:35:47,357 [INFO] CheckServerUpdateThread:120 - End of CheckServer Thread
2025-12-28 18:35:47,432 [INFO] MainUpdater:2872 - connection check result : 10
2025-12-28 18:35:47,437 [INFO] MainUpdater:2872 - connection check result : 10
2025-12-28 18:35:49,270 [WARN] PackLoader:240 - Cannot read IP mode file for STMicroelectronics.FP-SNS-MOTENVWB1.1.4.0
2025-12-28 18:35:49,274 [WARN] PackLoader:240 - Cannot read IP mode file for STMicroelectronics.FP-ATR-ASTRA1.2.0.2
2025-12-28 18:35:49,277 [WARN] PackLoader:240 - Cannot read IP mode file for STMicroelectronics.X-CUBE-SMBUS.2.1.0
2025-12-28 18:35:49,290 [WARN] PackLoader:240 - Cannot read IP mode file for STMicroelectronics.X-CUBE-AZRTOS-F7.1.1.0
2025-12-28 18:35:49,294 [WARN] PackLoader:240 - Cannot read IP mode file for Cesanta.I-CUBE-Mongoose.7.19.0
2025-12-28 18:35:49,296 [WARN] PackLoader:240 - Cannot read IP mode file for STMicroelectronics.FP-SNS-MOTENV1.5.1.0
2025-12-28 18:35:49,301 [WARN] PackLoader:240 - Cannot read IP mode file for WES.I-CUBE-Cesium.1.4.0
2025-12-28 18:35:49,310 [WARN] PackLoader:240 - Cannot read IP mode file for Infineon.AIROC-Wi-Fi-Bluetooth-STM32.1.7.1
2025-12-28 18:35:49,326 [WARN] PackLoader:240 - Cannot read IP mode file for STMicroelectronics.X-CUBE-AZRTOS-H7.3.4.0
2025-12-28 18:35:49,339 [WARN] PackLoader:240 - Cannot read IP mode file for STMicroelectronics.X-CUBE-DISPLAY.3.0.0
2025-12-28 18:35:49,345 [WARN] PackLoader:240 - Cannot read IP mode file for STMicroelectronics.X-CUBE-NFC10.1.0.0
2025-12-28 18:35:49,348 [WARN] PackLoader:240 - Cannot read IP mode file for STMicroelectronics.X-CUBE-ST60.1.1.0
2025-12-28 18:35:49,351 [WARN] PackLoader:240 - Cannot read IP mode file for emotas.I-CUBE-CANOPEN.1.3.0
2025-12-28 18:35:49,353 [WARN] PackLoader:240 - Cannot read IP mode file for STMicroelectronics.X-CUBE-GNSS1.7.1.0
2025-12-28 18:35:49,356 [WARN] PackLoader:240 - Cannot read IP mode file for STMicroelectronics.FP-SNS-STBOX1.2.1.0
2025-12-28 18:35:49,358 [WARN] PackLoader:240 - Cannot read IP mode file for STMicroelectronics.FP-SNS-SMARTAG2.1.2.0
2025-12-28 18:35:49,359 [WARN] PackLoader:240 - Cannot read IP mode file for STMicroelectronics.FP-SNS-FLIGHT1.5.1.0
2025-12-28 18:35:49,362 [INFO] LogOutputStream:77 - [STDOUT_REDIRECT] 1 : Invalid condition id : UX_CORESTACK_Condition cause : null
2025-12-28 18:35:49,363 [INFO] LogOutputStream:77 - [STDOUT_REDIRECT] 1 : Invalid condition id : UX_CORESTACK_Condition cause : null
2025-12-28 18:35:49,363 [INFO] LogOutputStream:77 - [STDOUT_REDIRECT] 1 : Invalid condition id : UX_CORESTACK_Condition cause : null
2025-12-28 18:35:49,363 [INFO] LogOutputStream:77 - [STDOUT_REDIRECT] 1 : Invalid condition id : UX_CORESTACK_Condition cause : null
2025-12-28 18:35:49,363 [INFO] LogOutputStream:77 - [STDOUT_REDIRECT] 1 : Invalid condition id : UX_CORESTACK_Condition cause : null
2025-12-28 18:35:49,364 [WARN] PackLoader:240 - Cannot read IP mode file for STMicroelectronics.X-CUBE-AZRTOS-WL.2.0.0
2025-12-28 18:35:49,371 [WARN] PackLoader:240 - Cannot read IP mode file for STMicroelectronics.X-CUBE-AZRTOS-H7RS.1.2.0
2025-12-28 18:35:49,375 [WARN] PackLoader:240 - Cannot read IP mode file for STMicroelectronics.X-CUBE-BLE2.3.3.0
2025-12-28 18:35:49,383 [WARN] PackLoader:240 - Cannot read IP mode file for STMicroelectronics.X-CUBE-NFC9.1.0.0
2025-12-28 18:35:49,385 [WARN] PackLoader:240 - Cannot read IP mode file for wolfSSL.I-CUBE-wolfSSL.5.8.2
2025-12-28 18:35:49,387 [WARN] PackLoader:240 - Cannot read IP mode file for STMicroelectronics.X-CUBE-BLE1.7.1.0
2025-12-28 18:35:49,389 [WARN] PackLoader:240 - Cannot read IP mode file for wolfSSL.I-CUBE-wolfMQTT.1.19.2
2025-12-28 18:35:49,391 [WARN] PackLoader:240 - Cannot read IP mode file for STMicroelectronics.X-CUBE-FREERTOS.1.4.0
2025-12-28 18:35:49,393 [WARN] PackLoader:240 - Cannot read IP mode file for STMicroelectronics.X-CUBE-EEPRMA1.5.2.0
2025-12-28 18:35:49,396 [WARN] PackLoader:240 - Cannot read IP mode file for STMicroelectronics.X-CUBE-ST67W61.1.1.0
2025-12-28 18:35:49,411 [WARN] PackLoader:240 - Cannot read IP mode file for STMicroelectronics.X-CUBE-MEMS1.12.0.0
2025-12-28 18:35:49,447 [WARN] PackLoader:240 - Cannot read IP mode file for STMicroelectronics.X-CUBE-AZRTOS-G0.1.1.0
2025-12-28 18:35:49,449 [WARN] PackLoader:240 - Cannot read IP mode file for STMicroelectronics.X-CUBE-NFC4.3.0.0
2025-12-28 18:35:49,452 [WARN] PackLoader:240 - Cannot read IP mode file for EmbeddedOffice.I-CUBE-FS-RTOS.1.0.1
2025-12-28 18:35:49,484 [WARN] PackLoader:240 - Cannot read IP mode file for STMicroelectronics.X-CUBE-WB05N.2.0.0
2025-12-28 18:35:49,485 [WARN] PackLoader:240 - Cannot read IP mode file for wolfSSL.I-CUBE-wolfTPM.3.8.0
2025-12-28 18:35:49,487 [WARN] PackLoader:240 - Cannot read IP mode file for STMicroelectronics.X-CUBE-TCPP.4.2.0
2025-12-28 18:35:49,488 [WARN] PackLoader:240 - Cannot read IP mode file for RealThread.X-CUBE-RT-Thread_Nano.4.1.1
2025-12-28 18:35:49,490 [WARN] PackLoader:240 - Cannot read IP mode file for STMicroelectronics.FP-ATR-SIGFOX1.3.2.0
2025-12-28 18:35:49,491 [WARN] PackLoader:240 - Cannot read IP mode file for ITTIA_DB.I-CUBE-ITTIADB.8.9.0
2025-12-28 18:35:49,492 [WARN] PackLoader:240 - Cannot read IP mode file for STMicroelectronics.X-CUBE-AI.10.2.0
2025-12-28 18:35:49,500 [WARN] PackLoader:240 - Cannot read IP mode file for SEGGER.I-CUBE-embOS.1.3.1
2025-12-28 18:35:49,512 [WARN] PackLoader:240 - Cannot read IP mode file for STMicroelectronics.X-CUBE-ALGOBUILD.1.4.0
2025-12-28 18:35:49,527 [WARN] PackLoader:240 - Cannot read IP mode file for STMicroelectronics.X-CUBE-MEMS1.11.3.0
2025-12-28 18:35:49,582 [WARN] PackLoader:240 - Cannot read IP mode file for STMicroelectronics.X-CUBE-PM33A1.1.0.0
2025-12-28 18:35:49,590 [WARN] PackLoader:240 - Cannot read IP mode file for STMicroelectronics.X-CUBE-AZRTOS-F4.1.1.0
2025-12-28 18:35:49,593 [WARN] PackLoader:240 - Cannot read IP mode file for STMicroelectronics.X-CUBE-ISPU.2.1.0
2025-12-28 18:35:49,597 [WARN] PackLoader:240 - Cannot read IP mode file for STMicroelectronics.X-CUBE-IPS.3.2.0
2025-12-28 18:35:49,600 [WARN] PackLoader:240 - Cannot read IP mode file for STMicroelectronics.X-CUBE-NFC12.1.0.0
2025-12-28 18:35:49,605 [WARN] PackLoader:240 - Cannot read IP mode file for STMicroelectronics.X-CUBE-AZRTOS-L5.2.0.0
2025-12-28 18:35:49,608 [WARN] PackLoader:240 - Cannot read IP mode file for STMicroelectronics.X-CUBE-NFC6.3.1.0
2025-12-28 18:35:49,611 [WARN] PackLoader:240 - Cannot read IP mode file for STMicroelectronics.X-CUBE-FREERTOS.1.3.1
2025-12-28 18:35:49,626 [WARN] PackLoader:240 - Cannot read IP mode file for STMicroelectronics.X-CUBE-TOUCHGFX.4.26.0
2025-12-28 18:35:49,627 [WARN] PackLoader:240 - Cannot read IP mode file for STMicroelectronics.FP-SNS-STAIOTCFT.1.0.0
2025-12-28 18:35:49,629 [WARN] PackLoader:240 - Cannot read IP mode file for STMicroelectronics.X-CUBE-DPower.1.3.0
2025-12-28 18:35:49,633 [WARN] ConditionMgr:438 - getConditionDescription Invalid condition id : LAN8742 Phy interface Condition cause : null
2025-12-28 18:35:49,633 [WARN] PackLoader:240 - Cannot read IP mode file for STMicroelectronics.X-CUBE-AZRTOS-L4.2.0.0
2025-12-28 18:35:49,634 [WARN] ConditionMgr:1044 - genDependencies : Invalid condition id : LAN8742 Phy interface Condition cause : null
2025-12-28 18:35:49,634 [WARN] ConditionMgr:1044 - genDependencies : Invalid condition id : LAN8742 Phy interface Condition cause : null
2025-12-28 18:35:49,634 [WARN] ConditionMgr:1044 - genDependencies : Invalid condition id : LAN8742 Phy interface Condition cause : null
2025-12-28 18:35:49,636 [WARN] PackLoader:240 - Cannot read IP mode file for STMicroelectronics.X-CUBE-SFXS2LP1.4.0.0
2025-12-28 18:35:49,640 [WARN] PackLoader:240 - Cannot read IP mode file for STMicroelectronics.X-CUBE-BLEMGR.4.1.0
2025-12-28 18:35:49,645 [WARN] ConditionMgr:438 - getConditionDescription Invalid condition id : UX DEVICE CLASS RTOS Condition cause : null
2025-12-28 18:35:49,645 [WARN] ConditionMgr:438 - getConditionDescription Invalid condition id : UX DEVICE CLASS RTOS Condition cause : null
2025-12-28 18:35:49,645 [WARN] PackLoader:240 - Cannot read IP mode file for STMicroelectronics.X-CUBE-AZRTOS-WB.2.0.0
2025-12-28 18:35:49,645 [WARN] ConditionMgr:1044 - genDependencies : Invalid condition id : UX DEVICE CLASS RTOS Condition cause : null
2025-12-28 18:35:49,645 [WARN] ConditionMgr:1044 - genDependencies : Invalid condition id : UX DEVICE CLASS RTOS Condition cause : null
2025-12-28 18:35:49,646 [WARN] ConditionMgr:1044 - genDependencies : Invalid condition id : UX DEVICE CLASS RTOS Condition cause : null
2025-12-28 18:35:49,646 [WARN] ConditionMgr:1044 - genDependencies : Invalid condition id : UX DEVICE CLASS RTOS Condition cause : null
2025-12-28 18:35:49,646 [WARN] ConditionMgr:1044 - genDependencies : Invalid condition id : UX DEVICE CLASS RTOS Condition cause : null
2025-12-28 18:35:49,649 [WARN] ConditionMgr:438 - getConditionDescription Invalid condition id : Cortex-A Device cause : null
2025-12-28 18:35:49,651 [WARN] ConditionMgr:1044 - genDependencies : Invalid condition id : Cortex-A Device cause : null
2025-12-28 18:35:49,651 [WARN] ConditionMgr:1044 - genDependencies : Invalid condition id : Cortex-A Device cause : null
2025-12-28 18:35:49,651 [WARN] ConditionMgr:1044 - genDependencies : Invalid condition id : Cortex-A Device cause : null
2025-12-28 18:35:49,653 [WARN] PackLoader:240 - Cannot read IP mode file for STMicroelectronics.X-CUBE-SUBG2.5.0.0
2025-12-28 18:35:49,660 [WARN] PackLoader:240 - Cannot read IP mode file for STMicroelectronics.X-CUBE-AZRTOS-H7RS.1.1.0
2025-12-28 18:35:49,665 [WARN] PackLoader:240 - Cannot read IP mode file for STMicroelectronics.X-CUBE-AZRTOS-G4.2.0.0
2025-12-28 18:35:49,666 [WARN] PackLoader:240 - Cannot read IP mode file for wolfSSL.I-CUBE-wolfSSH.1.4.20
2025-12-28 18:35:49,667 [WARN] PackLoader:240 - Cannot read IP mode file for STMicroelectronics.X-CUBE-NFC7.2.0.0
2025-12-28 18:35:49,668 [WARN] PackLoader:240 - Cannot read IP mode file for STMicroelectronics.X-CUBE-ALS.1.0.2
2025-12-28 18:35:49,670 [WARN] PackLoader:240 - Cannot read IP mode file for STMicroelectronics.X-CUBE-STSE01.1.0.0
2025-12-28 18:35:49,673 [WARN] PackLoader:240 - Cannot read IP mode file for STMicroelectronics.X-CUBE-TOF1.3.4.3
2025-12-28 18:35:49,675 [INFO] ThirdParty:978 - Integrity check success = true
2025-12-28 18:35:49,676 [INFO] IntegrityCheckThread:100 - exiting critical section [integrity check]
2025-12-28 18:35:49,676 [INFO] IntegrityCheckThread:103 - End integrity checks thread
2025-12-28 18:42:03,754 [INFO] Activator:176 - 


2025-12-28 18:42:03,755 [INFO] Activator:177 - !SESSION log4j initialized
2025-12-28 18:42:04,371 [INFO] ApplicationProperties:184 - Using Application install path: /opt/st/stm32cubeide_1.19.0/plugins/com.st.stm32cube.common.mx_6.15.0.202507011659
2025-12-28 18:42:04,377 [INFO] DbMcusXml:78 - Set database path to: /opt/st/stm32cubeide_1.19.0/plugins/com.st.stm32cube.common.mx_6.15.0.202507011659//db//mcu/
2025-12-28 18:42:04,377 [INFO] ApiDb:274 - Set plugin database path to: /opt/st/stm32cubeide_1.19.0/plugins/com.st.stm32cube.common.mx_6.15.0.202507011659//db//plugins/boardmanager/
2025-12-28 18:42:04,377 [WARN] ApiDb:259 - Overriding images path with different value:  => /opt/st/stm32cubeide_1.19.0/plugins/com.st.stm32cube.common.mx_6.15.0.202507011659//db//plugins/mcufinder/images/
2025-12-28 18:42:04,378 [INFO] ApiDb:250 - Set database path to: /home/lucasnascimento/.stmcufinder/plugins/mcufinder//mcu/
2025-12-28 18:42:04,378 [INFO] DbMcusAds:125 - Set database path to: /home/lucasnascimento/.stmcufinder/plugins/mcufinder//mcu/
2025-12-28 18:42:04,412 [INFO] CrossReferenceDbSqlite:203 - Set database path to: /home/lucasnascimento/.stmcufinder/plugins/mcufinder//mcu/cs/
2025-12-28 18:42:04,449 [INFO] RulesReader:64 - Compatibility file has been processed (317 Rules)
2025-12-28 18:42:04,471 [INFO] DbMcusXml:78 - Set database path to: /opt/st/stm32cubeide_1.19.0/plugins/com.st.stm32cube.common.mx_6.15.0.202507011659//db//mcu/
2025-12-28 18:42:04,471 [INFO] ApiDb:274 - Set plugin database path to: /opt/st/stm32cubeide_1.19.0/plugins/com.st.stm32cube.common.mx_6.15.0.202507011659//db//plugins/boardmanager/
2025-12-28 18:42:04,471 [INFO] ApiDb:261 - Set plugin images path to: /opt/st/stm32cubeide_1.19.0/plugins/com.st.stm32cube.common.mx_6.15.0.202507011659//db//plugins/mcufinder/images/
2025-12-28 18:42:04,471 [WARN] DbFile:41 - Overriding database path with different value: /home/lucasnascimento/.stmcufinder/plugins/mcufinder/ => /home/lucasnascimento/.stmcufinder/plugins/mcufinder
2025-12-28 18:42:04,471 [INFO] ApiDb:250 - Set database path to: /home/lucasnascimento/.stmcufinder/plugins/mcufinder//mcu/
2025-12-28 18:42:04,471 [WARN] DbFile:41 - Overriding database path with different value: /home/lucasnascimento/.stmcufinder/plugins/mcufinder/ => /home/lucasnascimento/.stmcufinder/plugins/mcufinder
2025-12-28 18:42:04,471 [INFO] DbMcusAds:125 - Set database path to: /home/lucasnascimento/.stmcufinder/plugins/mcufinder//mcu/
2025-12-28 18:42:04,471 [WARN] DbFile:41 - Overriding database path with different value: /home/lucasnascimento/.stmcufinder/plugins/mcufinder/ => /home/lucasnascimento/.stmcufinder/plugins/mcufinder
2025-12-28 18:42:04,471 [WARN] DbFile:41 - Overriding database path with different value: /home/lucasnascimento/.stmcufinder/plugins/mcufinder/ => /home/lucasnascimento/.stmcufinder/plugins/mcufinder
2025-12-28 18:42:04,471 [INFO] CrossReferenceDbSqlite:203 - Set database path to: /home/lucasnascimento/.stmcufinder/plugins/mcufinder//mcu/cs/
2025-12-28 18:42:04,491 [INFO] MainPanel:274 - HeapMemory: 268435456
2025-12-28 18:42:04,528 [INFO] DbMcusXml:78 - Set database path to: /opt/st/stm32cubeide_1.19.0/plugins/com.st.stm32cube.common.mx_6.15.0.202507011659//db//mcu/
2025-12-28 18:42:04,528 [INFO] ApiDb:274 - Set plugin database path to: /opt/st/stm32cubeide_1.19.0/plugins/com.st.stm32cube.common.mx_6.15.0.202507011659//db//plugins/boardmanager/
2025-12-28 18:42:04,528 [INFO] ApiDb:261 - Set plugin images path to: /opt/st/stm32cubeide_1.19.0/plugins/com.st.stm32cube.common.mx_6.15.0.202507011659//db//plugins/mcufinder/images/
2025-12-28 18:42:04,528 [WARN] DbFile:41 - Overriding database path with different value: /home/lucasnascimento/.stmcufinder/plugins/mcufinder/ => /home/lucasnascimento/.stmcufinder/plugins/mcufinder
2025-12-28 18:42:04,528 [INFO] ApiDb:250 - Set database path to: /home/lucasnascimento/.stmcufinder/plugins/mcufinder//mcu/
2025-12-28 18:42:04,528 [WARN] DbFile:41 - Overriding database path with different value: /home/lucasnascimento/.stmcufinder/plugins/mcufinder/ => /home/lucasnascimento/.stmcufinder/plugins/mcufinder
2025-12-28 18:42:04,528 [INFO] DbMcusAds:125 - Set database path to: /home/lucasnascimento/.stmcufinder/plugins/mcufinder//mcu/
2025-12-28 18:42:04,528 [WARN] DbFile:41 - Overriding database path with different value: /home/lucasnascimento/.stmcufinder/plugins/mcufinder/ => /home/lucasnascimento/.stmcufinder/plugins/mcufinder
2025-12-28 18:42:04,528 [WARN] DbFile:41 - Overriding database path with different value: /home/lucasnascimento/.stmcufinder/plugins/mcufinder/ => /home/lucasnascimento/.stmcufinder/plugins/mcufinder
2025-12-28 18:42:04,528 [INFO] CrossReferenceDbSqlite:203 - Set database path to: /home/lucasnascimento/.stmcufinder/plugins/mcufinder//mcu/cs/
2025-12-28 18:42:04,533 [INFO] ApplicationProperties:184 - Using Application install path: /opt/st/stm32cubeide_1.19.0/plugins/com.st.stm32cube.common.mx_6.15.0.202507011659
2025-12-28 18:42:04,533 [INFO] PluginManage:196 - Search for loadable plugins [exclusion list=, ]
2025-12-28 18:42:04,533 [INFO] PluginManage:310 - Check plugin analytics
2025-12-28 18:42:04,632 [INFO] AnalyticsPlugin:253 - Accepted Software Licenses: 
2025-12-28 18:42:04,632 [INFO] AnalyticsPlugin:255 - Accepted CMSIS Pack Licenses: STMicroelectronics.X-CUBE-FREERTOS.1.3.1,EmbeddedOffice.I-CUBE-FS-RTOS.1.0.1
2025-12-28 18:42:04,632 [INFO] AnalyticsPlugin:257 - Accepted Firmware Licenses: FW.H5.1.5.0
2025-12-28 18:42:04,633 [INFO] PluginManage:359 - Loaded plugin analytics (category:tool,tabindex:-1)
2025-12-28 18:42:04,633 [INFO] PluginManage:310 - Check plugin cadmodel
2025-12-28 18:42:04,635 [INFO] CADModel:105 - Init CAD model plugin
2025-12-28 18:42:04,635 [INFO] PluginManage:359 - Loaded plugin cadmodel (category:power,tabindex:5)
2025-12-28 18:42:04,635 [INFO] PluginManage:310 - Check plugin clock
2025-12-28 18:42:04,638 [INFO] PluginManage:359 - Loaded plugin clock (category:base,tabindex:2)
2025-12-28 18:42:04,638 [INFO] PluginManage:310 - Check plugin ddr
2025-12-28 18:42:04,639 [INFO] PluginManage:359 - Loaded plugin ddr (category:tool,tabindex:6)
2025-12-28 18:42:04,639 [INFO] PluginManage:310 - Check plugin filemanager
2025-12-28 18:42:04,699 [INFO] PluginManage:359 - Loaded plugin filemanager (category:base,tabindex:10)
2025-12-28 18:42:04,699 [INFO] PluginManage:310 - Check plugin ipmanager
2025-12-28 18:42:04,702 [INFO] PluginManage:359 - Loaded plugin ipmanager (category:base,tabindex:5)
2025-12-28 18:42:04,702 [INFO] PluginManage:310 - Check plugin lpbam
2025-12-28 18:42:04,705 [INFO] PluginManage:359 - Loaded plugin lpbam (category:base,tabindex:0)
2025-12-28 18:42:04,705 [INFO] PluginManage:310 - Check plugin memorymap
2025-12-28 18:42:04,709 [INFO] PluginManage:359 - Loaded plugin memorymap (category:base,tabindex:4)
2025-12-28 18:42:04,709 [INFO] PluginManage:310 - Check plugin pinoutandconfiguration
2025-12-28 18:42:04,712 [INFO] PluginManage:359 - Loaded plugin pinoutandconfiguration (category:base,tabindex:1)
2025-12-28 18:42:04,712 [INFO] PluginManage:310 - Check plugin pinoutconfig
2025-12-28 18:42:04,743 [WARN] SupportedApi:132 - Cannot load RTOS API schema: s4s-elt-must-match.1: The content of 'definitions' must match (annotation?, (simpleType | complexType)?, (unique | key | keyref)*)). A problem was found starting at: attribute.
2025-12-28 18:42:04,787 [INFO] PluginManage:359 - Loaded plugin pinoutconfig (category:base,tabindex:0)
2025-12-28 18:42:04,787 [INFO] PluginManage:310 - Check plugin power
2025-12-28 18:42:04,790 [INFO] PluginManage:359 - Loaded plugin power (category:power,tabindex:4)
2025-12-28 18:42:04,790 [INFO] PluginManage:310 - Check plugin projectmanager
2025-12-28 18:42:04,797 [INFO] PluginManage:359 - Loaded plugin projectmanager (category:projectmanager,tabindex:4)
2025-12-28 18:42:04,797 [INFO] PluginManage:310 - Check plugin rif
2025-12-28 18:42:04,800 [INFO] PluginManage:359 - Loaded plugin rif (category:base,tabindex:3)
2025-12-28 18:42:04,800 [INFO] PluginManage:310 - Check plugin thirdparty
2025-12-28 18:42:04,856 [INFO] PluginManage:359 - Loaded plugin thirdparty (category:base,tabindex:-1)
2025-12-28 18:42:04,856 [INFO] PluginManage:310 - Check plugin tools
2025-12-28 18:42:04,856 [WARN] IntegrityCheckThread:84 - waiting for thirdparty lock release [integrity check]
2025-12-28 18:42:04,856 [INFO] IntegrityCheckThread:86 - entering critical section [integrity check]
2025-12-28 18:42:04,857 [INFO] ThirdPartyUpdaterWithRetryManager:70 - Updater plugin not ready yet. [1/15]
2025-12-28 18:42:04,857 [INFO] PluginManage:359 - Loaded plugin tools (category:base,tabindex:7)
2025-12-28 18:42:04,857 [INFO] PluginManage:310 - Check plugin tutovideos
2025-12-28 18:42:04,934 [INFO] PluginManage:359 - Loaded plugin tutovideos (category:base,tabindex:-1)
2025-12-28 18:42:04,935 [INFO] PluginManage:310 - Check plugin updater
2025-12-28 18:42:04,945 [INFO] PluginManage:359 - Loaded plugin updater (category:base,tabindex:12)
2025-12-28 18:42:04,945 [INFO] PluginManage:310 - Check plugin userauth
2025-12-28 18:42:04,947 [INFO] UserAuth:118 - Init User Auth plugin
2025-12-28 18:42:04,947 [INFO] PluginManage:359 - Loaded plugin userauth (category:base,tabindex:14)
2025-12-28 18:42:04,947 [INFO] PluginManage:283 - PluginManage : Loaded plugins [18]
2025-12-28 18:42:05,012 [INFO] PinOutPanel:1589 - setPackage(No Configuration,No Configuration)
2025-12-28 18:42:05,037 [INFO] CADModel:165 - CPN selected for project level
2025-12-28 18:42:05,037 [INFO] CADModel:114 - Register for checkConnection events
2025-12-28 18:42:05,041 [INFO] IPUIPlugin:80 - create IPUIPlugin
2025-12-28 18:42:05,041 [INFO] PluginManager:220 - loadIPPluginJar : add i3c
2025-12-28 18:42:05,044 [INFO] IPUIPlugin:80 - create IPUIPlugin
2025-12-28 18:42:05,044 [INFO] PluginManager:220 - loadIPPluginJar : add stm32_wpan
2025-12-28 18:42:05,046 [INFO] IPUIPlugin:80 - create IPUIPlugin
2025-12-28 18:42:05,046 [INFO] PluginManager:220 - loadIPPluginJar : add ipddr
2025-12-28 18:42:05,046 [INFO] IPUIPlugin:80 - create IPUIPlugin
2025-12-28 18:42:05,046 [INFO] PluginManager:220 - loadIPPluginJar : add quadspi
2025-12-28 18:42:05,047 [INFO] IPUIPlugin:80 - create IPUIPlugin
2025-12-28 18:42:05,047 [INFO] PluginManager:220 - loadIPPluginJar : add hash
2025-12-28 18:42:05,048 [INFO] IPUIPlugin:80 - create IPUIPlugin
2025-12-28 18:42:05,048 [INFO] PluginManager:220 - loadIPPluginJar : add openamp
2025-12-28 18:42:05,049 [INFO] IPUIPlugin:80 - create IPUIPlugin
2025-12-28 18:42:05,049 [INFO] PluginManager:220 - loadIPPluginJar : add fmc
2025-12-28 18:42:05,050 [INFO] IPUIPlugin:80 - create IPUIPlugin
2025-12-28 18:42:05,050 [INFO] PluginManager:220 - loadIPPluginJar : add aes
2025-12-28 18:42:05,050 [INFO] IPUIPlugin:80 - create IPUIPlugin
2025-12-28 18:42:05,050 [INFO] PluginManager:220 - loadIPPluginJar : add ucpd
2025-12-28 18:42:05,051 [INFO] IPUIPlugin:80 - create IPUIPlugin
2025-12-28 18:42:05,051 [INFO] PluginManager:220 - loadIPPluginJar : add gfxmmu
2025-12-28 18:42:05,051 [INFO] IPUIPlugin:80 - create IPUIPlugin
2025-12-28 18:42:05,051 [INFO] PluginManager:220 - loadIPPluginJar : add tim
2025-12-28 18:42:05,052 [INFO] IPUIPlugin:80 - create IPUIPlugin
2025-12-28 18:42:05,052 [INFO] PluginManager:220 - loadIPPluginJar : add dfsdm
2025-12-28 18:42:05,053 [INFO] IPUIPlugin:80 - create IPUIPlugin
2025-12-28 18:42:05,053 [INFO] PluginManager:220 - loadIPPluginJar : add sai
2025-12-28 18:42:05,053 [INFO] IPUIPlugin:80 - create IPUIPlugin
2025-12-28 18:42:05,054 [INFO] PluginManager:220 - loadIPPluginJar : add radio
2025-12-28 18:42:05,054 [INFO] IPUIPlugin:80 - create IPUIPlugin
2025-12-28 18:42:05,055 [INFO] PluginManager:220 - loadIPPluginJar : add can
2025-12-28 18:42:05,056 [INFO] IPUIPlugin:80 - create IPUIPlugin
2025-12-28 18:42:05,056 [INFO] PluginManager:220 - loadIPPluginJar : add gpio
2025-12-28 18:42:05,057 [INFO] IPUIPlugin:80 - create IPUIPlugin
2025-12-28 18:42:05,057 [INFO] PluginManager:220 - loadIPPluginJar : add extmemmanager
2025-12-28 18:42:05,059 [INFO] IPUIPlugin:80 - create IPUIPlugin
2025-12-28 18:42:05,060 [INFO] PluginManager:220 - loadIPPluginJar : add linkedlist
2025-12-28 18:42:05,061 [INFO] IPUIPlugin:80 - create IPUIPlugin
2025-12-28 18:42:05,062 [INFO] PluginManager:220 - loadIPPluginJar : add plateformsettings
2025-12-28 18:42:05,064 [INFO] IPUIPlugin:80 - create IPUIPlugin
2025-12-28 18:42:05,064 [INFO] PluginManager:220 - loadIPPluginJar : add adc
2025-12-28 18:42:05,065 [INFO] IPUIPlugin:80 - create IPUIPlugin
2025-12-28 18:42:05,065 [INFO] PluginManager:220 - loadIPPluginJar : add spi
2025-12-28 18:42:05,066 [INFO] IPUIPlugin:80 - create IPUIPlugin
2025-12-28 18:42:05,067 [INFO] PluginManager:220 - loadIPPluginJar : add gic
2025-12-28 18:42:05,067 [INFO] IPUIPlugin:80 - create IPUIPlugin
2025-12-28 18:42:05,067 [INFO] PluginManager:220 - loadIPPluginJar : add nvic
2025-12-28 18:42:05,069 [INFO] IPUIPlugin:80 - create IPUIPlugin
2025-12-28 18:42:05,070 [INFO] PluginManager:220 - loadIPPluginJar : add dma
2025-12-28 18:42:05,070 [INFO] IPUIPlugin:80 - create IPUIPlugin
2025-12-28 18:42:05,070 [INFO] PluginManager:220 - loadIPPluginJar : add ddr_ctrl_phy
2025-12-28 18:42:05,071 [INFO] IPUIPlugin:80 - create IPUIPlugin
2025-12-28 18:42:05,071 [INFO] PluginManager:220 - loadIPPluginJar : add tracer_emb
2025-12-28 18:42:05,071 [INFO] IPUIPlugin:80 - create IPUIPlugin
2025-12-28 18:42:05,072 [INFO] PluginManager:220 - loadIPPluginJar : add lorawan
2025-12-28 18:42:05,072 [INFO] IPUIPlugin:80 - create IPUIPlugin
2025-12-28 18:42:05,072 [INFO] PluginManager:220 - loadIPPluginJar : add usbx
2025-12-28 18:42:05,073 [INFO] IPUIPlugin:80 - create IPUIPlugin
2025-12-28 18:42:05,073 [INFO] PluginManager:220 - loadIPPluginJar : add ltdc
2025-12-28 18:42:05,073 [INFO] IPUIPlugin:80 - create IPUIPlugin
2025-12-28 18:42:05,073 [INFO] PluginManager:220 - loadIPPluginJar : add pdm2pcm
2025-12-28 18:42:05,074 [INFO] IPUIPlugin:80 - create IPUIPlugin
2025-12-28 18:42:05,074 [INFO] PluginManager:220 - loadIPPluginJar : add cryp
2025-12-28 18:42:05,075 [INFO] IPUIPlugin:80 - create IPUIPlugin
2025-12-28 18:42:05,075 [INFO] PluginManager:220 - loadIPPluginJar : add ts
2025-12-28 18:42:05,075 [INFO] IPUIPlugin:80 - create IPUIPlugin
2025-12-28 18:42:05,075 [INFO] PluginManager:220 - loadIPPluginJar : add fatfs
2025-12-28 18:42:05,076 [INFO] IPUIPlugin:80 - create IPUIPlugin
2025-12-28 18:42:05,076 [INFO] PluginManager:220 - loadIPPluginJar : add opamp
2025-12-28 18:42:05,076 [INFO] IPUIPlugin:80 - create IPUIPlugin
2025-12-28 18:42:05,076 [INFO] PluginManager:220 - loadIPPluginJar : add comp
2025-12-28 18:42:05,077 [INFO] IPUIPlugin:80 - create IPUIPlugin
2025-12-28 18:42:05,077 [INFO] PluginManager:220 - loadIPPluginJar : add resmgrutility
2025-12-28 18:42:05,077 [INFO] IPUIPlugin:80 - create IPUIPlugin
2025-12-28 18:42:05,078 [INFO] PluginManager:220 - loadIPPluginJar : add gtzc
2025-12-28 18:42:05,079 [INFO] IPUIPlugin:80 - create IPUIPlugin
2025-12-28 18:42:05,079 [INFO] PluginManager:220 - loadIPPluginJar : add mdma
2025-12-28 18:42:05,080 [INFO] IPUIPlugin:80 - create IPUIPlugin
2025-12-28 18:42:05,080 [INFO] PluginManager:220 - loadIPPluginJar : add genericplugin
2025-12-28 18:42:05,080 [INFO] IPUIPlugin:80 - create IPUIPlugin
2025-12-28 18:42:05,080 [INFO] PluginManager:220 - loadIPPluginJar : add tsc
2025-12-28 18:42:05,081 [INFO] IPUIPlugin:80 - create IPUIPlugin
2025-12-28 18:42:05,081 [INFO] PluginManager:220 - loadIPPluginJar : add i2c
2025-12-28 18:42:05,082 [INFO] IPUIPlugin:80 - create IPUIPlugin
2025-12-28 18:42:05,082 [INFO] PluginManager:220 - loadIPPluginJar : add touchsensing
2025-12-28 18:42:05,083 [INFO] IPUIPlugin:80 - create IPUIPlugin
2025-12-28 18:42:05,083 [INFO] PluginManager:220 - loadIPPluginJar : add freertos
2025-12-28 18:42:05,084 [INFO] IPUIPlugin:80 - create IPUIPlugin
2025-12-28 18:42:05,084 [INFO] PluginManager:220 - loadIPPluginJar : add dma3
2025-12-28 18:42:05,085 [INFO] IPUIPlugin:80 - create IPUIPlugin
2025-12-28 18:42:05,085 [INFO] PluginManager:220 - loadIPPluginJar : add usart
2025-12-28 18:42:05,085 [INFO] IPUIPlugin:80 - create IPUIPlugin
2025-12-28 18:42:05,085 [INFO] PluginManager:220 - loadIPPluginJar : add i2s
2025-12-28 18:42:05,169 [FATAL] Updater:351 - Updater called before beeing initialized
2025-12-28 18:42:05,178 [INFO] RulesReader:64 - Compatibility file has been processed (317 Rules)
2025-12-28 18:42:05,181 [INFO] RulesReader:64 - Compatibility file has been processed (317 Rules)
2025-12-28 18:42:05,184 [INFO] CADModel:165 - CPN selected for project level
2025-12-28 18:42:05,184 [INFO] CADModel:114 - Register for checkConnection events
2025-12-28 18:42:05,184 [FATAL] Updater:351 - Updater called before beeing initialized
2025-12-28 18:42:05,184 [ERROR] CADModel:125 - Updater not yet initialized, retry later 
2025-12-28 18:42:05,233 [FATAL] Updater:351 - Updater called before beeing initialized
2025-12-28 18:42:05,234 [INFO] CADModel:165 - CPN selected for project level
2025-12-28 18:42:05,234 [INFO] CADModel:114 - Register for checkConnection events
2025-12-28 18:42:05,234 [FATAL] Updater:351 - Updater called before beeing initialized
2025-12-28 18:42:05,234 [ERROR] CADModel:125 - Updater not yet initialized, retry later 
2025-12-28 18:42:05,236 [FATAL] Updater:351 - Updater called before beeing initialized
2025-12-28 18:42:05,264 [FATAL] Updater:351 - Updater called before beeing initialized
2025-12-28 18:42:05,266 [INFO] DbMcusAds:53 - JSON generation date=Fri Dec 05 04:13:14 EST 2025 (1764925994495)
2025-12-28 18:42:05,266 [FATAL] Updater:351 - Updater called before beeing initialized
2025-12-28 18:42:05,279 [WARN] DetailPanel:346 - Failed to get advertising image, set to default
2025-12-28 18:42:05,312 [FATAL] Updater:351 - Updater called before beeing initialized
2025-12-28 18:42:05,313 [FATAL] Updater:351 - Updater called before beeing initialized
2025-12-28 18:42:05,313 [FATAL] Updater:351 - Updater called before beeing initialized
2025-12-28 18:42:05,313 [WARN] DetailPanel:346 - Failed to get advertising image, set to default
2025-12-28 18:42:05,314 [FATAL] Updater:351 - Updater called before beeing initialized
2025-12-28 18:42:05,356 [ERROR] Updater:1198 - MainUpdater not yet initialized. External WinMGr cannot be set.
2025-12-28 18:42:05,356 [INFO] Updater:1134 - Updater Version found : 6.15.0
2025-12-28 18:42:05,365 [INFO] ApplicationProperties:184 - Using Application install path: /opt/st/stm32cubeide_1.19.0/plugins/com.st.stm32cube.common.mx_6.15.0.202507011659
2025-12-28 18:42:05,499 [INFO] MainUpdater:2872 - connection check result : 10
2025-12-28 18:42:05,500 [INFO] MainUpdater:289 - Updater Check For Update Now.
2025-12-28 18:42:05,500 [INFO] MicroXplorer:498 - Change Database Version : DB.6.0.150
2025-12-28 18:42:05,635 [INFO] CheckServerUpdateThread:120 - End of CheckServer Thread
2025-12-28 18:42:05,707 [INFO] MainUpdater:2872 - connection check result : 10
2025-12-28 18:42:05,707 [INFO] MainUpdater:2872 - connection check result : 10
2025-12-28 18:42:07,917 [WARN] PackLoader:240 - Cannot read IP mode file for STMicroelectronics.FP-SNS-MOTENVWB1.1.4.0
2025-12-28 18:42:07,921 [WARN] PackLoader:240 - Cannot read IP mode file for STMicroelectronics.FP-ATR-ASTRA1.2.0.2
2025-12-28 18:42:07,924 [WARN] PackLoader:240 - Cannot read IP mode file for STMicroelectronics.X-CUBE-SMBUS.2.1.0
2025-12-28 18:42:07,937 [WARN] PackLoader:240 - Cannot read IP mode file for STMicroelectronics.X-CUBE-AZRTOS-F7.1.1.0
2025-12-28 18:42:07,941 [WARN] PackLoader:240 - Cannot read IP mode file for Cesanta.I-CUBE-Mongoose.7.19.0
2025-12-28 18:42:07,942 [WARN] PackLoader:240 - Cannot read IP mode file for STMicroelectronics.FP-SNS-MOTENV1.5.1.0
2025-12-28 18:42:07,947 [WARN] PackLoader:240 - Cannot read IP mode file for WES.I-CUBE-Cesium.1.4.0
2025-12-28 18:42:07,955 [WARN] PackLoader:240 - Cannot read IP mode file for Infineon.AIROC-Wi-Fi-Bluetooth-STM32.1.7.1
2025-12-28 18:42:07,965 [WARN] PackLoader:240 - Cannot read IP mode file for STMicroelectronics.X-CUBE-AZRTOS-H7.3.4.0
2025-12-28 18:42:07,975 [WARN] PackLoader:240 - Cannot read IP mode file for STMicroelectronics.X-CUBE-DISPLAY.3.0.0
2025-12-28 18:42:07,979 [WARN] PackLoader:240 - Cannot read IP mode file for STMicroelectronics.X-CUBE-NFC10.1.0.0
2025-12-28 18:42:07,982 [WARN] PackLoader:240 - Cannot read IP mode file for STMicroelectronics.X-CUBE-ST60.1.1.0
2025-12-28 18:42:07,984 [WARN] PackLoader:240 - Cannot read IP mode file for emotas.I-CUBE-CANOPEN.1.3.0
2025-12-28 18:42:07,986 [WARN] PackLoader:240 - Cannot read IP mode file for STMicroelectronics.X-CUBE-GNSS1.7.1.0
2025-12-28 18:42:07,988 [WARN] PackLoader:240 - Cannot read IP mode file for STMicroelectronics.FP-SNS-STBOX1.2.1.0
2025-12-28 18:42:07,990 [WARN] PackLoader:240 - Cannot read IP mode file for STMicroelectronics.FP-SNS-SMARTAG2.1.2.0
2025-12-28 18:42:07,991 [WARN] PackLoader:240 - Cannot read IP mode file for STMicroelectronics.FP-SNS-FLIGHT1.5.1.0
2025-12-28 18:42:07,993 [INFO] LogOutputStream:77 - [STDOUT_REDIRECT] 1 : Invalid condition id : UX_CORESTACK_Condition cause : null
2025-12-28 18:42:07,993 [INFO] LogOutputStream:77 - [STDOUT_REDIRECT] 1 : Invalid condition id : UX_CORESTACK_Condition cause : null
2025-12-28 18:42:07,993 [INFO] LogOutputStream:77 - [STDOUT_REDIRECT] 1 : Invalid condition id : UX_CORESTACK_Condition cause : null
2025-12-28 18:42:07,994 [INFO] LogOutputStream:77 - [STDOUT_REDIRECT] 1 : Invalid condition id : UX_CORESTACK_Condition cause : null
2025-12-28 18:42:07,994 [INFO] LogOutputStream:77 - [STDOUT_REDIRECT] 1 : Invalid condition id : UX_CORESTACK_Condition cause : null
2025-12-28 18:42:07,995 [WARN] PackLoader:240 - Cannot read IP mode file for STMicroelectronics.X-CUBE-AZRTOS-WL.2.0.0
2025-12-28 18:42:08,002 [WARN] PackLoader:240 - Cannot read IP mode file for STMicroelectronics.X-CUBE-AZRTOS-H7RS.1.2.0
2025-12-28 18:42:08,005 [WARN] PackLoader:240 - Cannot read IP mode file for STMicroelectronics.X-CUBE-BLE2.3.3.0
2025-12-28 18:42:08,011 [WARN] PackLoader:240 - Cannot read IP mode file for STMicroelectronics.X-CUBE-NFC9.1.0.0
2025-12-28 18:42:08,012 [WARN] PackLoader:240 - Cannot read IP mode file for wolfSSL.I-CUBE-wolfSSL.5.8.2
2025-12-28 18:42:08,013 [WARN] PackLoader:240 - Cannot read IP mode file for STMicroelectronics.X-CUBE-BLE1.7.1.0
2025-12-28 18:42:08,014 [WARN] PackLoader:240 - Cannot read IP mode file for wolfSSL.I-CUBE-wolfMQTT.1.19.2
2025-12-28 18:42:08,016 [WARN] PackLoader:240 - Cannot read IP mode file for STMicroelectronics.X-CUBE-FREERTOS.1.4.0
2025-12-28 18:42:08,018 [WARN] PackLoader:240 - Cannot read IP mode file for STMicroelectronics.X-CUBE-EEPRMA1.5.2.0
2025-12-28 18:42:08,020 [WARN] PackLoader:240 - Cannot read IP mode file for STMicroelectronics.X-CUBE-ST67W61.1.1.0
2025-12-28 18:42:08,034 [WARN] PackLoader:240 - Cannot read IP mode file for STMicroelectronics.X-CUBE-MEMS1.12.0.0
2025-12-28 18:42:08,066 [WARN] PackLoader:240 - Cannot read IP mode file for STMicroelectronics.X-CUBE-AZRTOS-G0.1.1.0
2025-12-28 18:42:08,074 [WARN] PackLoader:240 - Cannot read IP mode file for STMicroelectronics.X-CUBE-NFC4.3.0.0
2025-12-28 18:42:08,077 [WARN] PackLoader:240 - Cannot read IP mode file for EmbeddedOffice.I-CUBE-FS-RTOS.1.0.1
2025-12-28 18:42:08,104 [WARN] PackLoader:240 - Cannot read IP mode file for STMicroelectronics.X-CUBE-WB05N.2.0.0
2025-12-28 18:42:08,105 [WARN] PackLoader:240 - Cannot read IP mode file for wolfSSL.I-CUBE-wolfTPM.3.8.0
2025-12-28 18:42:08,106 [WARN] PackLoader:240 - Cannot read IP mode file for STMicroelectronics.X-CUBE-TCPP.4.2.0
2025-12-28 18:42:08,107 [WARN] PackLoader:240 - Cannot read IP mode file for RealThread.X-CUBE-RT-Thread_Nano.4.1.1
2025-12-28 18:42:08,108 [WARN] PackLoader:240 - Cannot read IP mode file for STMicroelectronics.FP-ATR-SIGFOX1.3.2.0
2025-12-28 18:42:08,109 [WARN] PackLoader:240 - Cannot read IP mode file for ITTIA_DB.I-CUBE-ITTIADB.8.9.0
2025-12-28 18:42:08,109 [WARN] PackLoader:240 - Cannot read IP mode file for STMicroelectronics.X-CUBE-AI.10.2.0
2025-12-28 18:42:08,117 [WARN] PackLoader:240 - Cannot read IP mode file for SEGGER.I-CUBE-embOS.1.3.1
2025-12-28 18:42:08,127 [WARN] PackLoader:240 - Cannot read IP mode file for STMicroelectronics.X-CUBE-ALGOBUILD.1.4.0
2025-12-28 18:42:08,140 [WARN] PackLoader:240 - Cannot read IP mode file for STMicroelectronics.X-CUBE-MEMS1.11.3.0
2025-12-28 18:42:08,179 [WARN] PackLoader:240 - Cannot read IP mode file for STMicroelectronics.X-CUBE-PM33A1.1.0.0
2025-12-28 18:42:08,195 [WARN] PackLoader:240 - Cannot read IP mode file for STMicroelectronics.X-CUBE-AZRTOS-F4.1.1.0
2025-12-28 18:42:08,198 [WARN] PackLoader:240 - Cannot read IP mode file for STMicroelectronics.X-CUBE-ISPU.2.1.0
2025-12-28 18:42:08,202 [WARN] PackLoader:240 - Cannot read IP mode file for STMicroelectronics.X-CUBE-IPS.3.2.0
2025-12-28 18:42:08,205 [WARN] PackLoader:240 - Cannot read IP mode file for STMicroelectronics.X-CUBE-NFC12.1.0.0
2025-12-28 18:42:08,209 [WARN] PackLoader:240 - Cannot read IP mode file for STMicroelectronics.X-CUBE-AZRTOS-L5.2.0.0
2025-12-28 18:42:08,212 [WARN] PackLoader:240 - Cannot read IP mode file for STMicroelectronics.X-CUBE-NFC6.3.1.0
2025-12-28 18:42:08,213 [WARN] PackLoader:240 - Cannot read IP mode file for STMicroelectronics.X-CUBE-FREERTOS.1.3.1
2025-12-28 18:42:08,227 [WARN] PackLoader:240 - Cannot read IP mode file for STMicroelectronics.X-CUBE-TOUCHGFX.4.26.0
2025-12-28 18:42:08,228 [WARN] PackLoader:240 - Cannot read IP mode file for STMicroelectronics.FP-SNS-STAIOTCFT.1.0.0
2025-12-28 18:42:08,229 [WARN] PackLoader:240 - Cannot read IP mode file for STMicroelectronics.X-CUBE-DPower.1.3.0
2025-12-28 18:42:08,233 [WARN] ConditionMgr:438 - getConditionDescription Invalid condition id : LAN8742 Phy interface Condition cause : null
2025-12-28 18:42:08,233 [WARN] PackLoader:240 - Cannot read IP mode file for STMicroelectronics.X-CUBE-AZRTOS-L4.2.0.0
2025-12-28 18:42:08,234 [WARN] ConditionMgr:1044 - genDependencies : Invalid condition id : LAN8742 Phy interface Condition cause : null
2025-12-28 18:42:08,234 [WARN] ConditionMgr:1044 - genDependencies : Invalid condition id : LAN8742 Phy interface Condition cause : null
2025-12-28 18:42:08,234 [WARN] ConditionMgr:1044 - genDependencies : Invalid condition id : LAN8742 Phy interface Condition cause : null
2025-12-28 18:42:08,236 [WARN] PackLoader:240 - Cannot read IP mode file for STMicroelectronics.X-CUBE-SFXS2LP1.4.0.0
2025-12-28 18:42:08,239 [WARN] PackLoader:240 - Cannot read IP mode file for STMicroelectronics.X-CUBE-BLEMGR.4.1.0
2025-12-28 18:42:08,242 [WARN] ConditionMgr:438 - getConditionDescription Invalid condition id : UX DEVICE CLASS RTOS Condition cause : null
2025-12-28 18:42:08,242 [WARN] ConditionMgr:438 - getConditionDescription Invalid condition id : UX DEVICE CLASS RTOS Condition cause : null
2025-12-28 18:42:08,243 [WARN] PackLoader:240 - Cannot read IP mode file for STMicroelectronics.X-CUBE-AZRTOS-WB.2.0.0
2025-12-28 18:42:08,243 [WARN] ConditionMgr:1044 - genDependencies : Invalid condition id : UX DEVICE CLASS RTOS Condition cause : null
2025-12-28 18:42:08,243 [WARN] ConditionMgr:1044 - genDependencies : Invalid condition id : UX DEVICE CLASS RTOS Condition cause : null
2025-12-28 18:42:08,243 [WARN] ConditionMgr:1044 - genDependencies : Invalid condition id : UX DEVICE CLASS RTOS Condition cause : null
2025-12-28 18:42:08,243 [WARN] ConditionMgr:1044 - genDependencies : Invalid condition id : UX DEVICE CLASS RTOS Condition cause : null
2025-12-28 18:42:08,243 [WARN] ConditionMgr:1044 - genDependencies : Invalid condition id : UX DEVICE CLASS RTOS Condition cause : null
2025-12-28 18:42:08,244 [WARN] ConditionMgr:438 - getConditionDescription Invalid condition id : Cortex-A Device cause : null
2025-12-28 18:42:08,245 [WARN] ConditionMgr:1044 - genDependencies : Invalid condition id : Cortex-A Device cause : null
2025-12-28 18:42:08,245 [WARN] ConditionMgr:1044 - genDependencies : Invalid condition id : Cortex-A Device cause : null
2025-12-28 18:42:08,245 [WARN] ConditionMgr:1044 - genDependencies : Invalid condition id : Cortex-A Device cause : null
2025-12-28 18:42:08,247 [WARN] PackLoader:240 - Cannot read IP mode file for STMicroelectronics.X-CUBE-SUBG2.5.0.0
2025-12-28 18:42:08,256 [WARN] PackLoader:240 - Cannot read IP mode file for STMicroelectronics.X-CUBE-AZRTOS-H7RS.1.1.0
2025-12-28 18:42:08,260 [WARN] PackLoader:240 - Cannot read IP mode file for STMicroelectronics.X-CUBE-AZRTOS-G4.2.0.0
2025-12-28 18:42:08,262 [WARN] PackLoader:240 - Cannot read IP mode file for wolfSSL.I-CUBE-wolfSSH.1.4.20
2025-12-28 18:42:08,262 [WARN] PackLoader:240 - Cannot read IP mode file for STMicroelectronics.X-CUBE-NFC7.2.0.0
2025-12-28 18:42:08,263 [WARN] PackLoader:240 - Cannot read IP mode file for STMicroelectronics.X-CUBE-ALS.1.0.2
2025-12-28 18:42:08,264 [WARN] PackLoader:240 - Cannot read IP mode file for STMicroelectronics.X-CUBE-STSE01.1.0.0
2025-12-28 18:42:08,267 [WARN] PackLoader:240 - Cannot read IP mode file for STMicroelectronics.X-CUBE-TOF1.3.4.3
2025-12-28 18:42:08,270 [INFO] ThirdParty:978 - Integrity check success = true
2025-12-28 18:42:08,270 [INFO] IntegrityCheckThread:100 - exiting critical section [integrity check]
2025-12-28 18:42:08,270 [INFO] IntegrityCheckThread:103 - End integrity checks thread
2025-12-28 18:51:03,145 [INFO] Activator:176 - 


2025-12-28 18:51:03,145 [INFO] Activator:177 - !SESSION log4j initialized
2025-12-28 18:51:03,763 [INFO] ApplicationProperties:184 - Using Application install path: /opt/st/stm32cubeide_1.19.0/plugins/com.st.stm32cube.common.mx_6.15.0.202507011659
2025-12-28 18:51:03,769 [INFO] DbMcusXml:78 - Set database path to: /opt/st/stm32cubeide_1.19.0/plugins/com.st.stm32cube.common.mx_6.15.0.202507011659//db//mcu/
2025-12-28 18:51:03,769 [INFO] ApiDb:274 - Set plugin database path to: /opt/st/stm32cubeide_1.19.0/plugins/com.st.stm32cube.common.mx_6.15.0.202507011659//db//plugins/boardmanager/
2025-12-28 18:51:03,770 [WARN] ApiDb:259 - Overriding images path with different value:  => /opt/st/stm32cubeide_1.19.0/plugins/com.st.stm32cube.common.mx_6.15.0.202507011659//db//plugins/mcufinder/images/
2025-12-28 18:51:03,771 [INFO] ApiDb:250 - Set database path to: /home/lucasnascimento/.stmcufinder/plugins/mcufinder//mcu/
2025-12-28 18:51:03,771 [INFO] DbMcusAds:125 - Set database path to: /home/lucasnascimento/.stmcufinder/plugins/mcufinder//mcu/
2025-12-28 18:51:03,811 [INFO] CrossReferenceDbSqlite:203 - Set database path to: /home/lucasnascimento/.stmcufinder/plugins/mcufinder//mcu/cs/
2025-12-28 18:51:03,848 [INFO] RulesReader:64 - Compatibility file has been processed (317 Rules)
2025-12-28 18:51:03,869 [INFO] DbMcusXml:78 - Set database path to: /opt/st/stm32cubeide_1.19.0/plugins/com.st.stm32cube.common.mx_6.15.0.202507011659//db//mcu/
2025-12-28 18:51:03,870 [INFO] ApiDb:274 - Set plugin database path to: /opt/st/stm32cubeide_1.19.0/plugins/com.st.stm32cube.common.mx_6.15.0.202507011659//db//plugins/boardmanager/
2025-12-28 18:51:03,870 [INFO] ApiDb:261 - Set plugin images path to: /opt/st/stm32cubeide_1.19.0/plugins/com.st.stm32cube.common.mx_6.15.0.202507011659//db//plugins/mcufinder/images/
2025-12-28 18:51:03,870 [WARN] DbFile:41 - Overriding database path with different value: /home/lucasnascimento/.stmcufinder/plugins/mcufinder/ => /home/lucasnascimento/.stmcufinder/plugins/mcufinder
2025-12-28 18:51:03,870 [INFO] ApiDb:250 - Set database path to: /home/lucasnascimento/.stmcufinder/plugins/mcufinder//mcu/
2025-12-28 18:51:03,870 [WARN] DbFile:41 - Overriding database path with different value: /home/lucasnascimento/.stmcufinder/plugins/mcufinder/ => /home/lucasnascimento/.stmcufinder/plugins/mcufinder
2025-12-28 18:51:03,870 [INFO] DbMcusAds:125 - Set database path to: /home/lucasnascimento/.stmcufinder/plugins/mcufinder//mcu/
2025-12-28 18:51:03,870 [WARN] DbFile:41 - Overriding database path with different value: /home/lucasnascimento/.stmcufinder/plugins/mcufinder/ => /home/lucasnascimento/.stmcufinder/plugins/mcufinder
2025-12-28 18:51:03,870 [WARN] DbFile:41 - Overriding database path with different value: /home/lucasnascimento/.stmcufinder/plugins/mcufinder/ => /home/lucasnascimento/.stmcufinder/plugins/mcufinder
2025-12-28 18:51:03,870 [INFO] CrossReferenceDbSqlite:203 - Set database path to: /home/lucasnascimento/.stmcufinder/plugins/mcufinder//mcu/cs/
2025-12-28 18:51:03,890 [INFO] MainPanel:274 - HeapMemory: 268435456
2025-12-28 18:51:03,927 [INFO] DbMcusXml:78 - Set database path to: /opt/st/stm32cubeide_1.19.0/plugins/com.st.stm32cube.common.mx_6.15.0.202507011659//db//mcu/
2025-12-28 18:51:03,927 [INFO] ApiDb:274 - Set plugin database path to: /opt/st/stm32cubeide_1.19.0/plugins/com.st.stm32cube.common.mx_6.15.0.202507011659//db//plugins/boardmanager/
2025-12-28 18:51:03,927 [INFO] ApiDb:261 - Set plugin images path to: /opt/st/stm32cubeide_1.19.0/plugins/com.st.stm32cube.common.mx_6.15.0.202507011659//db//plugins/mcufinder/images/
2025-12-28 18:51:03,927 [WARN] DbFile:41 - Overriding database path with different value: /home/lucasnascimento/.stmcufinder/plugins/mcufinder/ => /home/lucasnascimento/.stmcufinder/plugins/mcufinder
2025-12-28 18:51:03,927 [INFO] ApiDb:250 - Set database path to: /home/lucasnascimento/.stmcufinder/plugins/mcufinder//mcu/
2025-12-28 18:51:03,927 [WARN] DbFile:41 - Overriding database path with different value: /home/lucasnascimento/.stmcufinder/plugins/mcufinder/ => /home/lucasnascimento/.stmcufinder/plugins/mcufinder
2025-12-28 18:51:03,927 [INFO] DbMcusAds:125 - Set database path to: /home/lucasnascimento/.stmcufinder/plugins/mcufinder//mcu/
2025-12-28 18:51:03,927 [WARN] DbFile:41 - Overriding database path with different value: /home/lucasnascimento/.stmcufinder/plugins/mcufinder/ => /home/lucasnascimento/.stmcufinder/plugins/mcufinder
2025-12-28 18:51:03,927 [WARN] DbFile:41 - Overriding database path with different value: /home/lucasnascimento/.stmcufinder/plugins/mcufinder/ => /home/lucasnascimento/.stmcufinder/plugins/mcufinder
2025-12-28 18:51:03,927 [INFO] CrossReferenceDbSqlite:203 - Set database path to: /home/lucasnascimento/.stmcufinder/plugins/mcufinder//mcu/cs/
2025-12-28 18:51:03,932 [INFO] ApplicationProperties:184 - Using Application install path: /opt/st/stm32cubeide_1.19.0/plugins/com.st.stm32cube.common.mx_6.15.0.202507011659
2025-12-28 18:51:03,932 [INFO] PluginManage:196 - Search for loadable plugins [exclusion list=, ]
2025-12-28 18:51:03,933 [INFO] PluginManage:310 - Check plugin analytics
2025-12-28 18:51:04,061 [INFO] AnalyticsPlugin:253 - Accepted Software Licenses: 
2025-12-28 18:51:04,061 [INFO] AnalyticsPlugin:255 - Accepted CMSIS Pack Licenses: STMicroelectronics.X-CUBE-FREERTOS.1.3.1,EmbeddedOffice.I-CUBE-FS-RTOS.1.0.1
2025-12-28 18:51:04,061 [INFO] AnalyticsPlugin:257 - Accepted Firmware Licenses: FW.H5.1.5.0
2025-12-28 18:51:04,062 [INFO] PluginManage:359 - Loaded plugin analytics (category:tool,tabindex:-1)
2025-12-28 18:51:04,062 [INFO] PluginManage:310 - Check plugin cadmodel
2025-12-28 18:51:04,064 [INFO] CADModel:105 - Init CAD model plugin
2025-12-28 18:51:04,064 [INFO] PluginManage:359 - Loaded plugin cadmodel (category:power,tabindex:5)
2025-12-28 18:51:04,064 [INFO] PluginManage:310 - Check plugin clock
2025-12-28 18:51:04,067 [INFO] PluginManage:359 - Loaded plugin clock (category:base,tabindex:2)
2025-12-28 18:51:04,067 [INFO] PluginManage:310 - Check plugin ddr
2025-12-28 18:51:04,068 [INFO] PluginManage:359 - Loaded plugin ddr (category:tool,tabindex:6)
2025-12-28 18:51:04,068 [INFO] PluginManage:310 - Check plugin filemanager
2025-12-28 18:51:04,125 [INFO] PluginManage:359 - Loaded plugin filemanager (category:base,tabindex:10)
2025-12-28 18:51:04,125 [INFO] PluginManage:310 - Check plugin ipmanager
2025-12-28 18:51:04,128 [INFO] PluginManage:359 - Loaded plugin ipmanager (category:base,tabindex:5)
2025-12-28 18:51:04,128 [INFO] PluginManage:310 - Check plugin lpbam
2025-12-28 18:51:04,131 [INFO] PluginManage:359 - Loaded plugin lpbam (category:base,tabindex:0)
2025-12-28 18:51:04,131 [INFO] PluginManage:310 - Check plugin memorymap
2025-12-28 18:51:04,136 [INFO] PluginManage:359 - Loaded plugin memorymap (category:base,tabindex:4)
2025-12-28 18:51:04,136 [INFO] PluginManage:310 - Check plugin pinoutandconfiguration
2025-12-28 18:51:04,138 [INFO] PluginManage:359 - Loaded plugin pinoutandconfiguration (category:base,tabindex:1)
2025-12-28 18:51:04,138 [INFO] PluginManage:310 - Check plugin pinoutconfig
2025-12-28 18:51:04,168 [WARN] SupportedApi:132 - Cannot load RTOS API schema: s4s-elt-must-match.1: The content of 'definitions' must match (annotation?, (simpleType | complexType)?, (unique | key | keyref)*)). A problem was found starting at: attribute.
2025-12-28 18:51:04,210 [INFO] PluginManage:359 - Loaded plugin pinoutconfig (category:base,tabindex:0)
2025-12-28 18:51:04,210 [INFO] PluginManage:310 - Check plugin power
2025-12-28 18:51:04,213 [INFO] PluginManage:359 - Loaded plugin power (category:power,tabindex:4)
2025-12-28 18:51:04,213 [INFO] PluginManage:310 - Check plugin projectmanager
2025-12-28 18:51:04,220 [INFO] PluginManage:359 - Loaded plugin projectmanager (category:projectmanager,tabindex:4)
2025-12-28 18:51:04,220 [INFO] PluginManage:310 - Check plugin rif
2025-12-28 18:51:04,223 [INFO] PluginManage:359 - Loaded plugin rif (category:base,tabindex:3)
2025-12-28 18:51:04,223 [INFO] PluginManage:310 - Check plugin thirdparty
2025-12-28 18:51:04,263 [INFO] PluginManage:359 - Loaded plugin thirdparty (category:base,tabindex:-1)
2025-12-28 18:51:04,263 [INFO] PluginManage:310 - Check plugin tools
2025-12-28 18:51:04,263 [WARN] IntegrityCheckThread:84 - waiting for thirdparty lock release [integrity check]
2025-12-28 18:51:04,263 [INFO] IntegrityCheckThread:86 - entering critical section [integrity check]
2025-12-28 18:51:04,264 [INFO] ThirdPartyUpdaterWithRetryManager:70 - Updater plugin not ready yet. [1/15]
2025-12-28 18:51:04,264 [INFO] PluginManage:359 - Loaded plugin tools (category:base,tabindex:7)
2025-12-28 18:51:04,264 [INFO] PluginManage:310 - Check plugin tutovideos
2025-12-28 18:51:04,357 [INFO] PluginManage:359 - Loaded plugin tutovideos (category:base,tabindex:-1)
2025-12-28 18:51:04,357 [INFO] PluginManage:310 - Check plugin updater
2025-12-28 18:51:04,369 [INFO] PluginManage:359 - Loaded plugin updater (category:base,tabindex:12)
2025-12-28 18:51:04,369 [INFO] PluginManage:310 - Check plugin userauth
2025-12-28 18:51:04,371 [INFO] UserAuth:118 - Init User Auth plugin
2025-12-28 18:51:04,371 [INFO] PluginManage:359 - Loaded plugin userauth (category:base,tabindex:14)
2025-12-28 18:51:04,371 [INFO] PluginManage:283 - PluginManage : Loaded plugins [18]
2025-12-28 18:51:04,436 [INFO] PinOutPanel:1589 - setPackage(No Configuration,No Configuration)
2025-12-28 18:51:04,463 [INFO] CADModel:165 - CPN selected for project level
2025-12-28 18:51:04,463 [INFO] CADModel:114 - Register for checkConnection events
2025-12-28 18:51:04,468 [INFO] IPUIPlugin:80 - create IPUIPlugin
2025-12-28 18:51:04,468 [INFO] PluginManager:220 - loadIPPluginJar : add i3c
2025-12-28 18:51:04,497 [INFO] IPUIPlugin:80 - create IPUIPlugin
2025-12-28 18:51:04,498 [INFO] PluginManager:220 - loadIPPluginJar : add stm32_wpan
2025-12-28 18:51:04,499 [INFO] IPUIPlugin:80 - create IPUIPlugin
2025-12-28 18:51:04,499 [INFO] PluginManager:220 - loadIPPluginJar : add ipddr
2025-12-28 18:51:04,499 [INFO] IPUIPlugin:80 - create IPUIPlugin
2025-12-28 18:51:04,499 [INFO] PluginManager:220 - loadIPPluginJar : add quadspi
2025-12-28 18:51:04,500 [INFO] IPUIPlugin:80 - create IPUIPlugin
2025-12-28 18:51:04,500 [INFO] PluginManager:220 - loadIPPluginJar : add hash
2025-12-28 18:51:04,501 [INFO] IPUIPlugin:80 - create IPUIPlugin
2025-12-28 18:51:04,501 [INFO] PluginManager:220 - loadIPPluginJar : add openamp
2025-12-28 18:51:04,502 [INFO] IPUIPlugin:80 - create IPUIPlugin
2025-12-28 18:51:04,502 [INFO] PluginManager:220 - loadIPPluginJar : add fmc
2025-12-28 18:51:04,503 [INFO] IPUIPlugin:80 - create IPUIPlugin
2025-12-28 18:51:04,503 [INFO] PluginManager:220 - loadIPPluginJar : add aes
2025-12-28 18:51:04,503 [INFO] IPUIPlugin:80 - create IPUIPlugin
2025-12-28 18:51:04,503 [INFO] PluginManager:220 - loadIPPluginJar : add ucpd
2025-12-28 18:51:04,504 [INFO] IPUIPlugin:80 - create IPUIPlugin
2025-12-28 18:51:04,504 [INFO] PluginManager:220 - loadIPPluginJar : add gfxmmu
2025-12-28 18:51:04,504 [INFO] IPUIPlugin:80 - create IPUIPlugin
2025-12-28 18:51:04,504 [INFO] PluginManager:220 - loadIPPluginJar : add tim
2025-12-28 18:51:04,505 [INFO] IPUIPlugin:80 - create IPUIPlugin
2025-12-28 18:51:04,505 [INFO] PluginManager:220 - loadIPPluginJar : add dfsdm
2025-12-28 18:51:04,506 [INFO] IPUIPlugin:80 - create IPUIPlugin
2025-12-28 18:51:04,506 [INFO] PluginManager:220 - loadIPPluginJar : add sai
2025-12-28 18:51:04,506 [INFO] IPUIPlugin:80 - create IPUIPlugin
2025-12-28 18:51:04,507 [INFO] PluginManager:220 - loadIPPluginJar : add radio
2025-12-28 18:51:04,508 [INFO] IPUIPlugin:80 - create IPUIPlugin
2025-12-28 18:51:04,508 [INFO] PluginManager:220 - loadIPPluginJar : add can
2025-12-28 18:51:04,509 [INFO] IPUIPlugin:80 - create IPUIPlugin
2025-12-28 18:51:04,509 [INFO] PluginManager:220 - loadIPPluginJar : add gpio
2025-12-28 18:51:04,510 [INFO] IPUIPlugin:80 - create IPUIPlugin
2025-12-28 18:51:04,510 [INFO] PluginManager:220 - loadIPPluginJar : add extmemmanager
2025-12-28 18:51:04,513 [INFO] IPUIPlugin:80 - create IPUIPlugin
2025-12-28 18:51:04,513 [INFO] PluginManager:220 - loadIPPluginJar : add linkedlist
2025-12-28 18:51:04,515 [INFO] IPUIPlugin:80 - create IPUIPlugin
2025-12-28 18:51:04,516 [INFO] PluginManager:220 - loadIPPluginJar : add plateformsettings
2025-12-28 18:51:04,518 [INFO] IPUIPlugin:80 - create IPUIPlugin
2025-12-28 18:51:04,518 [INFO] PluginManager:220 - loadIPPluginJar : add adc
2025-12-28 18:51:04,518 [INFO] IPUIPlugin:80 - create IPUIPlugin
2025-12-28 18:51:04,518 [INFO] PluginManager:220 - loadIPPluginJar : add spi
2025-12-28 18:51:04,520 [INFO] IPUIPlugin:80 - create IPUIPlugin
2025-12-28 18:51:04,520 [INFO] PluginManager:220 - loadIPPluginJar : add gic
2025-12-28 18:51:04,521 [INFO] IPUIPlugin:80 - create IPUIPlugin
2025-12-28 18:51:04,521 [INFO] PluginManager:220 - loadIPPluginJar : add nvic
2025-12-28 18:51:04,523 [INFO] IPUIPlugin:80 - create IPUIPlugin
2025-12-28 18:51:04,524 [INFO] PluginManager:220 - loadIPPluginJar : add dma
2025-12-28 18:51:04,525 [INFO] IPUIPlugin:80 - create IPUIPlugin
2025-12-28 18:51:04,525 [INFO] PluginManager:220 - loadIPPluginJar : add ddr_ctrl_phy
2025-12-28 18:51:04,525 [INFO] IPUIPlugin:80 - create IPUIPlugin
2025-12-28 18:51:04,525 [INFO] PluginManager:220 - loadIPPluginJar : add tracer_emb
2025-12-28 18:51:04,526 [INFO] IPUIPlugin:80 - create IPUIPlugin
2025-12-28 18:51:04,526 [INFO] PluginManager:220 - loadIPPluginJar : add lorawan
2025-12-28 18:51:04,527 [INFO] IPUIPlugin:80 - create IPUIPlugin
2025-12-28 18:51:04,527 [INFO] PluginManager:220 - loadIPPluginJar : add usbx
2025-12-28 18:51:04,527 [INFO] IPUIPlugin:80 - create IPUIPlugin
2025-12-28 18:51:04,527 [INFO] PluginManager:220 - loadIPPluginJar : add ltdc
2025-12-28 18:51:04,528 [INFO] IPUIPlugin:80 - create IPUIPlugin
2025-12-28 18:51:04,528 [INFO] PluginManager:220 - loadIPPluginJar : add pdm2pcm
2025-12-28 18:51:04,528 [INFO] IPUIPlugin:80 - create IPUIPlugin
2025-12-28 18:51:04,528 [INFO] PluginManager:220 - loadIPPluginJar : add cryp
2025-12-28 18:51:04,529 [INFO] IPUIPlugin:80 - create IPUIPlugin
2025-12-28 18:51:04,529 [INFO] PluginManager:220 - loadIPPluginJar : add ts
2025-12-28 18:51:04,529 [INFO] IPUIPlugin:80 - create IPUIPlugin
2025-12-28 18:51:04,529 [INFO] PluginManager:220 - loadIPPluginJar : add fatfs
2025-12-28 18:51:04,530 [INFO] IPUIPlugin:80 - create IPUIPlugin
2025-12-28 18:51:04,530 [INFO] PluginManager:220 - loadIPPluginJar : add opamp
2025-12-28 18:51:04,530 [INFO] IPUIPlugin:80 - create IPUIPlugin
2025-12-28 18:51:04,530 [INFO] PluginManager:220 - loadIPPluginJar : add comp
2025-12-28 18:51:04,531 [INFO] IPUIPlugin:80 - create IPUIPlugin
2025-12-28 18:51:04,531 [INFO] PluginManager:220 - loadIPPluginJar : add resmgrutility
2025-12-28 18:51:04,532 [INFO] IPUIPlugin:80 - create IPUIPlugin
2025-12-28 18:51:04,532 [INFO] PluginManager:220 - loadIPPluginJar : add gtzc
2025-12-28 18:51:04,534 [INFO] IPUIPlugin:80 - create IPUIPlugin
2025-12-28 18:51:04,534 [INFO] PluginManager:220 - loadIPPluginJar : add mdma
2025-12-28 18:51:04,534 [INFO] IPUIPlugin:80 - create IPUIPlugin
2025-12-28 18:51:04,534 [INFO] PluginManager:220 - loadIPPluginJar : add genericplugin
2025-12-28 18:51:04,535 [INFO] IPUIPlugin:80 - create IPUIPlugin
2025-12-28 18:51:04,535 [INFO] PluginManager:220 - loadIPPluginJar : add tsc
2025-12-28 18:51:04,535 [INFO] IPUIPlugin:80 - create IPUIPlugin
2025-12-28 18:51:04,535 [INFO] PluginManager:220 - loadIPPluginJar : add i2c
2025-12-28 18:51:04,536 [INFO] IPUIPlugin:80 - create IPUIPlugin
2025-12-28 18:51:04,536 [INFO] PluginManager:220 - loadIPPluginJar : add touchsensing
2025-12-28 18:51:04,538 [INFO] IPUIPlugin:80 - create IPUIPlugin
2025-12-28 18:51:04,538 [INFO] PluginManager:220 - loadIPPluginJar : add freertos
2025-12-28 18:51:04,539 [INFO] IPUIPlugin:80 - create IPUIPlugin
2025-12-28 18:51:04,539 [INFO] PluginManager:220 - loadIPPluginJar : add dma3
2025-12-28 18:51:04,540 [INFO] IPUIPlugin:80 - create IPUIPlugin
2025-12-28 18:51:04,540 [INFO] PluginManager:220 - loadIPPluginJar : add usart
2025-12-28 18:51:04,540 [INFO] IPUIPlugin:80 - create IPUIPlugin
2025-12-28 18:51:04,540 [INFO] PluginManager:220 - loadIPPluginJar : add i2s
2025-12-28 18:51:04,623 [FATAL] Updater:351 - Updater called before beeing initialized
2025-12-28 18:51:04,632 [INFO] RulesReader:64 - Compatibility file has been processed (317 Rules)
2025-12-28 18:51:04,635 [INFO] RulesReader:64 - Compatibility file has been processed (317 Rules)
2025-12-28 18:51:04,638 [INFO] CADModel:165 - CPN selected for project level
2025-12-28 18:51:04,638 [INFO] CADModel:114 - Register for checkConnection events
2025-12-28 18:51:04,638 [FATAL] Updater:351 - Updater called before beeing initialized
2025-12-28 18:51:04,638 [ERROR] CADModel:125 - Updater not yet initialized, retry later 
2025-12-28 18:51:04,694 [FATAL] Updater:351 - Updater called before beeing initialized
2025-12-28 18:51:04,695 [INFO] CADModel:165 - CPN selected for project level
2025-12-28 18:51:04,695 [INFO] CADModel:114 - Register for checkConnection events
2025-12-28 18:51:04,695 [FATAL] Updater:351 - Updater called before beeing initialized
2025-12-28 18:51:04,695 [ERROR] CADModel:125 - Updater not yet initialized, retry later 
2025-12-28 18:51:04,697 [FATAL] Updater:351 - Updater called before beeing initialized
2025-12-28 18:51:04,727 [FATAL] Updater:351 - Updater called before beeing initialized
2025-12-28 18:51:04,729 [INFO] DbMcusAds:53 - JSON generation date=Fri Dec 05 04:13:14 EST 2025 (1764925994495)
2025-12-28 18:51:04,729 [FATAL] Updater:351 - Updater called before beeing initialized
2025-12-28 18:51:04,742 [WARN] DetailPanel:346 - Failed to get advertising image, set to default
2025-12-28 18:51:04,776 [FATAL] Updater:351 - Updater called before beeing initialized
2025-12-28 18:51:04,777 [FATAL] Updater:351 - Updater called before beeing initialized
2025-12-28 18:51:04,777 [FATAL] Updater:351 - Updater called before beeing initialized
2025-12-28 18:51:04,777 [WARN] DetailPanel:346 - Failed to get advertising image, set to default
2025-12-28 18:51:04,778 [FATAL] Updater:351 - Updater called before beeing initialized
2025-12-28 18:51:04,791 [ERROR] Updater:1198 - MainUpdater not yet initialized. External WinMGr cannot be set.
2025-12-28 18:51:04,792 [INFO] Updater:1134 - Updater Version found : 6.15.0
2025-12-28 18:51:04,801 [INFO] ApplicationProperties:184 - Using Application install path: /opt/st/stm32cubeide_1.19.0/plugins/com.st.stm32cube.common.mx_6.15.0.202507011659
2025-12-28 18:51:04,970 [INFO] MainUpdater:2872 - connection check result : 10
2025-12-28 18:51:04,971 [INFO] MainUpdater:289 - Updater Check For Update Now.
2025-12-28 18:51:04,971 [INFO] MicroXplorer:498 - Change Database Version : DB.6.0.150
2025-12-28 18:51:05,108 [INFO] CheckServerUpdateThread:120 - End of CheckServer Thread
2025-12-28 18:51:05,180 [INFO] MainUpdater:2872 - connection check result : 10
2025-12-28 18:51:05,180 [INFO] MainUpdater:2872 - connection check result : 10
2025-12-28 18:51:07,325 [WARN] PackLoader:240 - Cannot read IP mode file for STMicroelectronics.FP-SNS-MOTENVWB1.1.4.0
2025-12-28 18:51:07,328 [WARN] PackLoader:240 - Cannot read IP mode file for STMicroelectronics.FP-ATR-ASTRA1.2.0.2
2025-12-28 18:51:07,331 [WARN] PackLoader:240 - Cannot read IP mode file for STMicroelectronics.X-CUBE-SMBUS.2.1.0
2025-12-28 18:51:07,343 [WARN] PackLoader:240 - Cannot read IP mode file for STMicroelectronics.X-CUBE-AZRTOS-F7.1.1.0
2025-12-28 18:51:07,346 [WARN] PackLoader:240 - Cannot read IP mode file for Cesanta.I-CUBE-Mongoose.7.19.0
2025-12-28 18:51:07,348 [WARN] PackLoader:240 - Cannot read IP mode file for STMicroelectronics.FP-SNS-MOTENV1.5.1.0
2025-12-28 18:51:07,352 [WARN] PackLoader:240 - Cannot read IP mode file for WES.I-CUBE-Cesium.1.4.0
2025-12-28 18:51:07,360 [WARN] PackLoader:240 - Cannot read IP mode file for Infineon.AIROC-Wi-Fi-Bluetooth-STM32.1.7.1
2025-12-28 18:51:07,370 [WARN] PackLoader:240 - Cannot read IP mode file for STMicroelectronics.X-CUBE-AZRTOS-H7.3.4.0
2025-12-28 18:51:07,374 [WARN] PackLoader:240 - Cannot read IP mode file for STMicroelectronics.X-CUBE-DISPLAY.3.0.0
2025-12-28 18:51:07,383 [WARN] PackLoader:240 - Cannot read IP mode file for STMicroelectronics.X-CUBE-NFC10.1.0.0
2025-12-28 18:51:07,385 [WARN] PackLoader:240 - Cannot read IP mode file for STMicroelectronics.X-CUBE-ST60.1.1.0
2025-12-28 18:51:07,387 [WARN] PackLoader:240 - Cannot read IP mode file for emotas.I-CUBE-CANOPEN.1.3.0
2025-12-28 18:51:07,388 [WARN] PackLoader:240 - Cannot read IP mode file for STMicroelectronics.X-CUBE-GNSS1.7.1.0
2025-12-28 18:51:07,390 [WARN] PackLoader:240 - Cannot read IP mode file for STMicroelectronics.FP-SNS-STBOX1.2.1.0
2025-12-28 18:51:07,391 [WARN] PackLoader:240 - Cannot read IP mode file for STMicroelectronics.FP-SNS-SMARTAG2.1.2.0
2025-12-28 18:51:07,392 [WARN] PackLoader:240 - Cannot read IP mode file for STMicroelectronics.FP-SNS-FLIGHT1.5.1.0
2025-12-28 18:51:07,394 [INFO] LogOutputStream:77 - [STDOUT_REDIRECT] 1 : Invalid condition id : UX_CORESTACK_Condition cause : null
2025-12-28 18:51:07,394 [INFO] LogOutputStream:77 - [STDOUT_REDIRECT] 1 : Invalid condition id : UX_CORESTACK_Condition cause : null
2025-12-28 18:51:07,394 [INFO] LogOutputStream:77 - [STDOUT_REDIRECT] 1 : Invalid condition id : UX_CORESTACK_Condition cause : null
2025-12-28 18:51:07,395 [INFO] LogOutputStream:77 - [STDOUT_REDIRECT] 1 : Invalid condition id : UX_CORESTACK_Condition cause : null
2025-12-28 18:51:07,395 [INFO] LogOutputStream:77 - [STDOUT_REDIRECT] 1 : Invalid condition id : UX_CORESTACK_Condition cause : null
2025-12-28 18:51:07,396 [WARN] PackLoader:240 - Cannot read IP mode file for STMicroelectronics.X-CUBE-AZRTOS-WL.2.0.0
2025-12-28 18:51:07,401 [WARN] PackLoader:240 - Cannot read IP mode file for STMicroelectronics.X-CUBE-AZRTOS-H7RS.1.2.0
2025-12-28 18:51:07,404 [WARN] PackLoader:240 - Cannot read IP mode file for STMicroelectronics.X-CUBE-BLE2.3.3.0
2025-12-28 18:51:07,409 [WARN] PackLoader:240 - Cannot read IP mode file for STMicroelectronics.X-CUBE-NFC9.1.0.0
2025-12-28 18:51:07,410 [WARN] PackLoader:240 - Cannot read IP mode file for wolfSSL.I-CUBE-wolfSSL.5.8.2
2025-12-28 18:51:07,411 [WARN] PackLoader:240 - Cannot read IP mode file for STMicroelectronics.X-CUBE-BLE1.7.1.0
2025-12-28 18:51:07,412 [WARN] PackLoader:240 - Cannot read IP mode file for wolfSSL.I-CUBE-wolfMQTT.1.19.2
2025-12-28 18:51:07,413 [WARN] PackLoader:240 - Cannot read IP mode file for STMicroelectronics.X-CUBE-FREERTOS.1.4.0
2025-12-28 18:51:07,415 [WARN] PackLoader:240 - Cannot read IP mode file for STMicroelectronics.X-CUBE-EEPRMA1.5.2.0
2025-12-28 18:51:07,416 [WARN] PackLoader:240 - Cannot read IP mode file for STMicroelectronics.X-CUBE-ST67W61.1.1.0
2025-12-28 18:51:07,428 [WARN] PackLoader:240 - Cannot read IP mode file for STMicroelectronics.X-CUBE-MEMS1.12.0.0
2025-12-28 18:51:07,457 [WARN] PackLoader:240 - Cannot read IP mode file for STMicroelectronics.X-CUBE-AZRTOS-G0.1.1.0
2025-12-28 18:51:07,460 [WARN] PackLoader:240 - Cannot read IP mode file for STMicroelectronics.X-CUBE-NFC4.3.0.0
2025-12-28 18:51:07,467 [WARN] PackLoader:240 - Cannot read IP mode file for EmbeddedOffice.I-CUBE-FS-RTOS.1.0.1
2025-12-28 18:51:07,492 [WARN] PackLoader:240 - Cannot read IP mode file for STMicroelectronics.X-CUBE-WB05N.2.0.0
2025-12-28 18:51:07,494 [WARN] PackLoader:240 - Cannot read IP mode file for wolfSSL.I-CUBE-wolfTPM.3.8.0
2025-12-28 18:51:07,495 [WARN] PackLoader:240 - Cannot read IP mode file for STMicroelectronics.X-CUBE-TCPP.4.2.0
2025-12-28 18:51:07,496 [WARN] PackLoader:240 - Cannot read IP mode file for RealThread.X-CUBE-RT-Thread_Nano.4.1.1
2025-12-28 18:51:07,497 [WARN] PackLoader:240 - Cannot read IP mode file for STMicroelectronics.FP-ATR-SIGFOX1.3.2.0
2025-12-28 18:51:07,498 [WARN] PackLoader:240 - Cannot read IP mode file for ITTIA_DB.I-CUBE-ITTIADB.8.9.0
2025-12-28 18:51:07,499 [WARN] PackLoader:240 - Cannot read IP mode file for STMicroelectronics.X-CUBE-AI.10.2.0
2025-12-28 18:51:07,506 [WARN] PackLoader:240 - Cannot read IP mode file for SEGGER.I-CUBE-embOS.1.3.1
2025-12-28 18:51:07,517 [WARN] PackLoader:240 - Cannot read IP mode file for STMicroelectronics.X-CUBE-ALGOBUILD.1.4.0
2025-12-28 18:51:07,529 [WARN] PackLoader:240 - Cannot read IP mode file for STMicroelectronics.X-CUBE-MEMS1.11.3.0
2025-12-28 18:51:07,567 [WARN] PackLoader:240 - Cannot read IP mode file for STMicroelectronics.X-CUBE-PM33A1.1.0.0
2025-12-28 18:51:07,584 [WARN] PackLoader:240 - Cannot read IP mode file for STMicroelectronics.X-CUBE-AZRTOS-F4.1.1.0
2025-12-28 18:51:07,588 [WARN] PackLoader:240 - Cannot read IP mode file for STMicroelectronics.X-CUBE-ISPU.2.1.0
2025-12-28 18:51:07,593 [WARN] PackLoader:240 - Cannot read IP mode file for STMicroelectronics.X-CUBE-IPS.3.2.0
2025-12-28 18:51:07,596 [WARN] PackLoader:240 - Cannot read IP mode file for STMicroelectronics.X-CUBE-NFC12.1.0.0
2025-12-28 18:51:07,600 [WARN] PackLoader:240 - Cannot read IP mode file for STMicroelectronics.X-CUBE-AZRTOS-L5.2.0.0
2025-12-28 18:51:07,603 [WARN] PackLoader:240 - Cannot read IP mode file for STMicroelectronics.X-CUBE-NFC6.3.1.0
2025-12-28 18:51:07,604 [WARN] PackLoader:240 - Cannot read IP mode file for STMicroelectronics.X-CUBE-FREERTOS.1.3.1
2025-12-28 18:51:07,618 [WARN] PackLoader:240 - Cannot read IP mode file for STMicroelectronics.X-CUBE-TOUCHGFX.4.26.0
2025-12-28 18:51:07,619 [WARN] PackLoader:240 - Cannot read IP mode file for STMicroelectronics.FP-SNS-STAIOTCFT.1.0.0
2025-12-28 18:51:07,620 [WARN] PackLoader:240 - Cannot read IP mode file for STMicroelectronics.X-CUBE-DPower.1.3.0
2025-12-28 18:51:07,624 [WARN] ConditionMgr:438 - getConditionDescription Invalid condition id : LAN8742 Phy interface Condition cause : null
2025-12-28 18:51:07,624 [WARN] PackLoader:240 - Cannot read IP mode file for STMicroelectronics.X-CUBE-AZRTOS-L4.2.0.0
2025-12-28 18:51:07,625 [WARN] ConditionMgr:1044 - genDependencies : Invalid condition id : LAN8742 Phy interface Condition cause : null
2025-12-28 18:51:07,625 [WARN] ConditionMgr:1044 - genDependencies : Invalid condition id : LAN8742 Phy interface Condition cause : null
2025-12-28 18:51:07,625 [WARN] ConditionMgr:1044 - genDependencies : Invalid condition id : LAN8742 Phy interface Condition cause : null
2025-12-28 18:51:07,627 [WARN] PackLoader:240 - Cannot read IP mode file for STMicroelectronics.X-CUBE-SFXS2LP1.4.0.0
2025-12-28 18:51:07,629 [WARN] PackLoader:240 - Cannot read IP mode file for STMicroelectronics.X-CUBE-BLEMGR.4.1.0
2025-12-28 18:51:07,633 [WARN] ConditionMgr:438 - getConditionDescription Invalid condition id : UX DEVICE CLASS RTOS Condition cause : null
2025-12-28 18:51:07,633 [WARN] ConditionMgr:438 - getConditionDescription Invalid condition id : UX DEVICE CLASS RTOS Condition cause : null
2025-12-28 18:51:07,633 [WARN] PackLoader:240 - Cannot read IP mode file for STMicroelectronics.X-CUBE-AZRTOS-WB.2.0.0
2025-12-28 18:51:07,633 [WARN] ConditionMgr:1044 - genDependencies : Invalid condition id : UX DEVICE CLASS RTOS Condition cause : null
2025-12-28 18:51:07,633 [WARN] ConditionMgr:1044 - genDependencies : Invalid condition id : UX DEVICE CLASS RTOS Condition cause : null
2025-12-28 18:51:07,633 [WARN] ConditionMgr:1044 - genDependencies : Invalid condition id : UX DEVICE CLASS RTOS Condition cause : null
2025-12-28 18:51:07,633 [WARN] ConditionMgr:1044 - genDependencies : Invalid condition id : UX DEVICE CLASS RTOS Condition cause : null
2025-12-28 18:51:07,633 [WARN] ConditionMgr:1044 - genDependencies : Invalid condition id : UX DEVICE CLASS RTOS Condition cause : null
2025-12-28 18:51:07,634 [WARN] ConditionMgr:438 - getConditionDescription Invalid condition id : Cortex-A Device cause : null
2025-12-28 18:51:07,636 [WARN] ConditionMgr:1044 - genDependencies : Invalid condition id : Cortex-A Device cause : null
2025-12-28 18:51:07,636 [WARN] ConditionMgr:1044 - genDependencies : Invalid condition id : Cortex-A Device cause : null
2025-12-28 18:51:07,636 [WARN] ConditionMgr:1044 - genDependencies : Invalid condition id : Cortex-A Device cause : null
2025-12-28 18:51:07,638 [WARN] PackLoader:240 - Cannot read IP mode file for STMicroelectronics.X-CUBE-SUBG2.5.0.0
2025-12-28 18:51:07,646 [WARN] PackLoader:240 - Cannot read IP mode file for STMicroelectronics.X-CUBE-AZRTOS-H7RS.1.1.0
2025-12-28 18:51:07,650 [WARN] PackLoader:240 - Cannot read IP mode file for STMicroelectronics.X-CUBE-AZRTOS-G4.2.0.0
2025-12-28 18:51:07,652 [WARN] PackLoader:240 - Cannot read IP mode file for wolfSSL.I-CUBE-wolfSSH.1.4.20
2025-12-28 18:51:07,653 [WARN] PackLoader:240 - Cannot read IP mode file for STMicroelectronics.X-CUBE-NFC7.2.0.0
2025-12-28 18:51:07,653 [WARN] PackLoader:240 - Cannot read IP mode file for STMicroelectronics.X-CUBE-ALS.1.0.2
2025-12-28 18:51:07,654 [WARN] PackLoader:240 - Cannot read IP mode file for STMicroelectronics.X-CUBE-STSE01.1.0.0
2025-12-28 18:51:07,657 [WARN] PackLoader:240 - Cannot read IP mode file for STMicroelectronics.X-CUBE-TOF1.3.4.3
2025-12-28 18:51:07,660 [INFO] ThirdParty:978 - Integrity check success = true
2025-12-28 18:51:07,660 [INFO] IntegrityCheckThread:100 - exiting critical section [integrity check]
2025-12-28 18:51:07,660 [INFO] IntegrityCheckThread:103 - End integrity checks thread
2025-12-28 18:58:53,126 [INFO] Activator:176 - 


2025-12-28 18:58:53,126 [INFO] Activator:177 - !SESSION log4j initialized
2025-12-28 18:58:53,748 [INFO] ApplicationProperties:184 - Using Application install path: /opt/st/stm32cubeide_1.19.0/plugins/com.st.stm32cube.common.mx_6.15.0.202507011659
2025-12-28 18:58:53,755 [INFO] DbMcusXml:78 - Set database path to: /opt/st/stm32cubeide_1.19.0/plugins/com.st.stm32cube.common.mx_6.15.0.202507011659//db//mcu/
2025-12-28 18:58:53,755 [INFO] ApiDb:274 - Set plugin database path to: /opt/st/stm32cubeide_1.19.0/plugins/com.st.stm32cube.common.mx_6.15.0.202507011659//db//plugins/boardmanager/
2025-12-28 18:58:53,756 [WARN] ApiDb:259 - Overriding images path with different value:  => /opt/st/stm32cubeide_1.19.0/plugins/com.st.stm32cube.common.mx_6.15.0.202507011659//db//plugins/mcufinder/images/
2025-12-28 18:58:53,758 [INFO] ApiDb:250 - Set database path to: /home/lucasnascimento/.stmcufinder/plugins/mcufinder//mcu/
2025-12-28 18:58:53,758 [INFO] DbMcusAds:125 - Set database path to: /home/lucasnascimento/.stmcufinder/plugins/mcufinder//mcu/
2025-12-28 18:58:53,807 [INFO] CrossReferenceDbSqlite:203 - Set database path to: /home/lucasnascimento/.stmcufinder/plugins/mcufinder//mcu/cs/
2025-12-28 18:58:53,849 [INFO] RulesReader:64 - Compatibility file has been processed (317 Rules)
2025-12-28 18:58:53,871 [INFO] DbMcusXml:78 - Set database path to: /opt/st/stm32cubeide_1.19.0/plugins/com.st.stm32cube.common.mx_6.15.0.202507011659//db//mcu/
2025-12-28 18:58:53,872 [INFO] ApiDb:274 - Set plugin database path to: /opt/st/stm32cubeide_1.19.0/plugins/com.st.stm32cube.common.mx_6.15.0.202507011659//db//plugins/boardmanager/
2025-12-28 18:58:53,872 [INFO] ApiDb:261 - Set plugin images path to: /opt/st/stm32cubeide_1.19.0/plugins/com.st.stm32cube.common.mx_6.15.0.202507011659//db//plugins/mcufinder/images/
2025-12-28 18:58:53,872 [WARN] DbFile:41 - Overriding database path with different value: /home/lucasnascimento/.stmcufinder/plugins/mcufinder/ => /home/lucasnascimento/.stmcufinder/plugins/mcufinder
2025-12-28 18:58:53,872 [INFO] ApiDb:250 - Set database path to: /home/lucasnascimento/.stmcufinder/plugins/mcufinder//mcu/
2025-12-28 18:58:53,872 [WARN] DbFile:41 - Overriding database path with different value: /home/lucasnascimento/.stmcufinder/plugins/mcufinder/ => /home/lucasnascimento/.stmcufinder/plugins/mcufinder
2025-12-28 18:58:53,872 [INFO] DbMcusAds:125 - Set database path to: /home/lucasnascimento/.stmcufinder/plugins/mcufinder//mcu/
2025-12-28 18:58:53,872 [WARN] DbFile:41 - Overriding database path with different value: /home/lucasnascimento/.stmcufinder/plugins/mcufinder/ => /home/lucasnascimento/.stmcufinder/plugins/mcufinder
2025-12-28 18:58:53,872 [WARN] DbFile:41 - Overriding database path with different value: /home/lucasnascimento/.stmcufinder/plugins/mcufinder/ => /home/lucasnascimento/.stmcufinder/plugins/mcufinder
2025-12-28 18:58:53,872 [INFO] CrossReferenceDbSqlite:203 - Set database path to: /home/lucasnascimento/.stmcufinder/plugins/mcufinder//mcu/cs/
2025-12-28 18:58:53,892 [INFO] MainPanel:274 - HeapMemory: 268435456
2025-12-28 18:58:53,929 [INFO] DbMcusXml:78 - Set database path to: /opt/st/stm32cubeide_1.19.0/plugins/com.st.stm32cube.common.mx_6.15.0.202507011659//db//mcu/
2025-12-28 18:58:53,929 [INFO] ApiDb:274 - Set plugin database path to: /opt/st/stm32cubeide_1.19.0/plugins/com.st.stm32cube.common.mx_6.15.0.202507011659//db//plugins/boardmanager/
2025-12-28 18:58:53,929 [INFO] ApiDb:261 - Set plugin images path to: /opt/st/stm32cubeide_1.19.0/plugins/com.st.stm32cube.common.mx_6.15.0.202507011659//db//plugins/mcufinder/images/
2025-12-28 18:58:53,930 [WARN] DbFile:41 - Overriding database path with different value: /home/lucasnascimento/.stmcufinder/plugins/mcufinder/ => /home/lucasnascimento/.stmcufinder/plugins/mcufinder
2025-12-28 18:58:53,930 [INFO] ApiDb:250 - Set database path to: /home/lucasnascimento/.stmcufinder/plugins/mcufinder//mcu/
2025-12-28 18:58:53,930 [WARN] DbFile:41 - Overriding database path with different value: /home/lucasnascimento/.stmcufinder/plugins/mcufinder/ => /home/lucasnascimento/.stmcufinder/plugins/mcufinder
2025-12-28 18:58:53,930 [INFO] DbMcusAds:125 - Set database path to: /home/lucasnascimento/.stmcufinder/plugins/mcufinder//mcu/
2025-12-28 18:58:53,930 [WARN] DbFile:41 - Overriding database path with different value: /home/lucasnascimento/.stmcufinder/plugins/mcufinder/ => /home/lucasnascimento/.stmcufinder/plugins/mcufinder
2025-12-28 18:58:53,930 [WARN] DbFile:41 - Overriding database path with different value: /home/lucasnascimento/.stmcufinder/plugins/mcufinder/ => /home/lucasnascimento/.stmcufinder/plugins/mcufinder
2025-12-28 18:58:53,930 [INFO] CrossReferenceDbSqlite:203 - Set database path to: /home/lucasnascimento/.stmcufinder/plugins/mcufinder//mcu/cs/
2025-12-28 18:58:53,935 [INFO] ApplicationProperties:184 - Using Application install path: /opt/st/stm32cubeide_1.19.0/plugins/com.st.stm32cube.common.mx_6.15.0.202507011659
2025-12-28 18:58:53,935 [INFO] PluginManage:196 - Search for loadable plugins [exclusion list=, ]
2025-12-28 18:58:53,936 [INFO] PluginManage:310 - Check plugin analytics
2025-12-28 18:58:54,044 [INFO] AnalyticsPlugin:253 - Accepted Software Licenses: 
2025-12-28 18:58:54,044 [INFO] AnalyticsPlugin:255 - Accepted CMSIS Pack Licenses: STMicroelectronics.X-CUBE-FREERTOS.1.3.1,EmbeddedOffice.I-CUBE-FS-RTOS.1.0.1
2025-12-28 18:58:54,044 [INFO] AnalyticsPlugin:257 - Accepted Firmware Licenses: FW.H5.1.5.0
2025-12-28 18:58:54,045 [INFO] PluginManage:359 - Loaded plugin analytics (category:tool,tabindex:-1)
2025-12-28 18:58:54,045 [INFO] PluginManage:310 - Check plugin cadmodel
2025-12-28 18:58:54,047 [INFO] CADModel:105 - Init CAD model plugin
2025-12-28 18:58:54,047 [INFO] PluginManage:359 - Loaded plugin cadmodel (category:power,tabindex:5)
2025-12-28 18:58:54,047 [INFO] PluginManage:310 - Check plugin clock
2025-12-28 18:58:54,050 [INFO] PluginManage:359 - Loaded plugin clock (category:base,tabindex:2)
2025-12-28 18:58:54,050 [INFO] PluginManage:310 - Check plugin ddr
2025-12-28 18:58:54,051 [INFO] PluginManage:359 - Loaded plugin ddr (category:tool,tabindex:6)
2025-12-28 18:58:54,051 [INFO] PluginManage:310 - Check plugin filemanager
2025-12-28 18:58:54,111 [INFO] PluginManage:359 - Loaded plugin filemanager (category:base,tabindex:10)
2025-12-28 18:58:54,111 [INFO] PluginManage:310 - Check plugin ipmanager
2025-12-28 18:58:54,113 [INFO] PluginManage:359 - Loaded plugin ipmanager (category:base,tabindex:5)
2025-12-28 18:58:54,113 [INFO] PluginManage:310 - Check plugin lpbam
2025-12-28 18:58:54,117 [INFO] PluginManage:359 - Loaded plugin lpbam (category:base,tabindex:0)
2025-12-28 18:58:54,117 [INFO] PluginManage:310 - Check plugin memorymap
2025-12-28 18:58:54,120 [INFO] PluginManage:359 - Loaded plugin memorymap (category:base,tabindex:4)
2025-12-28 18:58:54,121 [INFO] PluginManage:310 - Check plugin pinoutandconfiguration
2025-12-28 18:58:54,123 [INFO] PluginManage:359 - Loaded plugin pinoutandconfiguration (category:base,tabindex:1)
2025-12-28 18:58:54,123 [INFO] PluginManage:310 - Check plugin pinoutconfig
2025-12-28 18:58:54,154 [WARN] SupportedApi:132 - Cannot load RTOS API schema: s4s-elt-must-match.1: The content of 'definitions' must match (annotation?, (simpleType | complexType)?, (unique | key | keyref)*)). A problem was found starting at: attribute.
2025-12-28 18:58:54,198 [INFO] PluginManage:359 - Loaded plugin pinoutconfig (category:base,tabindex:0)
2025-12-28 18:58:54,198 [INFO] PluginManage:310 - Check plugin power
2025-12-28 18:58:54,201 [INFO] PluginManage:359 - Loaded plugin power (category:power,tabindex:4)
2025-12-28 18:58:54,201 [INFO] PluginManage:310 - Check plugin projectmanager
2025-12-28 18:58:54,208 [INFO] PluginManage:359 - Loaded plugin projectmanager (category:projectmanager,tabindex:4)
2025-12-28 18:58:54,208 [INFO] PluginManage:310 - Check plugin rif
2025-12-28 18:58:54,211 [INFO] PluginManage:359 - Loaded plugin rif (category:base,tabindex:3)
2025-12-28 18:58:54,211 [INFO] PluginManage:310 - Check plugin thirdparty
2025-12-28 18:58:54,252 [INFO] PluginManage:359 - Loaded plugin thirdparty (category:base,tabindex:-1)
2025-12-28 18:58:54,252 [INFO] PluginManage:310 - Check plugin tools
2025-12-28 18:58:54,252 [WARN] IntegrityCheckThread:84 - waiting for thirdparty lock release [integrity check]
2025-12-28 18:58:54,252 [INFO] IntegrityCheckThread:86 - entering critical section [integrity check]
2025-12-28 18:58:54,252 [INFO] ThirdPartyUpdaterWithRetryManager:70 - Updater plugin not ready yet. [1/15]
2025-12-28 18:58:54,253 [INFO] PluginManage:359 - Loaded plugin tools (category:base,tabindex:7)
2025-12-28 18:58:54,253 [INFO] PluginManage:310 - Check plugin tutovideos
2025-12-28 18:58:54,345 [INFO] PluginManage:359 - Loaded plugin tutovideos (category:base,tabindex:-1)
2025-12-28 18:58:54,345 [INFO] PluginManage:310 - Check plugin updater
2025-12-28 18:58:54,356 [INFO] PluginManage:359 - Loaded plugin updater (category:base,tabindex:12)
2025-12-28 18:58:54,356 [INFO] PluginManage:310 - Check plugin userauth
2025-12-28 18:58:54,358 [INFO] UserAuth:118 - Init User Auth plugin
2025-12-28 18:58:54,358 [INFO] PluginManage:359 - Loaded plugin userauth (category:base,tabindex:14)
2025-12-28 18:58:54,359 [INFO] PluginManage:283 - PluginManage : Loaded plugins [18]
2025-12-28 18:58:54,430 [INFO] PinOutPanel:1589 - setPackage(No Configuration,No Configuration)
2025-12-28 18:58:54,456 [INFO] CADModel:165 - CPN selected for project level
2025-12-28 18:58:54,456 [INFO] CADModel:114 - Register for checkConnection events
2025-12-28 18:58:54,460 [INFO] IPUIPlugin:80 - create IPUIPlugin
2025-12-28 18:58:54,461 [INFO] PluginManager:220 - loadIPPluginJar : add i3c
2025-12-28 18:58:54,478 [INFO] IPUIPlugin:80 - create IPUIPlugin
2025-12-28 18:58:54,478 [INFO] PluginManager:220 - loadIPPluginJar : add stm32_wpan
2025-12-28 18:58:54,479 [INFO] IPUIPlugin:80 - create IPUIPlugin
2025-12-28 18:58:54,479 [INFO] PluginManager:220 - loadIPPluginJar : add ipddr
2025-12-28 18:58:54,480 [INFO] IPUIPlugin:80 - create IPUIPlugin
2025-12-28 18:58:54,480 [INFO] PluginManager:220 - loadIPPluginJar : add quadspi
2025-12-28 18:58:54,480 [INFO] IPUIPlugin:80 - create IPUIPlugin
2025-12-28 18:58:54,480 [INFO] PluginManager:220 - loadIPPluginJar : add hash
2025-12-28 18:58:54,481 [INFO] IPUIPlugin:80 - create IPUIPlugin
2025-12-28 18:58:54,481 [INFO] PluginManager:220 - loadIPPluginJar : add openamp
2025-12-28 18:58:54,483 [INFO] IPUIPlugin:80 - create IPUIPlugin
2025-12-28 18:58:54,483 [INFO] PluginManager:220 - loadIPPluginJar : add fmc
2025-12-28 18:58:54,483 [INFO] IPUIPlugin:80 - create IPUIPlugin
2025-12-28 18:58:54,483 [INFO] PluginManager:220 - loadIPPluginJar : add aes
2025-12-28 18:58:54,484 [INFO] IPUIPlugin:80 - create IPUIPlugin
2025-12-28 18:58:54,484 [INFO] PluginManager:220 - loadIPPluginJar : add ucpd
2025-12-28 18:58:54,484 [INFO] IPUIPlugin:80 - create IPUIPlugin
2025-12-28 18:58:54,484 [INFO] PluginManager:220 - loadIPPluginJar : add gfxmmu
2025-12-28 18:58:54,485 [INFO] IPUIPlugin:80 - create IPUIPlugin
2025-12-28 18:58:54,485 [INFO] PluginManager:220 - loadIPPluginJar : add tim
2025-12-28 18:58:54,485 [INFO] IPUIPlugin:80 - create IPUIPlugin
2025-12-28 18:58:54,485 [INFO] PluginManager:220 - loadIPPluginJar : add dfsdm
2025-12-28 18:58:54,486 [INFO] IPUIPlugin:80 - create IPUIPlugin
2025-12-28 18:58:54,486 [INFO] PluginManager:220 - loadIPPluginJar : add sai
2025-12-28 18:58:54,487 [INFO] IPUIPlugin:80 - create IPUIPlugin
2025-12-28 18:58:54,487 [INFO] PluginManager:220 - loadIPPluginJar : add radio
2025-12-28 18:58:54,488 [INFO] IPUIPlugin:80 - create IPUIPlugin
2025-12-28 18:58:54,489 [INFO] PluginManager:220 - loadIPPluginJar : add can
2025-12-28 18:58:54,490 [INFO] IPUIPlugin:80 - create IPUIPlugin
2025-12-28 18:58:54,490 [INFO] PluginManager:220 - loadIPPluginJar : add gpio
2025-12-28 18:58:54,491 [INFO] IPUIPlugin:80 - create IPUIPlugin
2025-12-28 18:58:54,491 [INFO] PluginManager:220 - loadIPPluginJar : add extmemmanager
2025-12-28 18:58:54,494 [INFO] IPUIPlugin:80 - create IPUIPlugin
2025-12-28 18:58:54,494 [INFO] PluginManager:220 - loadIPPluginJar : add linkedlist
2025-12-28 18:58:54,496 [INFO] IPUIPlugin:80 - create IPUIPlugin
2025-12-28 18:58:54,497 [INFO] PluginManager:220 - loadIPPluginJar : add plateformsettings
2025-12-28 18:58:54,499 [INFO] IPUIPlugin:80 - create IPUIPlugin
2025-12-28 18:58:54,500 [INFO] PluginManager:220 - loadIPPluginJar : add adc
2025-12-28 18:58:54,500 [INFO] IPUIPlugin:80 - create IPUIPlugin
2025-12-28 18:58:54,500 [INFO] PluginManager:220 - loadIPPluginJar : add spi
2025-12-28 18:58:54,502 [INFO] IPUIPlugin:80 - create IPUIPlugin
2025-12-28 18:58:54,502 [INFO] PluginManager:220 - loadIPPluginJar : add gic
2025-12-28 18:58:54,503 [INFO] IPUIPlugin:80 - create IPUIPlugin
2025-12-28 18:58:54,503 [INFO] PluginManager:220 - loadIPPluginJar : add nvic
2025-12-28 18:58:54,505 [INFO] IPUIPlugin:80 - create IPUIPlugin
2025-12-28 18:58:54,505 [INFO] PluginManager:220 - loadIPPluginJar : add dma
2025-12-28 18:58:54,508 [INFO] IPUIPlugin:80 - create IPUIPlugin
2025-12-28 18:58:54,508 [INFO] PluginManager:220 - loadIPPluginJar : add ddr_ctrl_phy
2025-12-28 18:58:54,508 [INFO] IPUIPlugin:80 - create IPUIPlugin
2025-12-28 18:58:54,508 [INFO] PluginManager:220 - loadIPPluginJar : add tracer_emb
2025-12-28 18:58:54,509 [INFO] IPUIPlugin:80 - create IPUIPlugin
2025-12-28 18:58:54,509 [INFO] PluginManager:220 - loadIPPluginJar : add lorawan
2025-12-28 18:58:54,510 [INFO] IPUIPlugin:80 - create IPUIPlugin
2025-12-28 18:58:54,510 [INFO] PluginManager:220 - loadIPPluginJar : add usbx
2025-12-28 18:58:54,510 [INFO] IPUIPlugin:80 - create IPUIPlugin
2025-12-28 18:58:54,510 [INFO] PluginManager:220 - loadIPPluginJar : add ltdc
2025-12-28 18:58:54,511 [INFO] IPUIPlugin:80 - create IPUIPlugin
2025-12-28 18:58:54,511 [INFO] PluginManager:220 - loadIPPluginJar : add pdm2pcm
2025-12-28 18:58:54,511 [INFO] IPUIPlugin:80 - create IPUIPlugin
2025-12-28 18:58:54,511 [INFO] PluginManager:220 - loadIPPluginJar : add cryp
2025-12-28 18:58:54,512 [INFO] IPUIPlugin:80 - create IPUIPlugin
2025-12-28 18:58:54,512 [INFO] PluginManager:220 - loadIPPluginJar : add ts
2025-12-28 18:58:54,512 [INFO] IPUIPlugin:80 - create IPUIPlugin
2025-12-28 18:58:54,512 [INFO] PluginManager:220 - loadIPPluginJar : add fatfs
2025-12-28 18:58:54,513 [INFO] IPUIPlugin:80 - create IPUIPlugin
2025-12-28 18:58:54,513 [INFO] PluginManager:220 - loadIPPluginJar : add opamp
2025-12-28 18:58:54,513 [INFO] IPUIPlugin:80 - create IPUIPlugin
2025-12-28 18:58:54,513 [INFO] PluginManager:220 - loadIPPluginJar : add comp
2025-12-28 18:58:54,514 [INFO] IPUIPlugin:80 - create IPUIPlugin
2025-12-28 18:58:54,514 [INFO] PluginManager:220 - loadIPPluginJar : add resmgrutility
2025-12-28 18:58:54,515 [INFO] IPUIPlugin:80 - create IPUIPlugin
2025-12-28 18:58:54,515 [INFO] PluginManager:220 - loadIPPluginJar : add gtzc
2025-12-28 18:58:54,517 [INFO] IPUIPlugin:80 - create IPUIPlugin
2025-12-28 18:58:54,517 [INFO] PluginManager:220 - loadIPPluginJar : add mdma
2025-12-28 18:58:54,517 [INFO] IPUIPlugin:80 - create IPUIPlugin
2025-12-28 18:58:54,517 [INFO] PluginManager:220 - loadIPPluginJar : add genericplugin
2025-12-28 18:58:54,518 [INFO] IPUIPlugin:80 - create IPUIPlugin
2025-12-28 18:58:54,518 [INFO] PluginManager:220 - loadIPPluginJar : add tsc
2025-12-28 18:58:54,518 [INFO] IPUIPlugin:80 - create IPUIPlugin
2025-12-28 18:58:54,518 [INFO] PluginManager:220 - loadIPPluginJar : add i2c
2025-12-28 18:58:54,519 [INFO] IPUIPlugin:80 - create IPUIPlugin
2025-12-28 18:58:54,519 [INFO] PluginManager:220 - loadIPPluginJar : add touchsensing
2025-12-28 18:58:54,521 [INFO] IPUIPlugin:80 - create IPUIPlugin
2025-12-28 18:58:54,521 [INFO] PluginManager:220 - loadIPPluginJar : add freertos
2025-12-28 18:58:54,522 [INFO] IPUIPlugin:80 - create IPUIPlugin
2025-12-28 18:58:54,522 [INFO] PluginManager:220 - loadIPPluginJar : add dma3
2025-12-28 18:58:54,522 [INFO] IPUIPlugin:80 - create IPUIPlugin
2025-12-28 18:58:54,523 [INFO] PluginManager:220 - loadIPPluginJar : add usart
2025-12-28 18:58:54,523 [INFO] IPUIPlugin:80 - create IPUIPlugin
2025-12-28 18:58:54,523 [INFO] PluginManager:220 - loadIPPluginJar : add i2s
2025-12-28 18:58:54,606 [FATAL] Updater:351 - Updater called before beeing initialized
2025-12-28 18:58:54,615 [INFO] RulesReader:64 - Compatibility file has been processed (317 Rules)
2025-12-28 18:58:54,618 [INFO] RulesReader:64 - Compatibility file has been processed (317 Rules)
2025-12-28 18:58:54,621 [INFO] CADModel:165 - CPN selected for project level
2025-12-28 18:58:54,621 [INFO] CADModel:114 - Register for checkConnection events
2025-12-28 18:58:54,621 [FATAL] Updater:351 - Updater called before beeing initialized
2025-12-28 18:58:54,621 [ERROR] CADModel:125 - Updater not yet initialized, retry later 
2025-12-28 18:58:54,696 [FATAL] Updater:351 - Updater called before beeing initialized
2025-12-28 18:58:54,697 [INFO] CADModel:165 - CPN selected for project level
2025-12-28 18:58:54,697 [INFO] CADModel:114 - Register for checkConnection events
2025-12-28 18:58:54,697 [FATAL] Updater:351 - Updater called before beeing initialized
2025-12-28 18:58:54,697 [ERROR] CADModel:125 - Updater not yet initialized, retry later 
2025-12-28 18:58:54,699 [FATAL] Updater:351 - Updater called before beeing initialized
2025-12-28 18:58:54,731 [FATAL] Updater:351 - Updater called before beeing initialized
2025-12-28 18:58:54,733 [INFO] DbMcusAds:53 - JSON generation date=Fri Dec 05 04:13:14 EST 2025 (1764925994495)
2025-12-28 18:58:54,733 [FATAL] Updater:351 - Updater called before beeing initialized
2025-12-28 18:58:54,746 [WARN] DetailPanel:346 - Failed to get advertising image, set to default
2025-12-28 18:58:54,780 [FATAL] Updater:351 - Updater called before beeing initialized
2025-12-28 18:58:54,781 [FATAL] Updater:351 - Updater called before beeing initialized
2025-12-28 18:58:54,781 [FATAL] Updater:351 - Updater called before beeing initialized
2025-12-28 18:58:54,781 [WARN] DetailPanel:346 - Failed to get advertising image, set to default
2025-12-28 18:58:54,782 [FATAL] Updater:351 - Updater called before beeing initialized
2025-12-28 18:58:54,796 [ERROR] Updater:1198 - MainUpdater not yet initialized. External WinMGr cannot be set.
2025-12-28 18:58:54,797 [INFO] Updater:1134 - Updater Version found : 6.15.0
2025-12-28 18:58:54,807 [INFO] ApplicationProperties:184 - Using Application install path: /opt/st/stm32cubeide_1.19.0/plugins/com.st.stm32cube.common.mx_6.15.0.202507011659
2025-12-28 18:58:54,947 [INFO] MainUpdater:2872 - connection check result : 10
2025-12-28 18:58:54,947 [INFO] MainUpdater:289 - Updater Check For Update Now.
2025-12-28 18:58:54,947 [INFO] MicroXplorer:498 - Change Database Version : DB.6.0.150
2025-12-28 18:58:55,088 [INFO] CheckServerUpdateThread:120 - End of CheckServer Thread
2025-12-28 18:58:55,158 [INFO] MainUpdater:2872 - connection check result : 10
2025-12-28 18:58:55,158 [INFO] MainUpdater:2872 - connection check result : 10
2025-12-28 18:58:57,311 [WARN] PackLoader:240 - Cannot read IP mode file for STMicroelectronics.FP-SNS-MOTENVWB1.1.4.0
2025-12-28 18:58:57,314 [WARN] PackLoader:240 - Cannot read IP mode file for STMicroelectronics.FP-ATR-ASTRA1.2.0.2
2025-12-28 18:58:57,317 [WARN] PackLoader:240 - Cannot read IP mode file for STMicroelectronics.X-CUBE-SMBUS.2.1.0
2025-12-28 18:58:57,329 [WARN] PackLoader:240 - Cannot read IP mode file for STMicroelectronics.X-CUBE-AZRTOS-F7.1.1.0
2025-12-28 18:58:57,332 [WARN] PackLoader:240 - Cannot read IP mode file for Cesanta.I-CUBE-Mongoose.7.19.0
2025-12-28 18:58:57,334 [WARN] PackLoader:240 - Cannot read IP mode file for STMicroelectronics.FP-SNS-MOTENV1.5.1.0
2025-12-28 18:58:57,338 [WARN] PackLoader:240 - Cannot read IP mode file for WES.I-CUBE-Cesium.1.4.0
2025-12-28 18:58:57,347 [WARN] PackLoader:240 - Cannot read IP mode file for Infineon.AIROC-Wi-Fi-Bluetooth-STM32.1.7.1
2025-12-28 18:58:57,356 [WARN] PackLoader:240 - Cannot read IP mode file for STMicroelectronics.X-CUBE-AZRTOS-H7.3.4.0
2025-12-28 18:58:57,360 [WARN] PackLoader:240 - Cannot read IP mode file for STMicroelectronics.X-CUBE-DISPLAY.3.0.0
2025-12-28 18:58:57,364 [WARN] PackLoader:240 - Cannot read IP mode file for STMicroelectronics.X-CUBE-NFC10.1.0.0
2025-12-28 18:58:57,370 [WARN] PackLoader:240 - Cannot read IP mode file for STMicroelectronics.X-CUBE-ST60.1.1.0
2025-12-28 18:58:57,372 [WARN] PackLoader:240 - Cannot read IP mode file for emotas.I-CUBE-CANOPEN.1.3.0
2025-12-28 18:58:57,373 [WARN] PackLoader:240 - Cannot read IP mode file for STMicroelectronics.X-CUBE-GNSS1.7.1.0
2025-12-28 18:58:57,375 [WARN] PackLoader:240 - Cannot read IP mode file for STMicroelectronics.FP-SNS-STBOX1.2.1.0
2025-12-28 18:58:57,376 [WARN] PackLoader:240 - Cannot read IP mode file for STMicroelectronics.FP-SNS-SMARTAG2.1.2.0
2025-12-28 18:58:57,377 [WARN] PackLoader:240 - Cannot read IP mode file for STMicroelectronics.FP-SNS-FLIGHT1.5.1.0
2025-12-28 18:58:57,379 [INFO] LogOutputStream:77 - [STDOUT_REDIRECT] 1 : Invalid condition id : UX_CORESTACK_Condition cause : null
2025-12-28 18:58:57,379 [INFO] LogOutputStream:77 - [STDOUT_REDIRECT] 1 : Invalid condition id : UX_CORESTACK_Condition cause : null
2025-12-28 18:58:57,379 [INFO] LogOutputStream:77 - [STDOUT_REDIRECT] 1 : Invalid condition id : UX_CORESTACK_Condition cause : null
2025-12-28 18:58:57,379 [INFO] LogOutputStream:77 - [STDOUT_REDIRECT] 1 : Invalid condition id : UX_CORESTACK_Condition cause : null
2025-12-28 18:58:57,380 [INFO] LogOutputStream:77 - [STDOUT_REDIRECT] 1 : Invalid condition id : UX_CORESTACK_Condition cause : null
2025-12-28 18:58:57,380 [WARN] PackLoader:240 - Cannot read IP mode file for STMicroelectronics.X-CUBE-AZRTOS-WL.2.0.0
2025-12-28 18:58:57,386 [WARN] PackLoader:240 - Cannot read IP mode file for STMicroelectronics.X-CUBE-AZRTOS-H7RS.1.2.0
2025-12-28 18:58:57,388 [WARN] PackLoader:240 - Cannot read IP mode file for STMicroelectronics.X-CUBE-BLE2.3.3.0
2025-12-28 18:58:57,393 [WARN] PackLoader:240 - Cannot read IP mode file for STMicroelectronics.X-CUBE-NFC9.1.0.0
2025-12-28 18:58:57,394 [WARN] PackLoader:240 - Cannot read IP mode file for wolfSSL.I-CUBE-wolfSSL.5.8.2
2025-12-28 18:58:57,395 [WARN] PackLoader:240 - Cannot read IP mode file for STMicroelectronics.X-CUBE-BLE1.7.1.0
2025-12-28 18:58:57,396 [WARN] PackLoader:240 - Cannot read IP mode file for wolfSSL.I-CUBE-wolfMQTT.1.19.2
2025-12-28 18:58:57,397 [WARN] PackLoader:240 - Cannot read IP mode file for STMicroelectronics.X-CUBE-FREERTOS.1.4.0
2025-12-28 18:58:57,398 [WARN] PackLoader:240 - Cannot read IP mode file for STMicroelectronics.X-CUBE-EEPRMA1.5.2.0
2025-12-28 18:58:57,400 [WARN] PackLoader:240 - Cannot read IP mode file for STMicroelectronics.X-CUBE-ST67W61.1.1.0
2025-12-28 18:58:57,412 [WARN] PackLoader:240 - Cannot read IP mode file for STMicroelectronics.X-CUBE-MEMS1.12.0.0
2025-12-28 18:58:57,439 [WARN] PackLoader:240 - Cannot read IP mode file for STMicroelectronics.X-CUBE-AZRTOS-G0.1.1.0
2025-12-28 18:58:57,441 [WARN] PackLoader:240 - Cannot read IP mode file for STMicroelectronics.X-CUBE-NFC4.3.0.0
2025-12-28 18:58:57,444 [WARN] PackLoader:240 - Cannot read IP mode file for EmbeddedOffice.I-CUBE-FS-RTOS.1.0.1
2025-12-28 18:58:57,474 [WARN] PackLoader:240 - Cannot read IP mode file for STMicroelectronics.X-CUBE-WB05N.2.0.0
2025-12-28 18:58:57,475 [WARN] PackLoader:240 - Cannot read IP mode file for wolfSSL.I-CUBE-wolfTPM.3.8.0
2025-12-28 18:58:57,476 [WARN] PackLoader:240 - Cannot read IP mode file for STMicroelectronics.X-CUBE-TCPP.4.2.0
2025-12-28 18:58:57,478 [WARN] PackLoader:240 - Cannot read IP mode file for RealThread.X-CUBE-RT-Thread_Nano.4.1.1
2025-12-28 18:58:57,479 [WARN] PackLoader:240 - Cannot read IP mode file for STMicroelectronics.FP-ATR-SIGFOX1.3.2.0
2025-12-28 18:58:57,480 [WARN] PackLoader:240 - Cannot read IP mode file for ITTIA_DB.I-CUBE-ITTIADB.8.9.0
2025-12-28 18:58:57,480 [WARN] PackLoader:240 - Cannot read IP mode file for STMicroelectronics.X-CUBE-AI.10.2.0
2025-12-28 18:58:57,487 [WARN] PackLoader:240 - Cannot read IP mode file for SEGGER.I-CUBE-embOS.1.3.1
2025-12-28 18:58:57,498 [WARN] PackLoader:240 - Cannot read IP mode file for STMicroelectronics.X-CUBE-ALGOBUILD.1.4.0
2025-12-28 18:58:57,512 [WARN] PackLoader:240 - Cannot read IP mode file for STMicroelectronics.X-CUBE-MEMS1.11.3.0
2025-12-28 18:58:57,552 [WARN] PackLoader:240 - Cannot read IP mode file for STMicroelectronics.X-CUBE-PM33A1.1.0.0
2025-12-28 18:58:57,567 [WARN] PackLoader:240 - Cannot read IP mode file for STMicroelectronics.X-CUBE-AZRTOS-F4.1.1.0
2025-12-28 18:58:57,571 [WARN] PackLoader:240 - Cannot read IP mode file for STMicroelectronics.X-CUBE-ISPU.2.1.0
2025-12-28 18:58:57,575 [WARN] PackLoader:240 - Cannot read IP mode file for STMicroelectronics.X-CUBE-IPS.3.2.0
2025-12-28 18:58:57,579 [WARN] PackLoader:240 - Cannot read IP mode file for STMicroelectronics.X-CUBE-NFC12.1.0.0
2025-12-28 18:58:57,583 [WARN] PackLoader:240 - Cannot read IP mode file for STMicroelectronics.X-CUBE-AZRTOS-L5.2.0.0
2025-12-28 18:58:57,588 [WARN] PackLoader:240 - Cannot read IP mode file for STMicroelectronics.X-CUBE-NFC6.3.1.0
2025-12-28 18:58:57,591 [WARN] PackLoader:240 - Cannot read IP mode file for STMicroelectronics.X-CUBE-FREERTOS.1.3.1
2025-12-28 18:58:57,607 [WARN] PackLoader:240 - Cannot read IP mode file for STMicroelectronics.X-CUBE-TOUCHGFX.4.26.0
2025-12-28 18:58:57,608 [WARN] PackLoader:240 - Cannot read IP mode file for STMicroelectronics.FP-SNS-STAIOTCFT.1.0.0
2025-12-28 18:58:57,609 [WARN] PackLoader:240 - Cannot read IP mode file for STMicroelectronics.X-CUBE-DPower.1.3.0
2025-12-28 18:58:57,614 [WARN] ConditionMgr:438 - getConditionDescription Invalid condition id : LAN8742 Phy interface Condition cause : null
2025-12-28 18:58:57,615 [WARN] PackLoader:240 - Cannot read IP mode file for STMicroelectronics.X-CUBE-AZRTOS-L4.2.0.0
2025-12-28 18:58:57,615 [WARN] ConditionMgr:1044 - genDependencies : Invalid condition id : LAN8742 Phy interface Condition cause : null
2025-12-28 18:58:57,615 [WARN] ConditionMgr:1044 - genDependencies : Invalid condition id : LAN8742 Phy interface Condition cause : null
2025-12-28 18:58:57,616 [WARN] ConditionMgr:1044 - genDependencies : Invalid condition id : LAN8742 Phy interface Condition cause : null
2025-12-28 18:58:57,619 [WARN] PackLoader:240 - Cannot read IP mode file for STMicroelectronics.X-CUBE-SFXS2LP1.4.0.0
2025-12-28 18:58:57,624 [WARN] PackLoader:240 - Cannot read IP mode file for STMicroelectronics.X-CUBE-BLEMGR.4.1.0
2025-12-28 18:58:57,628 [WARN] ConditionMgr:438 - getConditionDescription Invalid condition id : UX DEVICE CLASS RTOS Condition cause : null
2025-12-28 18:58:57,629 [WARN] ConditionMgr:438 - getConditionDescription Invalid condition id : UX DEVICE CLASS RTOS Condition cause : null
2025-12-28 18:58:57,629 [WARN] PackLoader:240 - Cannot read IP mode file for STMicroelectronics.X-CUBE-AZRTOS-WB.2.0.0
2025-12-28 18:58:57,630 [WARN] ConditionMgr:1044 - genDependencies : Invalid condition id : UX DEVICE CLASS RTOS Condition cause : null
2025-12-28 18:58:57,630 [WARN] ConditionMgr:1044 - genDependencies : Invalid condition id : UX DEVICE CLASS RTOS Condition cause : null
2025-12-28 18:58:57,630 [WARN] ConditionMgr:1044 - genDependencies : Invalid condition id : UX DEVICE CLASS RTOS Condition cause : null
2025-12-28 18:58:57,630 [WARN] ConditionMgr:1044 - genDependencies : Invalid condition id : UX DEVICE CLASS RTOS Condition cause : null
2025-12-28 18:58:57,630 [WARN] ConditionMgr:1044 - genDependencies : Invalid condition id : UX DEVICE CLASS RTOS Condition cause : null
2025-12-28 18:58:57,632 [WARN] ConditionMgr:438 - getConditionDescription Invalid condition id : Cortex-A Device cause : null
2025-12-28 18:58:57,634 [WARN] ConditionMgr:1044 - genDependencies : Invalid condition id : Cortex-A Device cause : null
2025-12-28 18:58:57,634 [WARN] ConditionMgr:1044 - genDependencies : Invalid condition id : Cortex-A Device cause : null
2025-12-28 18:58:57,634 [WARN] ConditionMgr:1044 - genDependencies : Invalid condition id : Cortex-A Device cause : null
2025-12-28 18:58:57,637 [WARN] PackLoader:240 - Cannot read IP mode file for STMicroelectronics.X-CUBE-SUBG2.5.0.0
2025-12-28 18:58:57,646 [WARN] PackLoader:240 - Cannot read IP mode file for STMicroelectronics.X-CUBE-AZRTOS-H7RS.1.1.0
2025-12-28 18:58:57,653 [WARN] PackLoader:240 - Cannot read IP mode file for STMicroelectronics.X-CUBE-AZRTOS-G4.2.0.0
2025-12-28 18:58:57,654 [WARN] PackLoader:240 - Cannot read IP mode file for wolfSSL.I-CUBE-wolfSSH.1.4.20
2025-12-28 18:58:57,656 [WARN] PackLoader:240 - Cannot read IP mode file for STMicroelectronics.X-CUBE-NFC7.2.0.0
2025-12-28 18:58:57,656 [WARN] PackLoader:240 - Cannot read IP mode file for STMicroelectronics.X-CUBE-ALS.1.0.2
2025-12-28 18:58:57,658 [WARN] PackLoader:240 - Cannot read IP mode file for STMicroelectronics.X-CUBE-STSE01.1.0.0
2025-12-28 18:58:57,660 [WARN] PackLoader:240 - Cannot read IP mode file for STMicroelectronics.X-CUBE-TOF1.3.4.3
2025-12-28 18:58:57,663 [INFO] ThirdParty:978 - Integrity check success = true
2025-12-28 18:58:57,663 [INFO] IntegrityCheckThread:100 - exiting critical section [integrity check]
2025-12-28 18:58:57,663 [INFO] IntegrityCheckThread:103 - End integrity checks thread
2025-12-28 19:07:04,459 [INFO] Activator:176 - 


2025-12-28 19:07:04,459 [INFO] Activator:177 - !SESSION log4j initialized
2025-12-28 19:07:05,709 [INFO] LogOutputStream:77 - [STDOUT_REDIRECT] 
2025-12-28 19:07:06,032 [INFO] ApplicationProperties:184 - Using Application install path: /opt/st/stm32cubeide_1.19.0/plugins/com.st.stm32cube.common.mx_6.15.0.202507011659
2025-12-28 19:07:06,042 [INFO] DbMcusXml:78 - Set database path to: /opt/st/stm32cubeide_1.19.0/plugins/com.st.stm32cube.common.mx_6.15.0.202507011659//db//mcu/
2025-12-28 19:07:06,042 [INFO] ApiDb:274 - Set plugin database path to: /opt/st/stm32cubeide_1.19.0/plugins/com.st.stm32cube.common.mx_6.15.0.202507011659//db//plugins/boardmanager/
2025-12-28 19:07:06,042 [WARN] ApiDb:259 - Overriding images path with different value:  => /opt/st/stm32cubeide_1.19.0/plugins/com.st.stm32cube.common.mx_6.15.0.202507011659//db//plugins/mcufinder/images/
2025-12-28 19:07:06,044 [INFO] ApiDb:250 - Set database path to: /home/lucasnascimento/.stmcufinder/plugins/mcufinder//mcu/
2025-12-28 19:07:06,045 [INFO] DbMcusAds:125 - Set database path to: /home/lucasnascimento/.stmcufinder/plugins/mcufinder//mcu/
2025-12-28 19:07:06,045 [INFO] CrossReferenceDbSqlite:203 - Set database path to: /home/lucasnascimento/.stmcufinder/plugins/mcufinder//mcu/cs/
2025-12-28 19:07:06,097 [INFO] RulesReader:64 - Compatibility file has been processed (317 Rules)
2025-12-28 19:07:06,128 [INFO] DbMcusXml:78 - Set database path to: /opt/st/stm32cubeide_1.19.0/plugins/com.st.stm32cube.common.mx_6.15.0.202507011659//db//mcu/
2025-12-28 19:07:06,128 [INFO] ApiDb:274 - Set plugin database path to: /opt/st/stm32cubeide_1.19.0/plugins/com.st.stm32cube.common.mx_6.15.0.202507011659//db//plugins/boardmanager/
2025-12-28 19:07:06,128 [INFO] ApiDb:261 - Set plugin images path to: /opt/st/stm32cubeide_1.19.0/plugins/com.st.stm32cube.common.mx_6.15.0.202507011659//db//plugins/mcufinder/images/
2025-12-28 19:07:06,128 [WARN] DbFile:41 - Overriding database path with different value: /home/lucasnascimento/.stmcufinder/plugins/mcufinder/ => /home/lucasnascimento/.stmcufinder/plugins/mcufinder
2025-12-28 19:07:06,128 [INFO] ApiDb:250 - Set database path to: /home/lucasnascimento/.stmcufinder/plugins/mcufinder//mcu/
2025-12-28 19:07:06,128 [WARN] DbFile:41 - Overriding database path with different value: /home/lucasnascimento/.stmcufinder/plugins/mcufinder/ => /home/lucasnascimento/.stmcufinder/plugins/mcufinder
2025-12-28 19:07:06,128 [INFO] DbMcusAds:125 - Set database path to: /home/lucasnascimento/.stmcufinder/plugins/mcufinder//mcu/
2025-12-28 19:07:06,128 [WARN] DbFile:41 - Overriding database path with different value: /home/lucasnascimento/.stmcufinder/plugins/mcufinder/ => /home/lucasnascimento/.stmcufinder/plugins/mcufinder
2025-12-28 19:07:06,128 [WARN] DbFile:41 - Overriding database path with different value: /home/lucasnascimento/.stmcufinder/plugins/mcufinder/ => /home/lucasnascimento/.stmcufinder/plugins/mcufinder
2025-12-28 19:07:06,128 [INFO] CrossReferenceDbSqlite:203 - Set database path to: /home/lucasnascimento/.stmcufinder/plugins/mcufinder//mcu/cs/
2025-12-28 19:07:06,171 [INFO] MainPanel:274 - HeapMemory: 268435456
2025-12-28 19:07:06,222 [INFO] DbMcusXml:78 - Set database path to: /opt/st/stm32cubeide_1.19.0/plugins/com.st.stm32cube.common.mx_6.15.0.202507011659//db//mcu/
2025-12-28 19:07:06,222 [INFO] ApiDb:274 - Set plugin database path to: /opt/st/stm32cubeide_1.19.0/plugins/com.st.stm32cube.common.mx_6.15.0.202507011659//db//plugins/boardmanager/
2025-12-28 19:07:06,222 [INFO] ApiDb:261 - Set plugin images path to: /opt/st/stm32cubeide_1.19.0/plugins/com.st.stm32cube.common.mx_6.15.0.202507011659//db//plugins/mcufinder/images/
2025-12-28 19:07:06,222 [WARN] DbFile:41 - Overriding database path with different value: /home/lucasnascimento/.stmcufinder/plugins/mcufinder/ => /home/lucasnascimento/.stmcufinder/plugins/mcufinder
2025-12-28 19:07:06,222 [INFO] ApiDb:250 - Set database path to: /home/lucasnascimento/.stmcufinder/plugins/mcufinder//mcu/
2025-12-28 19:07:06,222 [WARN] DbFile:41 - Overriding database path with different value: /home/lucasnascimento/.stmcufinder/plugins/mcufinder/ => /home/lucasnascimento/.stmcufinder/plugins/mcufinder
2025-12-28 19:07:06,222 [INFO] DbMcusAds:125 - Set database path to: /home/lucasnascimento/.stmcufinder/plugins/mcufinder//mcu/
2025-12-28 19:07:06,222 [WARN] DbFile:41 - Overriding database path with different value: /home/lucasnascimento/.stmcufinder/plugins/mcufinder/ => /home/lucasnascimento/.stmcufinder/plugins/mcufinder
2025-12-28 19:07:06,222 [WARN] DbFile:41 - Overriding database path with different value: /home/lucasnascimento/.stmcufinder/plugins/mcufinder/ => /home/lucasnascimento/.stmcufinder/plugins/mcufinder
2025-12-28 19:07:06,222 [INFO] CrossReferenceDbSqlite:203 - Set database path to: /home/lucasnascimento/.stmcufinder/plugins/mcufinder//mcu/cs/
2025-12-28 19:07:06,228 [INFO] ApplicationProperties:184 - Using Application install path: /opt/st/stm32cubeide_1.19.0/plugins/com.st.stm32cube.common.mx_6.15.0.202507011659
2025-12-28 19:07:06,229 [INFO] PluginManage:196 - Search for loadable plugins [exclusion list=, ]
2025-12-28 19:07:06,229 [INFO] PluginManage:310 - Check plugin analytics
2025-12-28 19:07:06,287 [INFO] AnalyticsPlugin:253 - Accepted Software Licenses: 
2025-12-28 19:07:06,287 [INFO] AnalyticsPlugin:255 - Accepted CMSIS Pack Licenses: STMicroelectronics.X-CUBE-FREERTOS.1.3.1,EmbeddedOffice.I-CUBE-FS-RTOS.1.0.1
2025-12-28 19:07:06,287 [INFO] AnalyticsPlugin:257 - Accepted Firmware Licenses: FW.H5.1.5.0
2025-12-28 19:07:06,288 [INFO] PluginManage:359 - Loaded plugin analytics (category:tool,tabindex:-1)
2025-12-28 19:07:06,288 [INFO] PluginManage:310 - Check plugin cadmodel
2025-12-28 19:07:06,289 [INFO] CADModel:105 - Init CAD model plugin
2025-12-28 19:07:06,289 [INFO] PluginManage:359 - Loaded plugin cadmodel (category:power,tabindex:5)
2025-12-28 19:07:06,289 [INFO] PluginManage:310 - Check plugin clock
2025-12-28 19:07:06,292 [INFO] PluginManage:359 - Loaded plugin clock (category:base,tabindex:2)
2025-12-28 19:07:06,292 [INFO] PluginManage:310 - Check plugin ddr
2025-12-28 19:07:06,293 [INFO] PluginManage:359 - Loaded plugin ddr (category:tool,tabindex:6)
2025-12-28 19:07:06,293 [INFO] PluginManage:310 - Check plugin filemanager
2025-12-28 19:07:06,357 [INFO] PluginManage:359 - Loaded plugin filemanager (category:base,tabindex:10)
2025-12-28 19:07:06,357 [INFO] PluginManage:310 - Check plugin ipmanager
2025-12-28 19:07:06,360 [INFO] PluginManage:359 - Loaded plugin ipmanager (category:base,tabindex:5)
2025-12-28 19:07:06,360 [INFO] PluginManage:310 - Check plugin lpbam
2025-12-28 19:07:06,363 [INFO] PluginManage:359 - Loaded plugin lpbam (category:base,tabindex:0)
2025-12-28 19:07:06,363 [INFO] PluginManage:310 - Check plugin memorymap
2025-12-28 19:07:06,369 [INFO] PluginManage:359 - Loaded plugin memorymap (category:base,tabindex:4)
2025-12-28 19:07:06,369 [INFO] PluginManage:310 - Check plugin pinoutandconfiguration
2025-12-28 19:07:06,372 [INFO] PluginManage:359 - Loaded plugin pinoutandconfiguration (category:base,tabindex:1)
2025-12-28 19:07:06,372 [INFO] PluginManage:310 - Check plugin pinoutconfig
2025-12-28 19:07:06,410 [WARN] SupportedApi:132 - Cannot load RTOS API schema: s4s-elt-must-match.1: The content of 'definitions' must match (annotation?, (simpleType | complexType)?, (unique | key | keyref)*)). A problem was found starting at: attribute.
2025-12-28 19:07:06,464 [INFO] PluginManage:359 - Loaded plugin pinoutconfig (category:base,tabindex:0)
2025-12-28 19:07:06,464 [INFO] PluginManage:310 - Check plugin power
2025-12-28 19:07:06,468 [INFO] PluginManage:359 - Loaded plugin power (category:power,tabindex:4)
2025-12-28 19:07:06,468 [INFO] PluginManage:310 - Check plugin projectmanager
2025-12-28 19:07:06,474 [INFO] PluginManage:359 - Loaded plugin projectmanager (category:projectmanager,tabindex:4)
2025-12-28 19:07:06,474 [INFO] PluginManage:310 - Check plugin rif
2025-12-28 19:07:06,478 [INFO] PluginManage:359 - Loaded plugin rif (category:base,tabindex:3)
2025-12-28 19:07:06,478 [INFO] PluginManage:310 - Check plugin thirdparty
2025-12-28 19:07:06,523 [INFO] PluginManage:359 - Loaded plugin thirdparty (category:base,tabindex:-1)
2025-12-28 19:07:06,523 [INFO] PluginManage:310 - Check plugin tools
2025-12-28 19:07:06,523 [WARN] IntegrityCheckThread:84 - waiting for thirdparty lock release [integrity check]
2025-12-28 19:07:06,523 [INFO] IntegrityCheckThread:86 - entering critical section [integrity check]
2025-12-28 19:07:06,523 [INFO] ThirdPartyUpdaterWithRetryManager:70 - Updater plugin not ready yet. [1/15]
2025-12-28 19:07:06,524 [INFO] PluginManage:359 - Loaded plugin tools (category:base,tabindex:7)
2025-12-28 19:07:06,524 [INFO] PluginManage:310 - Check plugin tutovideos
2025-12-28 19:07:06,610 [INFO] PluginManage:359 - Loaded plugin tutovideos (category:base,tabindex:-1)
2025-12-28 19:07:06,610 [INFO] PluginManage:310 - Check plugin updater
2025-12-28 19:07:06,621 [INFO] PluginManage:359 - Loaded plugin updater (category:base,tabindex:12)
2025-12-28 19:07:06,621 [INFO] PluginManage:310 - Check plugin userauth
2025-12-28 19:07:06,623 [INFO] UserAuth:118 - Init User Auth plugin
2025-12-28 19:07:06,623 [INFO] PluginManage:359 - Loaded plugin userauth (category:base,tabindex:14)
2025-12-28 19:07:06,623 [INFO] PluginManage:283 - PluginManage : Loaded plugins [18]
2025-12-28 19:07:06,703 [INFO] PinOutPanel:1589 - setPackage(No Configuration,No Configuration)
2025-12-28 19:07:06,730 [INFO] CADModel:165 - CPN selected for project level
2025-12-28 19:07:06,730 [INFO] CADModel:114 - Register for checkConnection events
2025-12-28 19:07:06,737 [INFO] IPUIPlugin:80 - create IPUIPlugin
2025-12-28 19:07:06,737 [INFO] PluginManager:220 - loadIPPluginJar : add i3c
2025-12-28 19:07:06,740 [INFO] IPUIPlugin:80 - create IPUIPlugin
2025-12-28 19:07:06,740 [INFO] PluginManager:220 - loadIPPluginJar : add stm32_wpan
2025-12-28 19:07:06,742 [INFO] IPUIPlugin:80 - create IPUIPlugin
2025-12-28 19:07:06,742 [INFO] PluginManager:220 - loadIPPluginJar : add ipddr
2025-12-28 19:07:06,743 [INFO] IPUIPlugin:80 - create IPUIPlugin
2025-12-28 19:07:06,743 [INFO] PluginManager:220 - loadIPPluginJar : add quadspi
2025-12-28 19:07:06,744 [INFO] IPUIPlugin:80 - create IPUIPlugin
2025-12-28 19:07:06,744 [INFO] PluginManager:220 - loadIPPluginJar : add hash
2025-12-28 19:07:06,744 [INFO] IPUIPlugin:80 - create IPUIPlugin
2025-12-28 19:07:06,744 [INFO] PluginManager:220 - loadIPPluginJar : add openamp
2025-12-28 19:07:06,746 [INFO] IPUIPlugin:80 - create IPUIPlugin
2025-12-28 19:07:06,746 [INFO] PluginManager:220 - loadIPPluginJar : add fmc
2025-12-28 19:07:06,747 [INFO] IPUIPlugin:80 - create IPUIPlugin
2025-12-28 19:07:06,747 [INFO] PluginManager:220 - loadIPPluginJar : add aes
2025-12-28 19:07:06,747 [INFO] IPUIPlugin:80 - create IPUIPlugin
2025-12-28 19:07:06,747 [INFO] PluginManager:220 - loadIPPluginJar : add ucpd
2025-12-28 19:07:06,748 [INFO] IPUIPlugin:80 - create IPUIPlugin
2025-12-28 19:07:06,748 [INFO] PluginManager:220 - loadIPPluginJar : add gfxmmu
2025-12-28 19:07:06,748 [INFO] IPUIPlugin:80 - create IPUIPlugin
2025-12-28 19:07:06,748 [INFO] PluginManager:220 - loadIPPluginJar : add tim
2025-12-28 19:07:06,749 [INFO] IPUIPlugin:80 - create IPUIPlugin
2025-12-28 19:07:06,749 [INFO] PluginManager:220 - loadIPPluginJar : add dfsdm
2025-12-28 19:07:06,750 [INFO] IPUIPlugin:80 - create IPUIPlugin
2025-12-28 19:07:06,750 [INFO] PluginManager:220 - loadIPPluginJar : add sai
2025-12-28 19:07:06,751 [INFO] IPUIPlugin:80 - create IPUIPlugin
2025-12-28 19:07:06,751 [INFO] PluginManager:220 - loadIPPluginJar : add radio
2025-12-28 19:07:06,752 [INFO] IPUIPlugin:80 - create IPUIPlugin
2025-12-28 19:07:06,752 [INFO] PluginManager:220 - loadIPPluginJar : add can
2025-12-28 19:07:06,753 [INFO] IPUIPlugin:80 - create IPUIPlugin
2025-12-28 19:07:06,753 [INFO] PluginManager:220 - loadIPPluginJar : add gpio
2025-12-28 19:07:06,754 [INFO] IPUIPlugin:80 - create IPUIPlugin
2025-12-28 19:07:06,754 [INFO] PluginManager:220 - loadIPPluginJar : add extmemmanager
2025-12-28 19:07:06,757 [INFO] IPUIPlugin:80 - create IPUIPlugin
2025-12-28 19:07:06,757 [INFO] PluginManager:220 - loadIPPluginJar : add linkedlist
2025-12-28 19:07:06,759 [INFO] IPUIPlugin:80 - create IPUIPlugin
2025-12-28 19:07:06,760 [INFO] PluginManager:220 - loadIPPluginJar : add plateformsettings
2025-12-28 19:07:06,763 [INFO] IPUIPlugin:80 - create IPUIPlugin
2025-12-28 19:07:06,763 [INFO] PluginManager:220 - loadIPPluginJar : add adc
2025-12-28 19:07:06,763 [INFO] IPUIPlugin:80 - create IPUIPlugin
2025-12-28 19:07:06,764 [INFO] PluginManager:220 - loadIPPluginJar : add spi
2025-12-28 19:07:06,766 [INFO] IPUIPlugin:80 - create IPUIPlugin
2025-12-28 19:07:06,766 [INFO] PluginManager:220 - loadIPPluginJar : add gic
2025-12-28 19:07:06,767 [INFO] IPUIPlugin:80 - create IPUIPlugin
2025-12-28 19:07:06,768 [INFO] PluginManager:220 - loadIPPluginJar : add nvic
2025-12-28 19:07:06,770 [INFO] IPUIPlugin:80 - create IPUIPlugin
2025-12-28 19:07:06,771 [INFO] PluginManager:220 - loadIPPluginJar : add dma
2025-12-28 19:07:06,772 [INFO] IPUIPlugin:80 - create IPUIPlugin
2025-12-28 19:07:06,772 [INFO] PluginManager:220 - loadIPPluginJar : add ddr_ctrl_phy
2025-12-28 19:07:06,772 [INFO] IPUIPlugin:80 - create IPUIPlugin
2025-12-28 19:07:06,772 [INFO] PluginManager:220 - loadIPPluginJar : add tracer_emb
2025-12-28 19:07:06,773 [INFO] IPUIPlugin:80 - create IPUIPlugin
2025-12-28 19:07:06,773 [INFO] PluginManager:220 - loadIPPluginJar : add lorawan
2025-12-28 19:07:06,774 [INFO] IPUIPlugin:80 - create IPUIPlugin
2025-12-28 19:07:06,774 [INFO] PluginManager:220 - loadIPPluginJar : add usbx
2025-12-28 19:07:06,774 [INFO] IPUIPlugin:80 - create IPUIPlugin
2025-12-28 19:07:06,774 [INFO] PluginManager:220 - loadIPPluginJar : add ltdc
2025-12-28 19:07:06,775 [INFO] IPUIPlugin:80 - create IPUIPlugin
2025-12-28 19:07:06,775 [INFO] PluginManager:220 - loadIPPluginJar : add pdm2pcm
2025-12-28 19:07:06,776 [INFO] IPUIPlugin:80 - create IPUIPlugin
2025-12-28 19:07:06,776 [INFO] PluginManager:220 - loadIPPluginJar : add cryp
2025-12-28 19:07:06,776 [INFO] IPUIPlugin:80 - create IPUIPlugin
2025-12-28 19:07:06,776 [INFO] PluginManager:220 - loadIPPluginJar : add ts
2025-12-28 19:07:06,777 [INFO] IPUIPlugin:80 - create IPUIPlugin
2025-12-28 19:07:06,777 [INFO] PluginManager:220 - loadIPPluginJar : add fatfs
2025-12-28 19:07:06,777 [INFO] IPUIPlugin:80 - create IPUIPlugin
2025-12-28 19:07:06,777 [INFO] PluginManager:220 - loadIPPluginJar : add opamp
2025-12-28 19:07:06,778 [INFO] IPUIPlugin:80 - create IPUIPlugin
2025-12-28 19:07:06,778 [INFO] PluginManager:220 - loadIPPluginJar : add comp
2025-12-28 19:07:06,779 [INFO] IPUIPlugin:80 - create IPUIPlugin
2025-12-28 19:07:06,779 [INFO] PluginManager:220 - loadIPPluginJar : add resmgrutility
2025-12-28 19:07:06,791 [INFO] IPUIPlugin:80 - create IPUIPlugin
2025-12-28 19:07:06,791 [INFO] PluginManager:220 - loadIPPluginJar : add gtzc
2025-12-28 19:07:06,794 [INFO] IPUIPlugin:80 - create IPUIPlugin
2025-12-28 19:07:06,794 [INFO] PluginManager:220 - loadIPPluginJar : add mdma
2025-12-28 19:07:06,794 [INFO] IPUIPlugin:80 - create IPUIPlugin
2025-12-28 19:07:06,794 [INFO] PluginManager:220 - loadIPPluginJar : add genericplugin
2025-12-28 19:07:06,795 [INFO] IPUIPlugin:80 - create IPUIPlugin
2025-12-28 19:07:06,795 [INFO] PluginManager:220 - loadIPPluginJar : add tsc
2025-12-28 19:07:06,795 [INFO] IPUIPlugin:80 - create IPUIPlugin
2025-12-28 19:07:06,795 [INFO] PluginManager:220 - loadIPPluginJar : add i2c
2025-12-28 19:07:06,796 [INFO] IPUIPlugin:80 - create IPUIPlugin
2025-12-28 19:07:06,796 [INFO] PluginManager:220 - loadIPPluginJar : add touchsensing
2025-12-28 19:07:06,800 [INFO] IPUIPlugin:80 - create IPUIPlugin
2025-12-28 19:07:06,800 [INFO] PluginManager:220 - loadIPPluginJar : add freertos
2025-12-28 19:07:06,800 [INFO] IPUIPlugin:80 - create IPUIPlugin
2025-12-28 19:07:06,801 [INFO] PluginManager:220 - loadIPPluginJar : add dma3
2025-12-28 19:07:06,801 [INFO] IPUIPlugin:80 - create IPUIPlugin
2025-12-28 19:07:06,801 [INFO] PluginManager:220 - loadIPPluginJar : add usart
2025-12-28 19:07:06,802 [INFO] IPUIPlugin:80 - create IPUIPlugin
2025-12-28 19:07:06,802 [INFO] PluginManager:220 - loadIPPluginJar : add i2s
2025-12-28 19:07:06,886 [FATAL] Updater:351 - Updater called before beeing initialized
2025-12-28 19:07:06,895 [INFO] RulesReader:64 - Compatibility file has been processed (317 Rules)
2025-12-28 19:07:06,900 [INFO] RulesReader:64 - Compatibility file has been processed (317 Rules)
2025-12-28 19:07:06,904 [INFO] CADModel:165 - CPN selected for project level
2025-12-28 19:07:06,904 [INFO] CADModel:114 - Register for checkConnection events
2025-12-28 19:07:06,904 [FATAL] Updater:351 - Updater called before beeing initialized
2025-12-28 19:07:06,904 [ERROR] CADModel:125 - Updater not yet initialized, retry later 
2025-12-28 19:07:06,967 [FATAL] Updater:351 - Updater called before beeing initialized
2025-12-28 19:07:06,968 [INFO] CADModel:165 - CPN selected for project level
2025-12-28 19:07:06,968 [INFO] CADModel:114 - Register for checkConnection events
2025-12-28 19:07:06,968 [FATAL] Updater:351 - Updater called before beeing initialized
2025-12-28 19:07:06,968 [ERROR] CADModel:125 - Updater not yet initialized, retry later 
2025-12-28 19:07:06,969 [FATAL] Updater:351 - Updater called before beeing initialized
2025-12-28 19:07:07,002 [FATAL] Updater:351 - Updater called before beeing initialized
2025-12-28 19:07:07,004 [INFO] DbMcusAds:53 - JSON generation date=Fri Dec 05 04:13:14 EST 2025 (1764925994495)
2025-12-28 19:07:07,004 [FATAL] Updater:351 - Updater called before beeing initialized
2025-12-28 19:07:07,019 [WARN] DetailPanel:346 - Failed to get advertising image, set to default
2025-12-28 19:07:07,051 [FATAL] Updater:351 - Updater called before beeing initialized
2025-12-28 19:07:07,052 [FATAL] Updater:351 - Updater called before beeing initialized
2025-12-28 19:07:07,052 [FATAL] Updater:351 - Updater called before beeing initialized
2025-12-28 19:07:07,052 [WARN] DetailPanel:346 - Failed to get advertising image, set to default
2025-12-28 19:07:07,052 [FATAL] Updater:351 - Updater called before beeing initialized
2025-12-28 19:07:07,071 [ERROR] Updater:1198 - MainUpdater not yet initialized. External WinMGr cannot be set.
2025-12-28 19:07:07,072 [INFO] Updater:1134 - Updater Version found : 6.15.0
2025-12-28 19:07:07,082 [INFO] ApplicationProperties:184 - Using Application install path: /opt/st/stm32cubeide_1.19.0/plugins/com.st.stm32cube.common.mx_6.15.0.202507011659
2025-12-28 19:07:07,204 [INFO] MainUpdater:2872 - connection check result : 10
2025-12-28 19:07:07,205 [INFO] MainUpdater:289 - Updater Check For Update Now.
2025-12-28 19:07:07,205 [INFO] MicroXplorer:498 - Change Database Version : DB.6.0.150
2025-12-28 19:07:07,207 [INFO] McuFinderGlobals:63 - Set McuFinder mode to 2 (CubeIDE integrated)
2025-12-28 19:07:07,207 [INFO] UserAuth:487 - Internet connection configuration mode: 1
2025-12-28 19:07:07,215 [INFO] JxBrowserEngine:152 - Initiate JxBrowser Engine with user profile folder
2025-12-28 19:07:07,349 [INFO] CheckServerUpdateThread:120 - End of CheckServer Thread
2025-12-28 19:07:07,555 [INFO] WebApp:169 - Instantiating new browser for Auth
2025-12-28 19:07:07,852 [INFO] WebApp:463 - Apply proxy settings
2025-12-28 19:07:07,852 [INFO] WebApp:548 - Chromium requires no authentication
2025-12-28 19:07:07,856 [INFO] WebApp:491 - Direct internet connection detected
2025-12-28 19:07:07,865 [INFO] WebApp:900 - Register for checkConnection events
2025-12-28 19:07:07,865 [INFO] WebApp:463 - Apply proxy settings
2025-12-28 19:07:07,866 [INFO] WebApp:548 - Chromium requires no authentication
2025-12-28 19:07:07,866 [INFO] WebApp:491 - Direct internet connection detected
2025-12-28 19:07:07,926 [INFO] WebApp:225 - Starting web application
2025-12-28 19:07:07,926 [INFO] WebApp:593 - Web application path used /opt/st/stm32cubeide_1.19.0/plugins/com.st.stm32cube.common.mx_6.15.0.202507011659/db/plugins/mcufinder/reactClient1/index.html
2025-12-28 19:07:07,970 [INFO] UserAuth:487 - Internet connection configuration mode: 1
2025-12-28 19:07:08,059 [INFO] WebApp:191 - Connection restablished
2025-12-28 19:07:09,567 [WARN] PackLoader:240 - Cannot read IP mode file for STMicroelectronics.FP-SNS-MOTENVWB1.1.4.0
2025-12-28 19:07:09,571 [WARN] PackLoader:240 - Cannot read IP mode file for STMicroelectronics.FP-ATR-ASTRA1.2.0.2
2025-12-28 19:07:09,574 [WARN] PackLoader:240 - Cannot read IP mode file for STMicroelectronics.X-CUBE-SMBUS.2.1.0
2025-12-28 19:07:09,585 [WARN] PackLoader:240 - Cannot read IP mode file for STMicroelectronics.X-CUBE-AZRTOS-F7.1.1.0
2025-12-28 19:07:09,589 [WARN] PackLoader:240 - Cannot read IP mode file for Cesanta.I-CUBE-Mongoose.7.19.0
2025-12-28 19:07:09,591 [WARN] PackLoader:240 - Cannot read IP mode file for STMicroelectronics.FP-SNS-MOTENV1.5.1.0
2025-12-28 19:07:09,595 [WARN] PackLoader:240 - Cannot read IP mode file for WES.I-CUBE-Cesium.1.4.0
2025-12-28 19:07:09,602 [WARN] PackLoader:240 - Cannot read IP mode file for Infineon.AIROC-Wi-Fi-Bluetooth-STM32.1.7.1
2025-12-28 19:07:09,611 [WARN] PackLoader:240 - Cannot read IP mode file for STMicroelectronics.X-CUBE-AZRTOS-H7.3.4.0
2025-12-28 19:07:09,614 [WARN] PackLoader:240 - Cannot read IP mode file for STMicroelectronics.X-CUBE-DISPLAY.3.0.0
2025-12-28 19:07:09,618 [WARN] PackLoader:240 - Cannot read IP mode file for STMicroelectronics.X-CUBE-NFC10.1.0.0
2025-12-28 19:07:09,619 [WARN] PackLoader:240 - Cannot read IP mode file for STMicroelectronics.X-CUBE-ST60.1.1.0
2025-12-28 19:07:09,621 [WARN] PackLoader:240 - Cannot read IP mode file for emotas.I-CUBE-CANOPEN.1.3.0
2025-12-28 19:07:09,622 [WARN] PackLoader:240 - Cannot read IP mode file for STMicroelectronics.X-CUBE-GNSS1.7.1.0
2025-12-28 19:07:09,624 [WARN] PackLoader:240 - Cannot read IP mode file for STMicroelectronics.FP-SNS-STBOX1.2.1.0
2025-12-28 19:07:09,625 [WARN] PackLoader:240 - Cannot read IP mode file for STMicroelectronics.FP-SNS-SMARTAG2.1.2.0
2025-12-28 19:07:09,626 [WARN] PackLoader:240 - Cannot read IP mode file for STMicroelectronics.FP-SNS-FLIGHT1.5.1.0
2025-12-28 19:07:09,628 [INFO] LogOutputStream:77 - [STDOUT_REDIRECT] 1 : Invalid condition id : UX_CORESTACK_Condition cause : null
2025-12-28 19:07:09,629 [INFO] LogOutputStream:77 - [STDOUT_REDIRECT] 1 : Invalid condition id : UX_CORESTACK_Condition cause : null
2025-12-28 19:07:09,629 [INFO] LogOutputStream:77 - [STDOUT_REDIRECT] 1 : Invalid condition id : UX_CORESTACK_Condition cause : null
2025-12-28 19:07:09,629 [INFO] LogOutputStream:77 - [STDOUT_REDIRECT] 1 : Invalid condition id : UX_CORESTACK_Condition cause : null
2025-12-28 19:07:09,629 [INFO] LogOutputStream:77 - [STDOUT_REDIRECT] 1 : Invalid condition id : UX_CORESTACK_Condition cause : null
2025-12-28 19:07:09,630 [WARN] PackLoader:240 - Cannot read IP mode file for STMicroelectronics.X-CUBE-AZRTOS-WL.2.0.0
2025-12-28 19:07:09,635 [WARN] PackLoader:240 - Cannot read IP mode file for STMicroelectronics.X-CUBE-AZRTOS-H7RS.1.2.0
2025-12-28 19:07:09,645 [WARN] PackLoader:240 - Cannot read IP mode file for STMicroelectronics.X-CUBE-BLE2.3.3.0
2025-12-28 19:07:09,652 [WARN] PackLoader:240 - Cannot read IP mode file for STMicroelectronics.X-CUBE-NFC9.1.0.0
2025-12-28 19:07:09,654 [WARN] PackLoader:240 - Cannot read IP mode file for wolfSSL.I-CUBE-wolfSSL.5.8.2
2025-12-28 19:07:09,674 [WARN] PackLoader:240 - Cannot read IP mode file for STMicroelectronics.X-CUBE-BLE1.7.1.0
2025-12-28 19:07:09,675 [WARN] PackLoader:240 - Cannot read IP mode file for wolfSSL.I-CUBE-wolfMQTT.1.19.2
2025-12-28 19:07:09,677 [WARN] PackLoader:240 - Cannot read IP mode file for STMicroelectronics.X-CUBE-FREERTOS.1.4.0
2025-12-28 19:07:09,679 [WARN] PackLoader:240 - Cannot read IP mode file for STMicroelectronics.X-CUBE-EEPRMA1.5.2.0
2025-12-28 19:07:09,681 [WARN] PackLoader:240 - Cannot read IP mode file for STMicroelectronics.X-CUBE-ST67W61.1.1.0
2025-12-28 19:07:09,695 [WARN] PackLoader:240 - Cannot read IP mode file for STMicroelectronics.X-CUBE-MEMS1.12.0.0
2025-12-28 19:07:09,729 [WARN] PackLoader:240 - Cannot read IP mode file for STMicroelectronics.X-CUBE-AZRTOS-G0.1.1.0
2025-12-28 19:07:09,731 [WARN] PackLoader:240 - Cannot read IP mode file for STMicroelectronics.X-CUBE-NFC4.3.0.0
2025-12-28 19:07:09,733 [WARN] PackLoader:240 - Cannot read IP mode file for EmbeddedOffice.I-CUBE-FS-RTOS.1.0.1
2025-12-28 19:07:09,761 [WARN] PackLoader:240 - Cannot read IP mode file for STMicroelectronics.X-CUBE-WB05N.2.0.0
2025-12-28 19:07:09,762 [WARN] PackLoader:240 - Cannot read IP mode file for wolfSSL.I-CUBE-wolfTPM.3.8.0
2025-12-28 19:07:09,763 [WARN] PackLoader:240 - Cannot read IP mode file for STMicroelectronics.X-CUBE-TCPP.4.2.0
2025-12-28 19:07:09,764 [WARN] PackLoader:240 - Cannot read IP mode file for RealThread.X-CUBE-RT-Thread_Nano.4.1.1
2025-12-28 19:07:09,765 [WARN] PackLoader:240 - Cannot read IP mode file for STMicroelectronics.FP-ATR-SIGFOX1.3.2.0
2025-12-28 19:07:09,766 [WARN] PackLoader:240 - Cannot read IP mode file for ITTIA_DB.I-CUBE-ITTIADB.8.9.0
2025-12-28 19:07:09,767 [WARN] PackLoader:240 - Cannot read IP mode file for STMicroelectronics.X-CUBE-AI.10.2.0
2025-12-28 19:07:09,776 [WARN] PackLoader:240 - Cannot read IP mode file for SEGGER.I-CUBE-embOS.1.3.1
2025-12-28 19:07:09,787 [WARN] PackLoader:240 - Cannot read IP mode file for STMicroelectronics.X-CUBE-ALGOBUILD.1.4.0
2025-12-28 19:07:09,806 [WARN] PackLoader:240 - Cannot read IP mode file for STMicroelectronics.X-CUBE-MEMS1.11.3.0
2025-12-28 19:07:09,838 [WARN] PackLoader:240 - Cannot read IP mode file for STMicroelectronics.X-CUBE-PM33A1.1.0.0
2025-12-28 19:07:09,842 [WARN] PackLoader:240 - Cannot read IP mode file for STMicroelectronics.X-CUBE-AZRTOS-F4.1.1.0
2025-12-28 19:07:09,844 [WARN] PackLoader:240 - Cannot read IP mode file for STMicroelectronics.X-CUBE-ISPU.2.1.0
2025-12-28 19:07:09,848 [WARN] PackLoader:240 - Cannot read IP mode file for STMicroelectronics.X-CUBE-IPS.3.2.0
2025-12-28 19:07:09,851 [WARN] PackLoader:240 - Cannot read IP mode file for STMicroelectronics.X-CUBE-NFC12.1.0.0
2025-12-28 19:07:09,856 [WARN] PackLoader:240 - Cannot read IP mode file for STMicroelectronics.X-CUBE-AZRTOS-L5.2.0.0
2025-12-28 19:07:09,859 [WARN] PackLoader:240 - Cannot read IP mode file for STMicroelectronics.X-CUBE-NFC6.3.1.0
2025-12-28 19:07:09,861 [WARN] PackLoader:240 - Cannot read IP mode file for STMicroelectronics.X-CUBE-FREERTOS.1.3.1
2025-12-28 19:07:09,879 [WARN] PackLoader:240 - Cannot read IP mode file for STMicroelectronics.X-CUBE-TOUCHGFX.4.26.0
2025-12-28 19:07:09,883 [WARN] PackLoader:240 - Cannot read IP mode file for STMicroelectronics.FP-SNS-STAIOTCFT.1.0.0
2025-12-28 19:07:09,886 [WARN] PackLoader:240 - Cannot read IP mode file for STMicroelectronics.X-CUBE-DPower.1.3.0
2025-12-28 19:07:09,892 [WARN] ConditionMgr:438 - getConditionDescription Invalid condition id : LAN8742 Phy interface Condition cause : null
2025-12-28 19:07:09,893 [WARN] PackLoader:240 - Cannot read IP mode file for STMicroelectronics.X-CUBE-AZRTOS-L4.2.0.0
2025-12-28 19:07:09,893 [WARN] ConditionMgr:1044 - genDependencies : Invalid condition id : LAN8742 Phy interface Condition cause : null
2025-12-28 19:07:09,893 [WARN] ConditionMgr:1044 - genDependencies : Invalid condition id : LAN8742 Phy interface Condition cause : null
2025-12-28 19:07:09,894 [WARN] ConditionMgr:1044 - genDependencies : Invalid condition id : LAN8742 Phy interface Condition cause : null
2025-12-28 19:07:09,898 [WARN] PackLoader:240 - Cannot read IP mode file for STMicroelectronics.X-CUBE-SFXS2LP1.4.0.0
2025-12-28 19:07:09,910 [WARN] PackLoader:240 - Cannot read IP mode file for STMicroelectronics.X-CUBE-BLEMGR.4.1.0
2025-12-28 19:07:09,916 [WARN] ConditionMgr:438 - getConditionDescription Invalid condition id : UX DEVICE CLASS RTOS Condition cause : null
2025-12-28 19:07:09,916 [WARN] ConditionMgr:438 - getConditionDescription Invalid condition id : UX DEVICE CLASS RTOS Condition cause : null
2025-12-28 19:07:09,916 [WARN] PackLoader:240 - Cannot read IP mode file for STMicroelectronics.X-CUBE-AZRTOS-WB.2.0.0
2025-12-28 19:07:09,916 [WARN] ConditionMgr:1044 - genDependencies : Invalid condition id : UX DEVICE CLASS RTOS Condition cause : null
2025-12-28 19:07:09,916 [WARN] ConditionMgr:1044 - genDependencies : Invalid condition id : UX DEVICE CLASS RTOS Condition cause : null
2025-12-28 19:07:09,917 [WARN] ConditionMgr:1044 - genDependencies : Invalid condition id : UX DEVICE CLASS RTOS Condition cause : null
2025-12-28 19:07:09,917 [WARN] ConditionMgr:1044 - genDependencies : Invalid condition id : UX DEVICE CLASS RTOS Condition cause : null
2025-12-28 19:07:09,917 [WARN] ConditionMgr:1044 - genDependencies : Invalid condition id : UX DEVICE CLASS RTOS Condition cause : null
2025-12-28 19:07:09,919 [WARN] ConditionMgr:438 - getConditionDescription Invalid condition id : Cortex-A Device cause : null
2025-12-28 19:07:09,921 [WARN] ConditionMgr:1044 - genDependencies : Invalid condition id : Cortex-A Device cause : null
2025-12-28 19:07:09,921 [WARN] ConditionMgr:1044 - genDependencies : Invalid condition id : Cortex-A Device cause : null
2025-12-28 19:07:09,921 [WARN] ConditionMgr:1044 - genDependencies : Invalid condition id : Cortex-A Device cause : null
2025-12-28 19:07:09,923 [WARN] PackLoader:240 - Cannot read IP mode file for STMicroelectronics.X-CUBE-SUBG2.5.0.0
2025-12-28 19:07:09,929 [WARN] PackLoader:240 - Cannot read IP mode file for STMicroelectronics.X-CUBE-AZRTOS-H7RS.1.1.0
2025-12-28 19:07:09,934 [WARN] PackLoader:240 - Cannot read IP mode file for STMicroelectronics.X-CUBE-AZRTOS-G4.2.0.0
2025-12-28 19:07:09,935 [WARN] PackLoader:240 - Cannot read IP mode file for wolfSSL.I-CUBE-wolfSSH.1.4.20
2025-12-28 19:07:09,936 [WARN] PackLoader:240 - Cannot read IP mode file for STMicroelectronics.X-CUBE-NFC7.2.0.0
2025-12-28 19:07:09,937 [WARN] PackLoader:240 - Cannot read IP mode file for STMicroelectronics.X-CUBE-ALS.1.0.2
2025-12-28 19:07:09,938 [WARN] PackLoader:240 - Cannot read IP mode file for STMicroelectronics.X-CUBE-STSE01.1.0.0
2025-12-28 19:07:09,941 [WARN] PackLoader:240 - Cannot read IP mode file for STMicroelectronics.X-CUBE-TOF1.3.4.3
2025-12-28 19:07:09,945 [INFO] ThirdParty:978 - Integrity check success = true
2025-12-28 19:07:09,945 [INFO] IntegrityCheckThread:100 - exiting critical section [integrity check]
2025-12-28 19:07:09,945 [INFO] IntegrityCheckThread:103 - End integrity checks thread
2025-12-28 19:14:36,459 [ERROR] LogOutputStream:75 - [STDERR_REDIRECT] 
