2025-12-26 11:16:14,190 [INFO] MainUpdater:2872 - connection check result : 10
2025-12-26 11:16:14,191 [INFO] MainUpdater:2872 - connection check result : 10
2025-12-26 11:16:14,283 [INFO] MicroXplorer:468 - Change Database Path : 
2025-12-26 11:16:14,283 [INFO] MicroXplorer:498 - Change Database Version : DB.6.0.150
2025-12-26 11:16:14,324 [INFO] ProjectChoiceTab:3673 - Project Structure = Dual Non Secure / Secure
2025-12-26 11:16:14,325 [ERROR] ProjectManagerView:395 - 
java.lang.NullPointerException: Cannot invoke "javax.swing.JTextField.getText()" because the return value of "java.util.List.get(int)" is null
	at com.st.microxplorer.plugins.projectmanager.gui.ProjectChoiceTab$9.caretUpdate(ProjectChoiceTab.java:2706) ~[filemanager.jar:?]
	at javax.swing.text.JTextComponent.fireCaretUpdate(JTextComponent.java:408) ~[?:?]
	at javax.swing.text.JTextComponent$MutableCaretEvent.fire(JTextComponent.java:4484) ~[?:?]
	at javax.swing.text.JTextComponent$MutableCaretEvent.stateChanged(JTextComponent.java:4506) ~[?:?]
	at javax.swing.text.DefaultCaret.fireStateChanged(DefaultCaret.java:857) ~[?:?]
	at javax.swing.text.DefaultCaret.changeCaretPosition(DefaultCaret.java:1343) ~[?:?]
	at javax.swing.text.DefaultCaret.handleSetDot(DefaultCaret.java:1242) ~[?:?]
	at javax.swing.text.DefaultCaret.setDot(DefaultCaret.java:1223) ~[?:?]
	at javax.swing.text.DefaultCaret$Handler.insertUpdate(DefaultCaret.java:1819) ~[?:?]
	at javax.swing.text.AbstractDocument.fireInsertUpdate(AbstractDocument.java:227) ~[?:?]
	at javax.swing.text.AbstractDocument.handleInsertString(AbstractDocument.java:781) ~[?:?]
	at javax.swing.text.AbstractDocument.insertString(AbstractDocument.java:740) ~[?:?]
	at javax.swing.text.PlainDocument.insertString(PlainDocument.java:131) ~[?:?]
	at javax.swing.text.AbstractDocument.replace(AbstractDocument.java:699) ~[?:?]
	at javax.swing.text.JTextComponent.setText(JTextComponent.java:1725) ~[?:?]
	at com.st.microxplorer.plugins.projectmanager.gui.ProjectChoiceTab.createHeapStackFields(ProjectChoiceTab.java:993) ~[filemanager.jar:?]
	at com.st.microxplorer.plugins.projectmanager.gui.ProjectChoiceTab.buildLinkSettingsPanel(ProjectChoiceTab.java:3813) ~[filemanager.jar:?]
	at com.st.microxplorer.plugins.projectmanager.gui.ProjectChoiceTab.defineWindowsFields(ProjectChoiceTab.java:1987) ~[filemanager.jar:?]
	at com.st.microxplorer.plugins.projectmanager.gui.ProjectChoiceTab.updateSettings(ProjectChoiceTab.java:558) ~[filemanager.jar:?]
	at com.st.microxplorer.plugins.projectmanager.gui.ProjectSettingsPanel.UpdateDialog(ProjectSettingsPanel.java:247) ~[filemanager.jar:?]
	at com.st.microxplorer.plugins.projectmanager.ProjectManagerView.propertyChange(ProjectManagerView.java:392) ~[filemanager.jar:?]
	at java.beans.PropertyChangeSupport.fire(PropertyChangeSupport.java:343) ~[?:?]
	at java.beans.PropertyChangeSupport.firePropertyChange(PropertyChangeSupport.java:335) ~[?:?]
	at java.beans.PropertyChangeSupport.firePropertyChange(PropertyChangeSupport.java:268) ~[?:?]
	at com.st.microxplorer.util.MXPropertyChangeSupport.firePropertyChange(MXPropertyChangeSupport.java:54) ~[STM32CubeMX.jar:?]
	at com.st.microxplorer.mxsystem.MxSystem.closeConfig(MxSystem.java:899) ~[STM32CubeMX.jar:?]
	at com.st.microxplorer.maingui.MainPanel.closeConfig(MainPanel.java:792) ~[STM32CubeMX.jar:?]
	at com.st.microxplorer.plugins.filemanager.engine.OpenFileManager.loadConfigurationFile(OpenFileManager.java:288) ~[filemanager.jar:?]
	at com.st.microxplorer.plugins.filemanager.engine.MainFileManager.userLoadConfig(MainFileManager.java:364) ~[filemanager.jar:?]
	at com.st.microxplorer.plugins.filemanager.engine.MainFileManager.userLoadConfig(MainFileManager.java:342) ~[filemanager.jar:?]
	at com.st.microxplorer.plugins.filemanager.FileManagerView.getSpecificTask(FileManagerView.java:264) ~[filemanager.jar:?]
	at com.st.stm32cube.common.mx.editor.CubeMxEditor.getMxTabbedPaneInstance(CubeMxEditor.java:1198) ~[com.st.stm32cube.common.mx_6.15.0.202507011659/:?]
	at com.st.stm32cube.common.mx.editor.CubeMxEditor$12$1.createSwingComponent(CubeMxEditor.java:1068) ~[com.st.stm32cube.common.mx_6.15.0.202507011659/:?]
	at com.st.stm32cube.common.mx.oss.core.awtswtbridge.EmbeddedSwingComposite.doComponentCreation(EmbeddedSwingComposite.java:492) ~[com.st.stm32cube.common.mx.oss_6.15.0.202507011659/:?]
	at com.st.stm32cube.common.mx.oss.core.awtswtbridge.EmbeddedSwingComposite$4.run(EmbeddedSwingComposite.java:291) ~[com.st.stm32cube.common.mx.oss_6.15.0.202507011659/:?]
	at com.st.stm32cube.common.mx.oss.core.awtswtbridge.AwtEnvironment$2.run(AwtEnvironment.java:166) ~[com.st.stm32cube.common.mx.oss_6.15.0.202507011659/:?]
	at java.awt.event.InvocationEvent.dispatch(InvocationEvent.java:318) ~[?:?]
	at java.awt.EventQueue.dispatchEventImpl(EventQueue.java:773) ~[?:?]
	at java.awt.EventQueue$4.run(EventQueue.java:720) ~[?:?]
	at java.awt.EventQueue$4.run(EventQueue.java:714) ~[?:?]
	at java.security.AccessController.doPrivileged(AccessController.java:400) ~[?:?]
	at java.security.ProtectionDomain$JavaSecurityAccessImpl.doIntersectionPrivilege(ProtectionDomain.java:87) ~[?:?]
	at java.awt.EventQueue.dispatchEvent(EventQueue.java:742) ~[?:?]
	at java.awt.EventDispatchThread.pumpOneEventForFilters(EventDispatchThread.java:203) ~[?:?]
	at java.awt.EventDispatchThread.pumpEventsForFilter(EventDispatchThread.java:124) ~[?:?]
	at java.awt.EventDispatchThread.pumpEventsForHierarchy(EventDispatchThread.java:113) ~[?:?]
	at java.awt.EventDispatchThread.pumpEvents(EventDispatchThread.java:109) ~[?:?]
	at java.awt.EventDispatchThread.pumpEvents(EventDispatchThread.java:101) ~[?:?]
	at java.awt.EventDispatchThread.run(EventDispatchThread.java:90) ~[?:?]
2025-12-26 11:16:14,334 [WARN] ThirdParty:871 - waiting for thirdparty lock release [close project]
2025-12-26 11:16:14,334 [INFO] ThirdParty:873 - entering critical section [close project]
2025-12-26 11:16:14,334 [INFO] ThirdParty:883 - exiting critical section [close project]
2025-12-26 11:16:14,338 [INFO] PinOutPanel:1589 - setPackage(No Configuration,No Configuration)
2025-12-26 11:16:14,356 [INFO] UtilMem:75 - Begin LoadConfig() Used Memory: 727339808 Bytes (1073741824)
2025-12-26 11:16:14,358 [INFO] MicroXplorer:468 - Change Database Path : 
2025-12-26 11:16:14,358 [INFO] MicroXplorer:498 - Change Database Version : DB.6.0.150
2025-12-26 11:16:14,358 [INFO] OpenFileManager:355 - Change cursor
2025-12-26 11:16:14,379 [INFO] Mcu:2029 - Initializing MCU STM32H563VGTx STM32H563VGTx STM32H563VGT6
2025-12-26 11:16:14,867 [WARN] Context:803 - Trying to add IP SBS in context CortexM33 not assigned to a contextSplit
2025-12-26 11:16:15,832 [WARN] Context:803 - Trying to add IP BOOTPATH in context CortexM33 not assigned to a contextSplit
2025-12-26 11:16:15,839 [INFO] Context:786 - Trying to add GPIOservice into a context  which must be forbidden
2025-12-26 11:16:15,840 [INFO] Context:786 - Trying to add GPIOservice into a context  which must be forbidden
2025-12-26 11:16:15,840 [INFO] Context:786 - Trying to add GPIOservice into a context  which must be forbidden
2025-12-26 11:16:15,840 [WARN] Context:803 - Trying to add IP GPIO in context CortexM33 not assigned to a contextSplit
2025-12-26 11:16:16,487 [INFO] ImportTextPane:234 - (OptionalMessage_ERROR) Pin102 (VP_RIF_VS_RIF1) cannot be retrieved for this MCU
2025-12-26 11:16:16,550 [WARN] ModelIntegratedComponent:63 - No mode defined for component null
2025-12-26 11:16:16,551 [WARN] ModelIntegratedComponent:63 - No mode defined for component null
2025-12-26 11:16:16,551 [WARN] ModelIntegratedComponent:63 - No mode defined for component null
2025-12-26 11:16:16,551 [WARN] ModelIntegratedComponent:63 - No mode defined for component null
2025-12-26 11:16:16,551 [WARN] ModelIntegratedComponent:63 - No mode defined for component null
2025-12-26 11:16:16,551 [WARN] ModelIntegratedComponent:63 - No mode defined for component null
2025-12-26 11:16:16,551 [WARN] ModelIntegratedComponent:63 - No mode defined for component null
2025-12-26 11:16:16,551 [WARN] ModelIntegratedComponent:63 - No mode defined for component null
2025-12-26 11:16:16,551 [WARN] ModelIntegratedComponent:63 - No mode defined for component null
2025-12-26 11:16:16,551 [WARN] ModelIntegratedComponent:63 - No mode defined for component null
2025-12-26 11:16:16,551 [WARN] ModelIntegratedComponent:63 - No mode defined for component null
2025-12-26 11:16:16,551 [WARN] ModelIntegratedComponent:63 - No mode defined for component null
2025-12-26 11:16:16,551 [WARN] ModelIntegratedComponent:63 - No mode defined for component null
2025-12-26 11:16:16,551 [WARN] ModelIntegratedComponent:63 - No mode defined for component null
2025-12-26 11:16:16,551 [WARN] ModelIntegratedComponent:63 - No mode defined for component null
2025-12-26 11:16:16,551 [WARN] ModelIntegratedComponent:63 - No mode defined for component null
2025-12-26 11:16:16,551 [WARN] ModelIntegratedComponent:63 - No mode defined for component null
2025-12-26 11:16:16,551 [WARN] ModelIntegratedComponent:63 - No mode defined for component null
2025-12-26 11:16:16,551 [WARN] ModelIntegratedComponent:63 - No mode defined for component null
2025-12-26 11:16:16,551 [WARN] ModelIntegratedComponent:63 - No mode defined for component null
2025-12-26 11:16:16,551 [WARN] ModelIntegratedComponent:63 - No mode defined for component null
2025-12-26 11:16:16,551 [WARN] ModelIntegratedComponent:63 - No mode defined for component null
2025-12-26 11:16:16,552 [WARN] ModelIntegratedComponent:63 - No mode defined for component null
2025-12-26 11:16:16,552 [WARN] ModelIntegratedComponent:63 - No mode defined for component null
2025-12-26 11:16:16,552 [WARN] ModelIntegratedComponent:63 - No mode defined for component null
2025-12-26 11:16:16,552 [WARN] ModelIntegratedComponent:63 - No mode defined for component null
2025-12-26 11:16:16,552 [WARN] ModelIntegratedComponent:63 - No mode defined for component null
2025-12-26 11:16:16,552 [WARN] ModelIntegratedComponent:63 - No mode defined for component null
2025-12-26 11:16:16,552 [WARN] ModelIntegratedComponent:63 - No mode defined for component null
2025-12-26 11:16:16,552 [WARN] ModelIntegratedComponent:63 - No mode defined for component null
2025-12-26 11:16:16,552 [WARN] ModelIntegratedComponent:63 - No mode defined for component null
2025-12-26 11:16:16,552 [WARN] ModelIntegratedComponent:63 - No mode defined for component null
2025-12-26 11:16:16,552 [WARN] ModelIntegratedComponent:63 - No mode defined for component null
2025-12-26 11:16:16,552 [WARN] ModelIntegratedComponent:63 - No mode defined for component null
2025-12-26 11:16:16,552 [WARN] ModelIntegratedComponent:63 - No mode defined for component null
2025-12-26 11:16:16,552 [WARN] ModelPack:524 - Component already loaded: STMicroelectronics:HAL Drivers:0.0.0:STMicroelectronics:Device:STMicro_Driver:XSPI:HAL::0.0.1:HAL_XSPI
2025-12-26 11:16:16,553 [INFO] RtosManager:558 - Registered RTOS mode: class=RTOS, group=ThreadX, mode=Core, owner=THREADX
2025-12-26 11:16:16,584 [INFO] ThirdPartyModel:298 - Start build external matchings
2025-12-26 11:16:16,761 [INFO] ThirdPartyModel:316 - End build external matchings
2025-12-26 11:16:16,767 [WARN] IP:2250 - PinAttribute not found: check if there is a RefParameter without a condition.
2025-12-26 11:16:16,768 [WARN] IP:2250 - PinAttribute not found: check if there is a RefParameter without a condition.
2025-12-26 11:16:16,768 [WARN] IP:2250 - PinAttribute not found: check if there is a RefParameter without a condition.
2025-12-26 11:16:16,768 [WARN] IP:2250 - PinAttribute not found: check if there is a RefParameter without a condition.
2025-12-26 11:16:16,769 [WARN] IP:2250 - PinAttribute not found: check if there is a RefParameter without a condition.
2025-12-26 11:16:16,769 [WARN] IP:2250 - PinAttribute not found: check if there is a RefParameter without a condition.
2025-12-26 11:16:16,769 [WARN] IP:2250 - PinAttribute not found: check if there is a RefParameter without a condition.
2025-12-26 11:16:16,771 [WARN] IP:2250 - PinAttribute not found: check if there is a RefParameter without a condition.
2025-12-26 11:16:16,771 [WARN] IP:2250 - PinAttribute not found: check if there is a RefParameter without a condition.
2025-12-26 11:16:16,771 [WARN] IP:2250 - PinAttribute not found: check if there is a RefParameter without a condition.
2025-12-26 11:16:16,772 [WARN] IP:2250 - PinAttribute not found: check if there is a RefParameter without a condition.
2025-12-26 11:16:16,772 [WARN] IP:2250 - PinAttribute not found: check if there is a RefParameter without a condition.
2025-12-26 11:16:16,772 [WARN] IP:2250 - PinAttribute not found: check if there is a RefParameter without a condition.
2025-12-26 11:16:16,772 [WARN] IP:2250 - PinAttribute not found: check if there is a RefParameter without a condition.
2025-12-26 11:16:16,773 [WARN] IP:2250 - PinAttribute not found: check if there is a RefParameter without a condition.
2025-12-26 11:16:16,773 [WARN] IP:2250 - PinAttribute not found: check if there is a RefParameter without a condition.
2025-12-26 11:16:16,773 [WARN] IP:2250 - PinAttribute not found: check if there is a RefParameter without a condition.
2025-12-26 11:16:16,774 [WARN] IP:2250 - PinAttribute not found: check if there is a RefParameter without a condition.
2025-12-26 11:16:16,774 [WARN] IP:2250 - PinAttribute not found: check if there is a RefParameter without a condition.
2025-12-26 11:16:16,774 [WARN] IP:2250 - PinAttribute not found: check if there is a RefParameter without a condition.
2025-12-26 11:16:16,774 [WARN] IP:2250 - PinAttribute not found: check if there is a RefParameter without a condition.
2025-12-26 11:16:16,775 [WARN] IP:2250 - PinAttribute not found: check if there is a RefParameter without a condition.
2025-12-26 11:16:16,775 [WARN] IP:2250 - PinAttribute not found: check if there is a RefParameter without a condition.
2025-12-26 11:16:16,775 [WARN] IP:2250 - PinAttribute not found: check if there is a RefParameter without a condition.
2025-12-26 11:16:16,776 [WARN] IP:2250 - PinAttribute not found: check if there is a RefParameter without a condition.
2025-12-26 11:16:16,776 [WARN] IP:2250 - PinAttribute not found: check if there is a RefParameter without a condition.
2025-12-26 11:16:16,776 [WARN] IP:2250 - PinAttribute not found: check if there is a RefParameter without a condition.
2025-12-26 11:16:16,776 [WARN] IP:2250 - PinAttribute not found: check if there is a RefParameter without a condition.
2025-12-26 11:16:16,777 [WARN] IP:2250 - PinAttribute not found: check if there is a RefParameter without a condition.
2025-12-26 11:16:16,777 [WARN] IP:2250 - PinAttribute not found: check if there is a RefParameter without a condition.
2025-12-26 11:16:16,777 [WARN] IP:2250 - PinAttribute not found: check if there is a RefParameter without a condition.
2025-12-26 11:16:16,778 [WARN] IP:2250 - PinAttribute not found: check if there is a RefParameter without a condition.
2025-12-26 11:16:16,778 [WARN] IP:2250 - PinAttribute not found: check if there is a RefParameter without a condition.
2025-12-26 11:16:16,778 [WARN] IP:2250 - PinAttribute not found: check if there is a RefParameter without a condition.
2025-12-26 11:16:16,778 [WARN] IP:2250 - PinAttribute not found: check if there is a RefParameter without a condition.
2025-12-26 11:16:16,779 [WARN] IP:2250 - PinAttribute not found: check if there is a RefParameter without a condition.
2025-12-26 11:16:16,779 [WARN] IP:2250 - PinAttribute not found: check if there is a RefParameter without a condition.
2025-12-26 11:16:16,780 [WARN] IP:2250 - PinAttribute not found: check if there is a RefParameter without a condition.
2025-12-26 11:16:16,780 [WARN] IP:2250 - PinAttribute not found: check if there is a RefParameter without a condition.
2025-12-26 11:16:16,780 [WARN] IP:2250 - PinAttribute not found: check if there is a RefParameter without a condition.
2025-12-26 11:16:16,780 [WARN] IP:2250 - PinAttribute not found: check if there is a RefParameter without a condition.
2025-12-26 11:16:16,780 [WARN] IP:2250 - PinAttribute not found: check if there is a RefParameter without a condition.
2025-12-26 11:16:16,781 [WARN] IP:2250 - PinAttribute not found: check if there is a RefParameter without a condition.
2025-12-26 11:16:16,781 [WARN] IP:2250 - PinAttribute not found: check if there is a RefParameter without a condition.
2025-12-26 11:16:16,782 [WARN] IP:2250 - PinAttribute not found: check if there is a RefParameter without a condition.
2025-12-26 11:16:16,782 [WARN] IP:2250 - PinAttribute not found: check if there is a RefParameter without a condition.
2025-12-26 11:16:16,782 [WARN] IP:2250 - PinAttribute not found: check if there is a RefParameter without a condition.
2025-12-26 11:16:16,782 [WARN] IP:2250 - PinAttribute not found: check if there is a RefParameter without a condition.
2025-12-26 11:16:16,782 [WARN] IP:2250 - PinAttribute not found: check if there is a RefParameter without a condition.
2025-12-26 11:16:16,784 [INFO] ImportTextPane:234 - (OptionalMessage_ERROR) IP (BOOTPATH) : Invalid parameter (BootPathName)
2025-12-26 11:16:16,785 [INFO] ImportTextPane:234 - (OptionalMessage_ERROR) IP (RCC) : Invalid parameter (EPOD_VALUE)
2025-12-26 11:16:16,785 [INFO] ImportTextPane:234 - (OptionalMessage_ERROR) IP (RCC) : Invalid parameter (FamilyName)
2025-12-26 11:16:16,785 [INFO] ImportTextPane:234 - (OptionalMessage_ERROR) IP (RCC) : Invalid parameter (LSIRC_VALUE)
2025-12-26 11:16:16,786 [INFO] ImportTextPane:234 - (OptionalMessage_ERROR) IP (RCC) : Parameter (SAI1Freq_Value) has invalid value (806250000)
2025-12-26 11:16:16,786 [INFO] ImportTextPane:234 - (OptionalMessage_ERROR) IP (RCC) : Parameter (SAI2Freq_Value) has invalid value (806250000)
2025-12-26 11:16:16,786 [INFO] ImportTextPane:234 - (OptionalMessage_ERROR) IP (RCC) : Parameter (SPI2Freq_Value) has invalid value (250000000)
2025-12-26 11:16:16,786 [INFO] ImportTextPane:234 - (OptionalMessage_ERROR) IP (RCC) : Parameter (SPI3Freq_Value) has invalid value (250000000)
2025-12-26 11:16:16,786 [INFO] ImportTextPane:234 - (OptionalMessage_ERROR) IP (RCC) : Parameter (SPI4Freq_Value) has invalid value (250000000)
2025-12-26 11:16:16,786 [INFO] ImportTextPane:234 - (OptionalMessage_ERROR) IP (RCC) : Parameter (SPI6Freq_Value) has invalid value (250000000)
2025-12-26 11:16:16,896 [INFO] UtilMem:75 - End LoadConfig() Used Memory: 642940360 Bytes (1073741824)
2025-12-26 11:16:16,924 [WARN] ThirdParty:833 - waiting for thirdparty lock release [change project]
2025-12-26 11:16:16,925 [INFO] ThirdParty:835 - entering critical section [change project]
2025-12-26 11:16:16,925 [INFO] ThirdParty:1030 - CMSIS Pack Vendor :STMicroelectronics X-CUBE-PM33A1 1.0.0
2025-12-26 11:16:16,925 [INFO] ThirdParty:1030 - CMSIS Pack Vendor :STMicroelectronics USBPD 4.1
2025-12-26 11:16:16,925 [INFO] ThirdParty:1030 - CMSIS Pack Vendor :STMicroelectronics X-CUBE-NFC9 1.0.0
2025-12-26 11:16:16,925 [INFO] ThirdParty:1030 - CMSIS Pack Vendor :STMicroelectronics USB_HOST 2.0.0
2025-12-26 11:16:16,925 [INFO] ThirdParty:1030 - CMSIS Pack Vendor :STMicroelectronics FP-SNS-MOTENVWB1 1.4.0
2025-12-26 11:16:16,925 [INFO] ThirdParty:1030 - CMSIS Pack Vendor :STMicroelectronics X-CUBE-AZRTOS-F4 1.1.0
2025-12-26 11:16:16,925 [INFO] ThirdParty:1030 - CMSIS Pack Vendor :STMicroelectronics LIBJPEG 8.0.0
2025-12-26 11:16:16,925 [INFO] ThirdParty:1030 - CMSIS Pack Vendor :STMicroelectronics FP-ATR-ASTRA1 2.0.2
2025-12-26 11:16:16,925 [INFO] ThirdParty:1030 - CMSIS Pack Vendor :wolfSSL I-CUBE-wolfSSL 5.8.2
2025-12-26 11:16:16,925 [INFO] ThirdParty:1030 - CMSIS Pack Vendor :STMicroelectronics X-CUBE-BLE1 7.1.0
2025-12-26 11:16:16,925 [INFO] ThirdParty:1030 - CMSIS Pack Vendor :STMicroelectronics X-CUBE-SMBUS 2.1.0
2025-12-26 11:16:16,925 [INFO] ThirdParty:1030 - CMSIS Pack Vendor :wolfSSL I-CUBE-wolfMQTT 1.19.2
2025-12-26 11:16:16,925 [INFO] ThirdParty:1030 - CMSIS Pack Vendor :STMicroelectronics USB_DEVICE 3.0.0
2025-12-26 11:16:16,925 [INFO] ThirdParty:1030 - CMSIS Pack Vendor :STMicroelectronics X-CUBE-ISPU 2.1.0
2025-12-26 11:16:16,925 [INFO] ThirdParty:1030 - CMSIS Pack Vendor :STMicroelectronics X-CUBE-FREERTOS 1.4.0
2025-12-26 11:16:16,925 [INFO] ThirdParty:1030 - CMSIS Pack Vendor :STMicroelectronics X-CUBE-EEPRMA1 5.2.0
2025-12-26 11:16:16,925 [INFO] ThirdParty:1030 - CMSIS Pack Vendor :STMicroelectronics X-CUBE-IPS 3.2.0
2025-12-26 11:16:16,925 [INFO] ThirdParty:1030 - CMSIS Pack Vendor :STMicroelectronics X-CUBE-BLEMGR 4.1.0
2025-12-26 11:16:16,925 [INFO] ThirdParty:1030 - CMSIS Pack Vendor :STMicroelectronics X-CUBE-AZRTOS-WB 2.0.0
2025-12-26 11:16:16,925 [INFO] ThirdParty:1030 - CMSIS Pack Vendor :STMicroelectronics X-CUBE-NFC12 1.0.0
2025-12-26 11:16:16,925 [INFO] ThirdParty:1030 - CMSIS Pack Vendor :STMicroelectronics X-CUBE-AZRTOS-F7 1.1.0
2025-12-26 11:16:16,925 [INFO] ThirdParty:1030 - CMSIS Pack Vendor :STMicroelectronics X-CUBE-AZRTOS-L5 2.0.0
2025-12-26 11:16:16,925 [INFO] ThirdParty:1030 - CMSIS Pack Vendor :STMicroelectronics USB_DEVICE 2.0.0
2025-12-26 11:16:16,925 [INFO] ThirdParty:1030 - CMSIS Pack Vendor :STMicroelectronics X-CUBE-NFC6 3.1.0
2025-12-26 11:16:16,925 [INFO] ThirdParty:1030 - CMSIS Pack Vendor :STMicroelectronics X-CUBE-ST67W61 1.1.0
2025-12-26 11:16:16,925 [INFO] ThirdParty:1030 - CMSIS Pack Vendor :Cesanta I-CUBE-Mongoose 7.19.0
2025-12-26 11:16:16,925 [INFO] ThirdParty:1030 - CMSIS Pack Vendor :quantropi X-CUBE-qispace-sdk-base 2.1.0
2025-12-26 11:16:16,925 [INFO] ThirdParty:1030 - CMSIS Pack Vendor :STMicroelectronics X-CUBE-MEMS1 12.0.0
2025-12-26 11:16:16,925 [INFO] ThirdParty:1030 - CMSIS Pack Vendor :STMicroelectronics FP-SNS-MOTENV1 5.1.0
2025-12-26 11:16:16,925 [INFO] ThirdParty:1030 - CMSIS Pack Vendor :STMicroelectronics FreeRTOS 0.0.1
2025-12-26 11:16:16,925 [INFO] ThirdParty:1030 - CMSIS Pack Vendor :STMicroelectronics X-CUBE-AZRTOS-G0 1.1.0
2025-12-26 11:16:16,925 [INFO] ThirdParty:1030 - CMSIS Pack Vendor :STMicroelectronics X-CUBE-NFC4 3.0.0
2025-12-26 11:16:16,925 [INFO] ThirdParty:1030 - CMSIS Pack Vendor :STMicroelectronics X-CUBE-SUBG2 5.0.0
2025-12-26 11:16:16,925 [INFO] ThirdParty:1030 - CMSIS Pack Vendor :STMicroelectronics X-CUBE-AZRTOS-H7RS 1.1.0
2025-12-26 11:16:16,925 [INFO] ThirdParty:1030 - CMSIS Pack Vendor :STMicroelectronics STM32_WPAN 1.0.0
2025-12-26 11:16:16,925 [INFO] ThirdParty:1030 - CMSIS Pack Vendor :EmbeddedOffice I-CUBE-FS-RTOS 1.0.1
2025-12-26 11:16:16,925 [INFO] ThirdParty:1030 - CMSIS Pack Vendor :STMicroelectronics lwIP 2.0.3
2025-12-26 11:16:16,925 [INFO] ThirdParty:1030 - CMSIS Pack Vendor :WES I-CUBE-Cesium 1.4.0
2025-12-26 11:16:16,925 [INFO] ThirdParty:1030 - CMSIS Pack Vendor :STMicroelectronics USB_HOST 1.0.0
2025-12-26 11:16:16,925 [INFO] ThirdParty:1030 - CMSIS Pack Vendor :Infineon AIROC-Wi-Fi-Bluetooth-STM32 1.7.1
2025-12-26 11:16:16,925 [INFO] ThirdParty:1030 - CMSIS Pack Vendor :STMicroelectronics X-CUBE-AZRTOS-G4 2.0.0
2025-12-26 11:16:16,925 [INFO] ThirdParty:1030 - CMSIS Pack Vendor :STMicroelectronics X-CUBE-WB05N 2.0.0
2025-12-26 11:16:16,925 [INFO] ThirdParty:1030 - CMSIS Pack Vendor :STMicroelectronics PDM2PCM 3.1.0
2025-12-26 11:16:16,925 [INFO] ThirdParty:1030 - CMSIS Pack Vendor :STMicroelectronics PDM2PCM 3.3.0
2025-12-26 11:16:16,925 [INFO] ThirdParty:1030 - CMSIS Pack Vendor :wolfSSL I-CUBE-wolfTPM 3.8.0
2025-12-26 11:16:16,925 [INFO] ThirdParty:1030 - CMSIS Pack Vendor :STMicroelectronics X-CUBE-AZRTOS-H7 3.4.0
2025-12-26 11:16:16,925 [INFO] ThirdParty:1030 - CMSIS Pack Vendor :STMicroelectronics X-CUBE-DISPLAY 3.0.0
2025-12-26 11:16:16,925 [INFO] ThirdParty:1030 - CMSIS Pack Vendor :wolfSSL I-CUBE-wolfSSH 1.4.20
2025-12-26 11:16:16,925 [INFO] ThirdParty:1030 - CMSIS Pack Vendor :STMicroelectronics X-CUBE-NFC7 2.0.0
2025-12-26 11:16:16,925 [INFO] ThirdParty:1030 - CMSIS Pack Vendor :STMicroelectronics X-CUBE-TCPP 4.2.0
2025-12-26 11:16:16,925 [INFO] ThirdParty:1030 - CMSIS Pack Vendor :RealThread X-CUBE-RT-Thread_Nano 4.1.1
2025-12-26 11:16:16,925 [INFO] ThirdParty:1030 - CMSIS Pack Vendor :STMicroelectronics FP-ATR-SIGFOX1 3.2.0
2025-12-26 11:16:16,925 [INFO] ThirdParty:1030 - CMSIS Pack Vendor :STMicroelectronics X-CUBE-NFC10 1.0.0
2025-12-26 11:16:16,925 [INFO] ThirdParty:1030 - CMSIS Pack Vendor :STMicroelectronics X-CUBE-FREERTOS 1.3.1
2025-12-26 11:16:16,925 [INFO] ThirdParty:1030 - CMSIS Pack Vendor :STMicroelectronics HAL Drivers 0.0.0
2025-12-26 11:16:16,925 [INFO] ThirdParty:1030 - CMSIS Pack Vendor :STMicroelectronics MBEDTLS 2.16.2
2025-12-26 11:16:16,925 [INFO] ThirdParty:1030 - CMSIS Pack Vendor :STMicroelectronics X-CUBE-ST60 1.1.0
2025-12-26 11:16:16,925 [INFO] ThirdParty:1030 - CMSIS Pack Vendor :STMicroelectronics X-CUBE-ALS 1.0.2
2025-12-26 11:16:16,925 [INFO] ThirdParty:1030 - CMSIS Pack Vendor :emotas I-CUBE-CANOPEN 1.3.0
2025-12-26 11:16:16,925 [INFO] ThirdParty:1030 - CMSIS Pack Vendor :STMicroelectronics MBEDTLS 2.14.1
2025-12-26 11:16:16,925 [INFO] ThirdParty:1030 - CMSIS Pack Vendor :STMicroelectronics X-CUBE-GNSS1 7.1.0
2025-12-26 11:16:16,925 [INFO] ThirdParty:1030 - CMSIS Pack Vendor :ITTIA_DB I-CUBE-ITTIADB 8.9.0
2025-12-26 11:16:16,925 [INFO] ThirdParty:1030 - CMSIS Pack Vendor :STMicroelectronics X-CUBE-TOUCHGFX 4.26.0
2025-12-26 11:16:16,925 [INFO] ThirdParty:1030 - CMSIS Pack Vendor :STMicroelectronics X-CUBE-STSE01 1.0.0
2025-12-26 11:16:16,925 [INFO] ThirdParty:1030 - CMSIS Pack Vendor :STMicroelectronics FP-SNS-STBOX1 2.1.0
2025-12-26 11:16:16,925 [INFO] ThirdParty:1030 - CMSIS Pack Vendor :STMicroelectronics X-CUBE-AI 10.2.0
2025-12-26 11:16:16,925 [INFO] ThirdParty:1030 - CMSIS Pack Vendor :STMicroelectronics FP-SNS-STAIOTCFT 1.0.0
2025-12-26 11:16:16,925 [INFO] ThirdParty:1030 - CMSIS Pack Vendor :STMicroelectronics ThreadX 1.0.0
2025-12-26 11:16:16,925 [INFO] ThirdParty:1030 - CMSIS Pack Vendor :STMicroelectronics FP-SNS-SMARTAG2 1.2.0
2025-12-26 11:16:16,925 [INFO] ThirdParty:1030 - CMSIS Pack Vendor :STMicroelectronics FP-SNS-FLIGHT1 5.1.0
2025-12-26 11:16:16,925 [INFO] ThirdParty:1030 - CMSIS Pack Vendor :STMicroelectronics X-CUBE-AZRTOS-WL 2.0.0
2025-12-26 11:16:16,925 [INFO] ThirdParty:1030 - CMSIS Pack Vendor :SEGGER I-CUBE-embOS 1.3.1
2025-12-26 11:16:16,925 [INFO] ThirdParty:1030 - CMSIS Pack Vendor :STMicroelectronics X-CUBE-ALGOBUILD 1.4.0
2025-12-26 11:16:16,925 [INFO] ThirdParty:1030 - CMSIS Pack Vendor :STMicroelectronics X-CUBE-DPower 1.3.0
2025-12-26 11:16:16,925 [INFO] ThirdParty:1030 - CMSIS Pack Vendor :STMicroelectronics X-CUBE-MEMS1 11.3.0
2025-12-26 11:16:16,925 [INFO] ThirdParty:1030 - CMSIS Pack Vendor :STMicroelectronics USB_DEVICE 1.0.0
2025-12-26 11:16:16,925 [INFO] ThirdParty:1030 - CMSIS Pack Vendor :STMicroelectronics X-CUBE-AZRTOS-H7RS 1.2.0
2025-12-26 11:16:16,925 [INFO] ThirdParty:1030 - CMSIS Pack Vendor :STMicroelectronics X-CUBE-AZRTOS-L4 2.0.0
2025-12-26 11:16:16,925 [INFO] ThirdParty:1030 - CMSIS Pack Vendor :STMicroelectronics ThreadX 0.0.2
2025-12-26 11:16:16,925 [INFO] ThirdParty:1030 - CMSIS Pack Vendor :STMicroelectronics lwIP 2.1.2
2025-12-26 11:16:16,925 [INFO] ThirdParty:1030 - CMSIS Pack Vendor :STMicroelectronics X-CUBE-SFXS2LP1 4.0.0
2025-12-26 11:16:16,925 [INFO] ThirdParty:1030 - CMSIS Pack Vendor :STMicroelectronics X-CUBE-BLE2 3.3.0
2025-12-26 11:16:16,925 [INFO] ThirdParty:1030 - CMSIS Pack Vendor :Avnet-IOTCONNECT X-CUBE-iotc-st67-sdk 1.0.0
2025-12-26 11:16:16,925 [INFO] ThirdParty:1030 - CMSIS Pack Vendor :STMicroelectronics X-CUBE-TOF1 3.4.3
2025-12-26 11:16:16,925 [INFO] ThirdParty:1030 - CMSIS Pack Vendor :STMicroelectronics PDM2PCM 3.2.0
2025-12-26 11:16:16,926 [INFO] ThirdParty:841 - exiting critical section [change project]
2025-12-26 11:16:17,288 [INFO] PinOutPanel:1589 - setPackage(No Configuration,No Configuration)
2025-12-26 11:16:17,290 [INFO] PinOutPanel:1589 - setPackage(STM32H563VGTx,LQFP100)
2025-12-26 11:16:17,335 [WARN] IP:2250 - rccPrivilegeSecure not found: check if there is a RefParameter without a condition.
2025-12-26 11:16:17,335 [WARN] IP:2250 - rccSecurity not found: check if there is a RefParameter without a condition.
2025-12-26 11:16:17,425 [WARN] IP:2250 - rccPrivilegeSecure not found: check if there is a RefParameter without a condition.
2025-12-26 11:16:17,425 [WARN] IP:2250 - rccSecurity not found: check if there is a RefParameter without a condition.
2025-12-26 11:16:17,642 [WARN] IP:2250 - rccPrivilegeSecure not found: check if there is a RefParameter without a condition.
2025-12-26 11:16:17,642 [WARN] IP:2250 - rccSecurity not found: check if there is a RefParameter without a condition.
2025-12-26 11:16:17,650 [INFO] UtilMem:75 - Before build in PCC Used Memory: 633622680 Bytes (1073741824)
2025-12-26 11:16:17,870 [INFO] UtilMem:75 - After build in PCC Used Memory: 829706392 Bytes (1073741824)
2025-12-26 11:16:17,885 [INFO] IPUIPlugin:80 - create IPUIPlugin
2025-12-26 11:16:17,886 [INFO] IPUIPlugin:80 - create IPUIPlugin
2025-12-26 11:16:17,886 [INFO] IPUIPlugin:80 - create IPUIPlugin
2025-12-26 11:16:17,886 [INFO] IPUIPlugin:80 - create IPUIPlugin
2025-12-26 11:16:17,886 [INFO] IPUIPlugin:80 - create IPUIPlugin
2025-12-26 11:16:17,887 [INFO] IPUIPlugin:80 - create IPUIPlugin
2025-12-26 11:16:17,887 [INFO] IPUIPlugin:80 - create IPUIPlugin
2025-12-26 11:16:17,887 [INFO] IPUIPlugin:80 - create IPUIPlugin
2025-12-26 11:16:17,887 [INFO] IPUIPlugin:80 - create IPUIPlugin
2025-12-26 11:16:17,887 [INFO] IPUIPlugin:80 - create IPUIPlugin
2025-12-26 11:16:17,887 [INFO] IPUIPlugin:80 - create IPUIPlugin
2025-12-26 11:16:17,887 [INFO] IPUIPlugin:80 - create IPUIPlugin
2025-12-26 11:16:17,887 [INFO] IPUIPlugin:80 - create IPUIPlugin
2025-12-26 11:16:17,887 [INFO] IPUIPlugin:80 - create IPUIPlugin
2025-12-26 11:16:17,887 [INFO] IPUIPlugin:80 - create IPUIPlugin
2025-12-26 11:16:17,887 [INFO] IPUIPlugin:80 - create IPUIPlugin
2025-12-26 11:16:17,887 [INFO] IPUIPlugin:80 - create IPUIPlugin
2025-12-26 11:16:17,887 [INFO] IPUIPlugin:80 - create IPUIPlugin
2025-12-26 11:16:17,887 [INFO] IPUIPlugin:80 - create IPUIPlugin
2025-12-26 11:16:17,887 [INFO] IPUIPlugin:80 - create IPUIPlugin
2025-12-26 11:16:17,887 [INFO] IPUIPlugin:80 - create IPUIPlugin
2025-12-26 11:16:17,887 [INFO] IPUIPlugin:80 - create IPUIPlugin
2025-12-26 11:16:17,887 [INFO] IPUIPlugin:80 - create IPUIPlugin
2025-12-26 11:16:17,887 [INFO] IPUIPlugin:80 - create IPUIPlugin
2025-12-26 11:16:17,888 [INFO] IPUIPlugin:80 - create IPUIPlugin
2025-12-26 11:16:17,888 [INFO] IPUIPlugin:80 - create IPUIPlugin
2025-12-26 11:16:17,888 [INFO] IPUIPlugin:80 - create IPUIPlugin
2025-12-26 11:16:17,888 [INFO] IPUIPlugin:80 - create IPUIPlugin
2025-12-26 11:16:17,888 [INFO] IPUIPlugin:80 - create IPUIPlugin
2025-12-26 11:16:17,888 [INFO] IPUIPlugin:80 - create IPUIPlugin
2025-12-26 11:16:17,888 [INFO] IPUIPlugin:80 - create IPUIPlugin
2025-12-26 11:16:17,888 [INFO] IPUIPlugin:80 - create IPUIPlugin
2025-12-26 11:16:17,888 [INFO] IPUIPlugin:80 - create IPUIPlugin
2025-12-26 11:16:17,888 [INFO] IPUIPlugin:80 - create IPUIPlugin
2025-12-26 11:16:17,888 [INFO] IPUIPlugin:80 - create IPUIPlugin
2025-12-26 11:16:17,888 [INFO] IPUIPlugin:80 - create IPUIPlugin
2025-12-26 11:16:17,889 [INFO] IPUIPlugin:80 - create IPUIPlugin
2025-12-26 11:16:17,889 [INFO] IPUIPlugin:80 - create IPUIPlugin
2025-12-26 11:16:17,889 [INFO] IPUIPlugin:80 - create IPUIPlugin
2025-12-26 11:16:17,889 [INFO] IPUIPlugin:80 - create IPUIPlugin
2025-12-26 11:16:17,889 [INFO] IPUIPlugin:80 - create IPUIPlugin
2025-12-26 11:16:17,889 [INFO] IPUIPlugin:80 - create IPUIPlugin
2025-12-26 11:16:17,889 [INFO] IPUIPlugin:80 - create IPUIPlugin
2025-12-26 11:16:17,889 [INFO] IPUIPlugin:80 - create IPUIPlugin
2025-12-26 11:16:17,889 [INFO] IPUIPlugin:80 - create IPUIPlugin
2025-12-26 11:16:17,889 [INFO] IPUIPlugin:80 - create IPUIPlugin
2025-12-26 11:16:17,890 [INFO] IPUIPlugin:80 - create IPUIPlugin
2025-12-26 11:16:17,890 [INFO] IPUIPlugin:80 - create IPUIPlugin
2025-12-26 11:16:17,890 [INFO] IPUIPlugin:80 - create IPUIPlugin
2025-12-26 11:16:17,890 [INFO] IPUIPlugin:80 - create IPUIPlugin
2025-12-26 11:16:17,890 [INFO] IPUIPlugin:80 - create IPUIPlugin
2025-12-26 11:16:17,890 [INFO] IPUIPlugin:80 - create IPUIPlugin
2025-12-26 11:16:17,890 [INFO] IPUIPlugin:80 - create IPUIPlugin
2025-12-26 11:16:17,890 [INFO] IPUIPlugin:80 - create IPUIPlugin
2025-12-26 11:16:17,891 [INFO] IPUIPlugin:80 - create IPUIPlugin
2025-12-26 11:16:17,891 [INFO] IPUIPlugin:80 - create IPUIPlugin
2025-12-26 11:16:17,891 [INFO] IPUIPlugin:80 - create IPUIPlugin
2025-12-26 11:16:17,891 [INFO] IPUIPlugin:80 - create IPUIPlugin
2025-12-26 11:16:17,891 [INFO] IPUIPlugin:80 - create IPUIPlugin
2025-12-26 11:16:17,891 [INFO] IPUIPlugin:80 - create IPUIPlugin
2025-12-26 11:16:17,891 [INFO] IPUIPlugin:80 - create IPUIPlugin
2025-12-26 11:16:17,891 [INFO] IPUIPlugin:80 - create IPUIPlugin
2025-12-26 11:16:17,891 [INFO] IPUIPlugin:80 - create IPUIPlugin
2025-12-26 11:16:17,891 [INFO] IPUIPlugin:80 - create IPUIPlugin
2025-12-26 11:16:17,891 [INFO] IPUIPlugin:80 - create IPUIPlugin
2025-12-26 11:16:17,891 [INFO] IPUIPlugin:80 - create IPUIPlugin
2025-12-26 11:16:17,892 [INFO] IPUIPlugin:80 - create IPUIPlugin
2025-12-26 11:16:17,892 [INFO] IPUIPlugin:80 - create IPUIPlugin
2025-12-26 11:16:17,892 [INFO] IPUIPlugin:80 - create IPUIPlugin
2025-12-26 11:16:17,892 [INFO] IPUIPlugin:80 - create IPUIPlugin
2025-12-26 11:16:17,892 [INFO] IPUIPlugin:80 - create IPUIPlugin
2025-12-26 11:16:17,892 [INFO] IPUIPlugin:80 - create IPUIPlugin
2025-12-26 11:16:17,892 [INFO] IPUIPlugin:80 - create IPUIPlugin
2025-12-26 11:16:17,892 [INFO] IPUIPlugin:80 - create IPUIPlugin
2025-12-26 11:16:17,892 [INFO] IPUIPlugin:80 - create IPUIPlugin
2025-12-26 11:16:17,892 [INFO] IPUIPlugin:80 - create IPUIPlugin
2025-12-26 11:16:17,892 [INFO] IPUIPlugin:80 - create IPUIPlugin
2025-12-26 11:16:17,892 [INFO] IPUIPlugin:80 - create IPUIPlugin
2025-12-26 11:16:17,892 [INFO] IPUIPlugin:80 - create IPUIPlugin
2025-12-26 11:16:17,892 [INFO] IPUIPlugin:80 - create IPUIPlugin
2025-12-26 11:16:17,892 [INFO] IPUIPlugin:80 - create IPUIPlugin
2025-12-26 11:16:17,892 [INFO] IPUIPlugin:80 - create IPUIPlugin
2025-12-26 11:16:17,892 [INFO] IPUIPlugin:80 - create IPUIPlugin
2025-12-26 11:16:17,893 [INFO] IPUIPlugin:80 - create IPUIPlugin
2025-12-26 11:16:17,893 [INFO] IPUIPlugin:80 - create IPUIPlugin
2025-12-26 11:16:17,893 [INFO] IPUIPlugin:80 - create IPUIPlugin
2025-12-26 11:16:17,893 [INFO] IPUIPlugin:80 - create IPUIPlugin
2025-12-26 11:16:17,893 [INFO] IPUIPlugin:80 - create IPUIPlugin
2025-12-26 11:16:17,893 [INFO] IPUIPlugin:80 - create IPUIPlugin
2025-12-26 11:16:17,894 [INFO] IPUIPlugin:80 - create IPUIPlugin
2025-12-26 11:16:17,894 [INFO] IPUIPlugin:80 - create IPUIPlugin
2025-12-26 11:16:17,894 [INFO] IPUIPlugin:80 - create IPUIPlugin
2025-12-26 11:16:17,894 [INFO] IPUIPlugin:80 - create IPUIPlugin
2025-12-26 11:16:17,894 [INFO] IPUIPlugin:80 - create IPUIPlugin
2025-12-26 11:16:17,894 [INFO] IPUIPlugin:80 - create IPUIPlugin
2025-12-26 11:16:17,895 [INFO] IPUIPlugin:80 - create IPUIPlugin
2025-12-26 11:16:17,895 [INFO] IPUIPlugin:80 - create IPUIPlugin
2025-12-26 11:16:17,895 [INFO] IPUIPlugin:80 - create IPUIPlugin
2025-12-26 11:16:17,895 [INFO] IPUIPlugin:80 - create IPUIPlugin
2025-12-26 11:16:17,895 [INFO] IPUIPlugin:80 - create IPUIPlugin
2025-12-26 11:16:17,904 [INFO] ProjectChoiceTab:3673 - Project Structure = Dual Non Secure / Secure
2025-12-26 11:16:17,948 [INFO] CADModel:165 - CPN selected for project levelSTM32H563VGT6
2025-12-26 11:16:17,948 [INFO] CADModel:114 - Register for checkConnection events
2025-12-26 11:16:17,985 [INFO] OpenFileManager:386 - Restore cursor
2025-12-26 11:16:18,053 [WARN] IP:2250 - DATAEXCHANGEDESRCBYTE_GPDMACH5 not found: check if there is a RefParameter without a condition.
2025-12-26 11:16:18,053 [WARN] IP:2250 - DATAEXCHANGEDESTHALFWORD_GPDMACH5 not found: check if there is a RefParameter without a condition.
2025-12-26 11:16:18,102 [WARN] IP:2250 - PinAttribute not found: check if there is a RefParameter without a condition.
2025-12-26 11:16:18,102 [WARN] IP:2250 - PinAttribute not found: check if there is a RefParameter without a condition.
2025-12-26 11:16:18,102 [WARN] IP:2250 - PinAttribute not found: check if there is a RefParameter without a condition.
2025-12-26 11:16:18,103 [WARN] IP:2250 - PinAttribute not found: check if there is a RefParameter without a condition.
2025-12-26 11:16:18,103 [WARN] IP:2250 - PinAttribute not found: check if there is a RefParameter without a condition.
2025-12-26 11:16:18,103 [WARN] IP:2250 - PinAttribute not found: check if there is a RefParameter without a condition.
2025-12-26 11:16:18,103 [WARN] IP:2250 - PinAttribute not found: check if there is a RefParameter without a condition.
2025-12-26 11:16:18,105 [WARN] IP:2250 - PinAttribute not found: check if there is a RefParameter without a condition.
2025-12-26 11:16:18,105 [WARN] IP:2250 - PinAttribute not found: check if there is a RefParameter without a condition.
2025-12-26 11:16:18,106 [WARN] IP:2250 - PinAttribute not found: check if there is a RefParameter without a condition.
2025-12-26 11:16:18,106 [WARN] IP:2250 - PinAttribute not found: check if there is a RefParameter without a condition.
2025-12-26 11:16:18,106 [WARN] IP:2250 - PinAttribute not found: check if there is a RefParameter without a condition.
2025-12-26 11:16:18,106 [WARN] IP:2250 - PinAttribute not found: check if there is a RefParameter without a condition.
2025-12-26 11:16:18,106 [WARN] IP:2250 - PinAttribute not found: check if there is a RefParameter without a condition.
2025-12-26 11:16:18,106 [WARN] IP:2250 - PinAttribute not found: check if there is a RefParameter without a condition.
2025-12-26 11:16:18,106 [WARN] IP:2250 - PinAttribute not found: check if there is a RefParameter without a condition.
2025-12-26 11:16:18,106 [WARN] IP:2250 - PinAttribute not found: check if there is a RefParameter without a condition.
2025-12-26 11:16:18,106 [WARN] IP:2250 - PinAttribute not found: check if there is a RefParameter without a condition.
2025-12-26 11:16:18,108 [WARN] IP:2250 - PinAttribute not found: check if there is a RefParameter without a condition.
2025-12-26 11:16:18,108 [WARN] IP:2250 - PinAttribute not found: check if there is a RefParameter without a condition.
2025-12-26 11:16:18,108 [WARN] IP:2250 - PinAttribute not found: check if there is a RefParameter without a condition.
2025-12-26 11:16:18,109 [WARN] IP:2250 - PinAttribute not found: check if there is a RefParameter without a condition.
2025-12-26 11:16:18,109 [WARN] IP:2250 - pwrPrivilegeSecure not found: check if there is a RefParameter without a condition.
2025-12-26 11:16:18,109 [WARN] IP:2250 - pwrPrivilegeNSecure not found: check if there is a RefParameter without a condition.
2025-12-26 11:16:18,109 [WARN] IP:2250 - PWR_WKUP1 not found: check if there is a RefParameter without a condition.
2025-12-26 11:16:18,109 [WARN] IP:2250 - PWR_WKUP2 not found: check if there is a RefParameter without a condition.
2025-12-26 11:16:18,109 [WARN] IP:2250 - PWR_WKUP3 not found: check if there is a RefParameter without a condition.
2025-12-26 11:16:18,109 [WARN] IP:2250 - PWR_WKUP4 not found: check if there is a RefParameter without a condition.
2025-12-26 11:16:18,109 [WARN] IP:2250 - PWR_WKUP5 not found: check if there is a RefParameter without a condition.
2025-12-26 11:16:18,109 [WARN] IP:2250 - PWR_WKUP6 not found: check if there is a RefParameter without a condition.
2025-12-26 11:16:18,109 [WARN] IP:2250 - PWR_WKUP7 not found: check if there is a RefParameter without a condition.
2025-12-26 11:16:18,109 [WARN] IP:2250 - PWR_WKUP8 not found: check if there is a RefParameter without a condition.
2025-12-26 11:16:18,109 [WARN] IP:2250 - PWR_LPM not found: check if there is a RefParameter without a condition.
2025-12-26 11:16:18,109 [WARN] IP:2250 - PWR_VB not found: check if there is a RefParameter without a condition.
2025-12-26 11:16:18,109 [WARN] IP:2250 - PWR_IO not found: check if there is a RefParameter without a condition.
2025-12-26 11:16:18,109 [WARN] IP:2250 - PWR_SCM not found: check if there is a RefParameter without a condition.
2025-12-26 11:16:18,109 [WARN] IP:2250 - PWR_VUSB not found: check if there is a RefParameter without a condition.
2025-12-26 11:16:18,109 [WARN] IP:2250 - pwrPrivilegeSecure not found: check if there is a RefParameter without a condition.
2025-12-26 11:16:18,109 [WARN] IP:2250 - pwrPrivilegeNSecure not found: check if there is a RefParameter without a condition.
2025-12-26 11:16:18,109 [WARN] IP:2250 - PWR_WKUP1 not found: check if there is a RefParameter without a condition.
2025-12-26 11:16:18,109 [WARN] IP:2250 - PWR_WKUP2 not found: check if there is a RefParameter without a condition.
2025-12-26 11:16:18,109 [WARN] IP:2250 - PWR_WKUP3 not found: check if there is a RefParameter without a condition.
2025-12-26 11:16:18,109 [WARN] IP:2250 - PWR_WKUP4 not found: check if there is a RefParameter without a condition.
2025-12-26 11:16:18,109 [WARN] IP:2250 - PWR_WKUP5 not found: check if there is a RefParameter without a condition.
2025-12-26 11:16:18,109 [WARN] IP:2250 - PWR_WKUP6 not found: check if there is a RefParameter without a condition.
2025-12-26 11:16:18,109 [WARN] IP:2250 - PWR_WKUP7 not found: check if there is a RefParameter without a condition.
2025-12-26 11:16:18,109 [WARN] IP:2250 - PWR_WKUP8 not found: check if there is a RefParameter without a condition.
2025-12-26 11:16:18,109 [WARN] IP:2250 - PWR_LPM not found: check if there is a RefParameter without a condition.
2025-12-26 11:16:18,109 [WARN] IP:2250 - PWR_VB not found: check if there is a RefParameter without a condition.
2025-12-26 11:16:18,109 [WARN] IP:2250 - PWR_IO not found: check if there is a RefParameter without a condition.
2025-12-26 11:16:18,109 [WARN] IP:2250 - PWR_SCM not found: check if there is a RefParameter without a condition.
2025-12-26 11:16:18,109 [WARN] IP:2250 - PWR_VUSB not found: check if there is a RefParameter without a condition.
2025-12-26 11:16:18,109 [WARN] IP:2250 - PinAttribute not found: check if there is a RefParameter without a condition.
2025-12-26 11:16:18,109 [WARN] IP:2250 - PinAttribute not found: check if there is a RefParameter without a condition.
2025-12-26 11:16:18,109 [WARN] IP:2250 - PinAttribute not found: check if there is a RefParameter without a condition.
2025-12-26 11:16:18,109 [WARN] IP:2250 - PinAttribute not found: check if there is a RefParameter without a condition.
2025-12-26 11:16:18,109 [WARN] IP:2250 - PinAttribute not found: check if there is a RefParameter without a condition.
2025-12-26 11:16:18,109 [WARN] IP:2250 - PinAttribute not found: check if there is a RefParameter without a condition.
2025-12-26 11:16:18,110 [WARN] IP:2250 - PinAttribute not found: check if there is a RefParameter without a condition.
2025-12-26 11:16:18,111 [WARN] IP:2250 - rccPrivilegeSecure not found: check if there is a RefParameter without a condition.
2025-12-26 11:16:18,111 [WARN] IP:2250 - rccSecurity not found: check if there is a RefParameter without a condition.
2025-12-26 11:16:18,118 [WARN] IP:2250 - rccPrivilegeSecure not found: check if there is a RefParameter without a condition.
2025-12-26 11:16:18,118 [WARN] IP:2250 - rccSecurity not found: check if there is a RefParameter without a condition.
2025-12-26 11:16:18,125 [WARN] IP:2250 - PinAttribute not found: check if there is a RefParameter without a condition.
2025-12-26 11:16:18,125 [WARN] IP:2250 - PinAttribute not found: check if there is a RefParameter without a condition.
2025-12-26 11:16:18,125 [WARN] IP:2250 - PinAttribute not found: check if there is a RefParameter without a condition.
2025-12-26 11:16:18,125 [WARN] IP:2250 - PinAttribute not found: check if there is a RefParameter without a condition.
2025-12-26 11:16:18,125 [WARN] IP:2250 - PinAttribute not found: check if there is a RefParameter without a condition.
2025-12-26 11:16:18,125 [WARN] IP:2250 - PinAttribute not found: check if there is a RefParameter without a condition.
2025-12-26 11:16:18,126 [WARN] IP:2250 - PinAttribute not found: check if there is a RefParameter without a condition.
2025-12-26 11:16:18,127 [WARN] IP:2250 - PinAttribute not found: check if there is a RefParameter without a condition.
2025-12-26 11:16:18,127 [WARN] IP:2250 - PinAttribute not found: check if there is a RefParameter without a condition.
2025-12-26 11:16:18,127 [WARN] IP:2250 - PinAttribute not found: check if there is a RefParameter without a condition.
2025-12-26 11:16:18,127 [WARN] IP:2250 - PinAttribute not found: check if there is a RefParameter without a condition.
2025-12-26 11:16:18,127 [WARN] IP:2250 - PinAttribute not found: check if there is a RefParameter without a condition.
2025-12-26 11:16:18,127 [WARN] IP:2250 - PinAttribute not found: check if there is a RefParameter without a condition.
2025-12-26 11:16:18,127 [WARN] IP:2250 - PinAttribute not found: check if there is a RefParameter without a condition.
2025-12-26 11:16:18,135 [WARN] IP:2250 - PinAttribute not found: check if there is a RefParameter without a condition.
2025-12-26 11:16:18,135 [WARN] IP:2250 - PinAttribute not found: check if there is a RefParameter without a condition.
2025-12-26 11:16:18,135 [WARN] IP:2250 - PinAttribute not found: check if there is a RefParameter without a condition.
2025-12-26 11:16:18,135 [WARN] IP:2250 - PinAttribute not found: check if there is a RefParameter without a condition.
2025-12-26 11:16:18,135 [WARN] IP:2250 - PinAttribute not found: check if there is a RefParameter without a condition.
2025-12-26 11:16:18,135 [WARN] IP:2250 - PinAttribute not found: check if there is a RefParameter without a condition.
2025-12-26 11:16:18,135 [WARN] IP:2250 - PinAttribute not found: check if there is a RefParameter without a condition.
2025-12-26 11:16:18,137 [WARN] IP:2250 - PinAttribute not found: check if there is a RefParameter without a condition.
2025-12-26 11:16:18,137 [WARN] IP:2250 - PinAttribute not found: check if there is a RefParameter without a condition.
2025-12-26 11:16:18,137 [WARN] IP:2250 - PinAttribute not found: check if there is a RefParameter without a condition.
2025-12-26 11:16:18,137 [WARN] IP:2250 - PinAttribute not found: check if there is a RefParameter without a condition.
2025-12-26 11:16:18,137 [WARN] IP:2250 - PinAttribute not found: check if there is a RefParameter without a condition.
2025-12-26 11:16:18,137 [WARN] IP:2250 - PinAttribute not found: check if there is a RefParameter without a condition.
2025-12-26 11:16:18,137 [WARN] IP:2250 - PinAttribute not found: check if there is a RefParameter without a condition.
2025-12-26 11:16:18,175 [WARN] IP:2250 - PinAttribute not found: check if there is a RefParameter without a condition.
2025-12-26 11:16:18,175 [WARN] IP:2250 - PinAttribute not found: check if there is a RefParameter without a condition.
2025-12-26 11:16:18,175 [WARN] IP:2250 - PinAttribute not found: check if there is a RefParameter without a condition.
2025-12-26 11:16:18,176 [WARN] IP:2250 - PinAttribute not found: check if there is a RefParameter without a condition.
2025-12-26 11:16:18,176 [WARN] IP:2250 - PinAttribute not found: check if there is a RefParameter without a condition.
2025-12-26 11:16:18,176 [WARN] IP:2250 - PinAttribute not found: check if there is a RefParameter without a condition.
2025-12-26 11:16:18,176 [WARN] IP:2250 - PinAttribute not found: check if there is a RefParameter without a condition.
2025-12-26 11:16:18,177 [WARN] IP:2250 - PinAttribute not found: check if there is a RefParameter without a condition.
2025-12-26 11:16:18,177 [WARN] IP:2250 - PinAttribute not found: check if there is a RefParameter without a condition.
2025-12-26 11:16:18,177 [WARN] IP:2250 - PinAttribute not found: check if there is a RefParameter without a condition.
2025-12-26 11:16:18,177 [WARN] IP:2250 - PinAttribute not found: check if there is a RefParameter without a condition.
2025-12-26 11:16:18,177 [WARN] IP:2250 - PinAttribute not found: check if there is a RefParameter without a condition.
2025-12-26 11:16:18,177 [WARN] IP:2250 - PinAttribute not found: check if there is a RefParameter without a condition.
2025-12-26 11:16:18,178 [WARN] IP:2250 - PinAttribute not found: check if there is a RefParameter without a condition.
2025-12-26 11:16:18,185 [WARN] IP:2250 - PinAttribute not found: check if there is a RefParameter without a condition.
2025-12-26 11:16:18,185 [WARN] IP:2250 - PinAttribute not found: check if there is a RefParameter without a condition.
2025-12-26 11:16:18,185 [WARN] IP:2250 - PinAttribute not found: check if there is a RefParameter without a condition.
2025-12-26 11:16:18,185 [WARN] IP:2250 - PinAttribute not found: check if there is a RefParameter without a condition.
2025-12-26 11:16:18,185 [WARN] IP:2250 - PinAttribute not found: check if there is a RefParameter without a condition.
2025-12-26 11:16:18,185 [WARN] IP:2250 - PinAttribute not found: check if there is a RefParameter without a condition.
2025-12-26 11:16:18,185 [WARN] IP:2250 - PinAttribute not found: check if there is a RefParameter without a condition.
2025-12-26 11:16:18,186 [WARN] IP:2250 - PinAttribute not found: check if there is a RefParameter without a condition.
2025-12-26 11:16:18,186 [WARN] IP:2250 - PinAttribute not found: check if there is a RefParameter without a condition.
2025-12-26 11:16:18,186 [WARN] IP:2250 - PinAttribute not found: check if there is a RefParameter without a condition.
2025-12-26 11:16:18,186 [WARN] IP:2250 - PinAttribute not found: check if there is a RefParameter without a condition.
2025-12-26 11:16:18,186 [WARN] IP:2250 - PinAttribute not found: check if there is a RefParameter without a condition.
2025-12-26 11:16:18,187 [WARN] IP:2250 - PinAttribute not found: check if there is a RefParameter without a condition.
2025-12-26 11:16:18,187 [WARN] IP:2250 - PinAttribute not found: check if there is a RefParameter without a condition.
2025-12-26 11:16:18,193 [WARN] IP:2250 - PinAttribute not found: check if there is a RefParameter without a condition.
2025-12-26 11:16:18,194 [WARN] IP:2250 - PinAttribute not found: check if there is a RefParameter without a condition.
2025-12-26 11:16:18,194 [WARN] IP:2250 - PinAttribute not found: check if there is a RefParameter without a condition.
2025-12-26 11:16:18,194 [WARN] IP:2250 - PinAttribute not found: check if there is a RefParameter without a condition.
2025-12-26 11:16:18,194 [WARN] IP:2250 - PinAttribute not found: check if there is a RefParameter without a condition.
2025-12-26 11:16:18,194 [WARN] IP:2250 - PinAttribute not found: check if there is a RefParameter without a condition.
2025-12-26 11:16:18,194 [WARN] IP:2250 - PinAttribute not found: check if there is a RefParameter without a condition.
2025-12-26 11:16:18,195 [WARN] IP:2250 - PinAttribute not found: check if there is a RefParameter without a condition.
2025-12-26 11:16:18,195 [WARN] IP:2250 - PinAttribute not found: check if there is a RefParameter without a condition.
2025-12-26 11:16:18,195 [WARN] IP:2250 - PinAttribute not found: check if there is a RefParameter without a condition.
2025-12-26 11:16:18,195 [WARN] IP:2250 - PinAttribute not found: check if there is a RefParameter without a condition.
2025-12-26 11:16:18,195 [WARN] IP:2250 - PinAttribute not found: check if there is a RefParameter without a condition.
2025-12-26 11:16:18,195 [WARN] IP:2250 - PinAttribute not found: check if there is a RefParameter without a condition.
2025-12-26 11:16:18,195 [WARN] IP:2250 - PinAttribute not found: check if there is a RefParameter without a condition.
2025-12-26 11:16:18,202 [WARN] IP:2250 - PinAttribute not found: check if there is a RefParameter without a condition.
2025-12-26 11:16:18,202 [WARN] IP:2250 - PinAttribute not found: check if there is a RefParameter without a condition.
2025-12-26 11:16:18,202 [WARN] IP:2250 - PinAttribute not found: check if there is a RefParameter without a condition.
2025-12-26 11:16:18,202 [WARN] IP:2250 - PinAttribute not found: check if there is a RefParameter without a condition.
2025-12-26 11:16:18,202 [WARN] IP:2250 - PinAttribute not found: check if there is a RefParameter without a condition.
2025-12-26 11:16:18,202 [WARN] IP:2250 - PinAttribute not found: check if there is a RefParameter without a condition.
2025-12-26 11:16:18,202 [WARN] IP:2250 - PinAttribute not found: check if there is a RefParameter without a condition.
2025-12-26 11:16:18,203 [WARN] IP:2250 - PinAttribute not found: check if there is a RefParameter without a condition.
2025-12-26 11:16:18,203 [WARN] IP:2250 - PinAttribute not found: check if there is a RefParameter without a condition.
2025-12-26 11:16:18,203 [WARN] IP:2250 - PinAttribute not found: check if there is a RefParameter without a condition.
2025-12-26 11:16:18,203 [WARN] IP:2250 - PinAttribute not found: check if there is a RefParameter without a condition.
2025-12-26 11:16:18,203 [WARN] IP:2250 - PinAttribute not found: check if there is a RefParameter without a condition.
2025-12-26 11:16:18,203 [WARN] IP:2250 - PinAttribute not found: check if there is a RefParameter without a condition.
2025-12-26 11:16:18,203 [WARN] IP:2250 - PinAttribute not found: check if there is a RefParameter without a condition.
2025-12-26 11:16:18,210 [WARN] IP:2250 - PinAttribute not found: check if there is a RefParameter without a condition.
2025-12-26 11:16:18,210 [WARN] IP:2250 - PinAttribute not found: check if there is a RefParameter without a condition.
2025-12-26 11:16:18,210 [WARN] IP:2250 - PinAttribute not found: check if there is a RefParameter without a condition.
2025-12-26 11:16:18,210 [WARN] IP:2250 - PinAttribute not found: check if there is a RefParameter without a condition.
2025-12-26 11:16:18,210 [WARN] IP:2250 - PinAttribute not found: check if there is a RefParameter without a condition.
2025-12-26 11:16:18,210 [WARN] IP:2250 - PinAttribute not found: check if there is a RefParameter without a condition.
2025-12-26 11:16:18,210 [WARN] IP:2250 - PinAttribute not found: check if there is a RefParameter without a condition.
2025-12-26 11:16:18,211 [WARN] IP:2250 - PinAttribute not found: check if there is a RefParameter without a condition.
2025-12-26 11:16:18,211 [WARN] IP:2250 - PinAttribute not found: check if there is a RefParameter without a condition.
2025-12-26 11:16:18,211 [WARN] IP:2250 - PinAttribute not found: check if there is a RefParameter without a condition.
2025-12-26 11:16:18,211 [WARN] IP:2250 - PinAttribute not found: check if there is a RefParameter without a condition.
2025-12-26 11:16:18,211 [WARN] IP:2250 - PinAttribute not found: check if there is a RefParameter without a condition.
2025-12-26 11:16:18,211 [WARN] IP:2250 - PinAttribute not found: check if there is a RefParameter without a condition.
2025-12-26 11:16:18,211 [WARN] IP:2250 - PinAttribute not found: check if there is a RefParameter without a condition.
2025-12-26 11:16:18,212 [WARN] IP:2250 - PinAttribute not found: check if there is a RefParameter without a condition.
2025-12-26 11:16:18,212 [WARN] IP:2250 - PinAttribute not found: check if there is a RefParameter without a condition.
2025-12-26 11:16:18,212 [WARN] IP:2250 - PinAttribute not found: check if there is a RefParameter without a condition.
2025-12-26 11:16:18,212 [WARN] IP:2250 - PinAttribute not found: check if there is a RefParameter without a condition.
2025-12-26 11:16:18,213 [WARN] IP:2250 - PinAttribute not found: check if there is a RefParameter without a condition.
2025-12-26 11:16:18,213 [WARN] IP:2250 - PinAttribute not found: check if there is a RefParameter without a condition.
2025-12-26 11:16:18,213 [WARN] IP:2250 - PinAttribute not found: check if there is a RefParameter without a condition.
2025-12-26 11:16:18,215 [WARN] IP:2250 - DATAEXCHANGEDESRCBYTE_GPDMACH5 not found: check if there is a RefParameter without a condition.
2025-12-26 11:16:18,215 [WARN] IP:2250 - DATAEXCHANGEDESTHALFWORD_GPDMACH5 not found: check if there is a RefParameter without a condition.
2025-12-26 11:16:18,219 [WARN] IP:2250 - DATAEXCHANGEDESRCBYTE_GPDMACH5 not found: check if there is a RefParameter without a condition.
2025-12-26 11:16:18,219 [WARN] IP:2250 - DATAEXCHANGEDESTHALFWORD_GPDMACH5 not found: check if there is a RefParameter without a condition.
2025-12-26 11:16:18,222 [WARN] IP:2250 - PinAttribute not found: check if there is a RefParameter without a condition.
2025-12-26 11:16:18,222 [WARN] IP:2250 - PinAttribute not found: check if there is a RefParameter without a condition.
2025-12-26 11:16:18,222 [WARN] IP:2250 - PinAttribute not found: check if there is a RefParameter without a condition.
2025-12-26 11:16:18,222 [WARN] IP:2250 - PinAttribute not found: check if there is a RefParameter without a condition.
2025-12-26 11:16:18,222 [WARN] IP:2250 - PinAttribute not found: check if there is a RefParameter without a condition.
2025-12-26 11:16:18,222 [WARN] IP:2250 - PinAttribute not found: check if there is a RefParameter without a condition.
2025-12-26 11:16:18,222 [WARN] IP:2250 - PinAttribute not found: check if there is a RefParameter without a condition.
2025-12-26 11:16:18,234 [WARN] IP:2250 - PinAttribute not found: check if there is a RefParameter without a condition.
2025-12-26 11:16:18,234 [WARN] IP:2250 - PinAttribute not found: check if there is a RefParameter without a condition.
2025-12-26 11:16:18,234 [WARN] IP:2250 - PinAttribute not found: check if there is a RefParameter without a condition.
2025-12-26 11:16:18,234 [WARN] IP:2250 - PinAttribute not found: check if there is a RefParameter without a condition.
2025-12-26 11:16:18,234 [WARN] IP:2250 - PinAttribute not found: check if there is a RefParameter without a condition.
2025-12-26 11:16:18,234 [WARN] IP:2250 - PinAttribute not found: check if there is a RefParameter without a condition.
2025-12-26 11:16:18,234 [WARN] IP:2250 - PinAttribute not found: check if there is a RefParameter without a condition.
2025-12-26 11:16:18,240 [WARN] IP:2250 - PinAttribute not found: check if there is a RefParameter without a condition.
2025-12-26 11:16:18,240 [WARN] IP:2250 - PinAttribute not found: check if there is a RefParameter without a condition.
2025-12-26 11:16:18,240 [WARN] IP:2250 - PinAttribute not found: check if there is a RefParameter without a condition.
2025-12-26 11:16:18,240 [WARN] IP:2250 - PinAttribute not found: check if there is a RefParameter without a condition.
2025-12-26 11:16:18,240 [WARN] IP:2250 - PinAttribute not found: check if there is a RefParameter without a condition.
2025-12-26 11:16:18,240 [WARN] IP:2250 - PinAttribute not found: check if there is a RefParameter without a condition.
2025-12-26 11:16:18,240 [WARN] IP:2250 - PinAttribute not found: check if there is a RefParameter without a condition.
2025-12-26 11:16:18,241 [WARN] IP:2250 - PinAttribute not found: check if there is a RefParameter without a condition.
2025-12-26 11:16:18,241 [WARN] IP:2250 - PinAttribute not found: check if there is a RefParameter without a condition.
2025-12-26 11:16:18,241 [WARN] IP:2250 - PinAttribute not found: check if there is a RefParameter without a condition.
2025-12-26 11:16:18,241 [WARN] IP:2250 - PinAttribute not found: check if there is a RefParameter without a condition.
2025-12-26 11:16:18,241 [WARN] IP:2250 - PinAttribute not found: check if there is a RefParameter without a condition.
2025-12-26 11:16:18,241 [WARN] IP:2250 - PinAttribute not found: check if there is a RefParameter without a condition.
2025-12-26 11:16:18,241 [WARN] IP:2250 - PinAttribute not found: check if there is a RefParameter without a condition.
2025-12-26 11:16:18,247 [WARN] IP:2250 - PinAttribute not found: check if there is a RefParameter without a condition.
2025-12-26 11:16:18,247 [WARN] IP:2250 - PinAttribute not found: check if there is a RefParameter without a condition.
2025-12-26 11:16:18,247 [WARN] IP:2250 - PinAttribute not found: check if there is a RefParameter without a condition.
2025-12-26 11:16:18,247 [WARN] IP:2250 - PinAttribute not found: check if there is a RefParameter without a condition.
2025-12-26 11:16:18,247 [WARN] IP:2250 - PinAttribute not found: check if there is a RefParameter without a condition.
2025-12-26 11:16:18,247 [WARN] IP:2250 - PinAttribute not found: check if there is a RefParameter without a condition.
2025-12-26 11:16:18,247 [WARN] IP:2250 - PinAttribute not found: check if there is a RefParameter without a condition.
2025-12-26 11:16:18,248 [WARN] IP:2250 - PinAttribute not found: check if there is a RefParameter without a condition.
2025-12-26 11:16:18,248 [WARN] IP:2250 - PinAttribute not found: check if there is a RefParameter without a condition.
2025-12-26 11:16:18,248 [WARN] IP:2250 - PinAttribute not found: check if there is a RefParameter without a condition.
2025-12-26 11:16:18,248 [WARN] IP:2250 - PinAttribute not found: check if there is a RefParameter without a condition.
2025-12-26 11:16:18,248 [WARN] IP:2250 - PinAttribute not found: check if there is a RefParameter without a condition.
2025-12-26 11:16:18,248 [WARN] IP:2250 - PinAttribute not found: check if there is a RefParameter without a condition.
2025-12-26 11:16:18,248 [WARN] IP:2250 - PinAttribute not found: check if there is a RefParameter without a condition.
2025-12-26 11:16:18,254 [WARN] IP:2250 - PinAttribute not found: check if there is a RefParameter without a condition.
2025-12-26 11:16:18,254 [WARN] IP:2250 - PinAttribute not found: check if there is a RefParameter without a condition.
2025-12-26 11:16:18,254 [WARN] IP:2250 - PinAttribute not found: check if there is a RefParameter without a condition.
2025-12-26 11:16:18,254 [WARN] IP:2250 - PinAttribute not found: check if there is a RefParameter without a condition.
2025-12-26 11:16:18,254 [WARN] IP:2250 - PinAttribute not found: check if there is a RefParameter without a condition.
2025-12-26 11:16:18,254 [WARN] IP:2250 - PinAttribute not found: check if there is a RefParameter without a condition.
2025-12-26 11:16:18,254 [WARN] IP:2250 - PinAttribute not found: check if there is a RefParameter without a condition.
2025-12-26 11:16:18,255 [WARN] IP:2250 - PinAttribute not found: check if there is a RefParameter without a condition.
2025-12-26 11:16:18,255 [WARN] IP:2250 - PinAttribute not found: check if there is a RefParameter without a condition.
2025-12-26 11:16:18,255 [WARN] IP:2250 - PinAttribute not found: check if there is a RefParameter without a condition.
2025-12-26 11:16:18,255 [WARN] IP:2250 - PinAttribute not found: check if there is a RefParameter without a condition.
2025-12-26 11:16:18,255 [WARN] IP:2250 - PinAttribute not found: check if there is a RefParameter without a condition.
2025-12-26 11:16:18,255 [WARN] IP:2250 - PinAttribute not found: check if there is a RefParameter without a condition.
2025-12-26 11:16:18,255 [WARN] IP:2250 - PinAttribute not found: check if there is a RefParameter without a condition.
2025-12-26 11:16:18,261 [WARN] IP:2250 - PinAttribute not found: check if there is a RefParameter without a condition.
2025-12-26 11:16:18,261 [WARN] IP:2250 - PinAttribute not found: check if there is a RefParameter without a condition.
2025-12-26 11:16:18,262 [WARN] IP:2250 - PinAttribute not found: check if there is a RefParameter without a condition.
2025-12-26 11:16:18,262 [WARN] IP:2250 - PinAttribute not found: check if there is a RefParameter without a condition.
2025-12-26 11:16:18,262 [WARN] IP:2250 - PinAttribute not found: check if there is a RefParameter without a condition.
2025-12-26 11:16:18,262 [WARN] IP:2250 - PinAttribute not found: check if there is a RefParameter without a condition.
2025-12-26 11:16:18,262 [WARN] IP:2250 - PinAttribute not found: check if there is a RefParameter without a condition.
2025-12-26 11:16:18,263 [WARN] IP:2250 - PinAttribute not found: check if there is a RefParameter without a condition.
2025-12-26 11:16:18,263 [WARN] IP:2250 - PinAttribute not found: check if there is a RefParameter without a condition.
2025-12-26 11:16:18,263 [WARN] IP:2250 - PinAttribute not found: check if there is a RefParameter without a condition.
2025-12-26 11:16:18,263 [WARN] IP:2250 - PinAttribute not found: check if there is a RefParameter without a condition.
2025-12-26 11:16:18,263 [WARN] IP:2250 - PinAttribute not found: check if there is a RefParameter without a condition.
2025-12-26 11:16:18,263 [WARN] IP:2250 - PinAttribute not found: check if there is a RefParameter without a condition.
2025-12-26 11:16:18,263 [WARN] IP:2250 - PinAttribute not found: check if there is a RefParameter without a condition.
2025-12-26 11:16:18,269 [WARN] IP:2250 - PinAttribute not found: check if there is a RefParameter without a condition.
2025-12-26 11:16:18,269 [WARN] IP:2250 - PinAttribute not found: check if there is a RefParameter without a condition.
2025-12-26 11:16:18,269 [WARN] IP:2250 - PinAttribute not found: check if there is a RefParameter without a condition.
2025-12-26 11:16:18,269 [WARN] IP:2250 - PinAttribute not found: check if there is a RefParameter without a condition.
2025-12-26 11:16:18,269 [WARN] IP:2250 - PinAttribute not found: check if there is a RefParameter without a condition.
2025-12-26 11:16:18,270 [WARN] IP:2250 - PinAttribute not found: check if there is a RefParameter without a condition.
2025-12-26 11:16:18,270 [WARN] IP:2250 - PinAttribute not found: check if there is a RefParameter without a condition.
2025-12-26 11:16:18,271 [WARN] IP:2250 - PinAttribute not found: check if there is a RefParameter without a condition.
2025-12-26 11:16:18,271 [WARN] IP:2250 - PinAttribute not found: check if there is a RefParameter without a condition.
2025-12-26 11:16:18,271 [WARN] IP:2250 - PinAttribute not found: check if there is a RefParameter without a condition.
2025-12-26 11:16:18,271 [WARN] IP:2250 - PinAttribute not found: check if there is a RefParameter without a condition.
2025-12-26 11:16:18,271 [WARN] IP:2250 - PinAttribute not found: check if there is a RefParameter without a condition.
2025-12-26 11:16:18,271 [WARN] IP:2250 - PinAttribute not found: check if there is a RefParameter without a condition.
2025-12-26 11:16:18,271 [WARN] IP:2250 - PinAttribute not found: check if there is a RefParameter without a condition.
2025-12-26 11:16:18,277 [WARN] IP:2250 - PinAttribute not found: check if there is a RefParameter without a condition.
2025-12-26 11:16:18,277 [WARN] IP:2250 - PinAttribute not found: check if there is a RefParameter without a condition.
2025-12-26 11:16:18,277 [WARN] IP:2250 - PinAttribute not found: check if there is a RefParameter without a condition.
2025-12-26 11:16:18,277 [WARN] IP:2250 - PinAttribute not found: check if there is a RefParameter without a condition.
2025-12-26 11:16:18,277 [WARN] IP:2250 - PinAttribute not found: check if there is a RefParameter without a condition.
2025-12-26 11:16:18,277 [WARN] IP:2250 - PinAttribute not found: check if there is a RefParameter without a condition.
2025-12-26 11:16:18,277 [WARN] IP:2250 - PinAttribute not found: check if there is a RefParameter without a condition.
2025-12-26 11:16:18,278 [WARN] IP:2250 - PinAttribute not found: check if there is a RefParameter without a condition.
2025-12-26 11:16:18,278 [WARN] IP:2250 - PinAttribute not found: check if there is a RefParameter without a condition.
2025-12-26 11:16:18,278 [WARN] IP:2250 - PinAttribute not found: check if there is a RefParameter without a condition.
2025-12-26 11:16:18,278 [WARN] IP:2250 - PinAttribute not found: check if there is a RefParameter without a condition.
2025-12-26 11:16:18,278 [WARN] IP:2250 - PinAttribute not found: check if there is a RefParameter without a condition.
2025-12-26 11:16:18,278 [WARN] IP:2250 - PinAttribute not found: check if there is a RefParameter without a condition.
2025-12-26 11:16:18,278 [WARN] IP:2250 - PinAttribute not found: check if there is a RefParameter without a condition.
2025-12-26 11:16:18,285 [WARN] IP:2250 - PinAttribute not found: check if there is a RefParameter without a condition.
2025-12-26 11:16:18,285 [WARN] IP:2250 - PinAttribute not found: check if there is a RefParameter without a condition.
2025-12-26 11:16:18,285 [WARN] IP:2250 - PinAttribute not found: check if there is a RefParameter without a condition.
2025-12-26 11:16:18,285 [WARN] IP:2250 - PinAttribute not found: check if there is a RefParameter without a condition.
2025-12-26 11:16:18,285 [WARN] IP:2250 - PinAttribute not found: check if there is a RefParameter without a condition.
2025-12-26 11:16:18,285 [WARN] IP:2250 - PinAttribute not found: check if there is a RefParameter without a condition.
2025-12-26 11:16:18,285 [WARN] IP:2250 - PinAttribute not found: check if there is a RefParameter without a condition.
2025-12-26 11:16:18,287 [WARN] IP:2250 - PinAttribute not found: check if there is a RefParameter without a condition.
2025-12-26 11:16:18,287 [WARN] IP:2250 - PinAttribute not found: check if there is a RefParameter without a condition.
2025-12-26 11:16:18,287 [WARN] IP:2250 - PinAttribute not found: check if there is a RefParameter without a condition.
2025-12-26 11:16:18,287 [WARN] IP:2250 - PinAttribute not found: check if there is a RefParameter without a condition.
2025-12-26 11:16:18,287 [WARN] IP:2250 - PinAttribute not found: check if there is a RefParameter without a condition.
2025-12-26 11:16:18,287 [WARN] IP:2250 - PinAttribute not found: check if there is a RefParameter without a condition.
2025-12-26 11:16:18,287 [WARN] IP:2250 - PinAttribute not found: check if there is a RefParameter without a condition.
2025-12-26 11:16:18,288 [WARN] IP:2250 - PinAttribute not found: check if there is a RefParameter without a condition.
2025-12-26 11:16:18,288 [WARN] IP:2250 - PinAttribute not found: check if there is a RefParameter without a condition.
2025-12-26 11:16:18,288 [WARN] IP:2250 - PinAttribute not found: check if there is a RefParameter without a condition.
2025-12-26 11:16:18,288 [WARN] IP:2250 - PinAttribute not found: check if there is a RefParameter without a condition.
2025-12-26 11:16:18,288 [WARN] IP:2250 - PinAttribute not found: check if there is a RefParameter without a condition.
2025-12-26 11:16:18,288 [WARN] IP:2250 - PinAttribute not found: check if there is a RefParameter without a condition.
2025-12-26 11:16:18,289 [WARN] IP:2250 - PinAttribute not found: check if there is a RefParameter without a condition.
2025-12-26 11:16:18,289 [WARN] IP:2250 - PinAttribute not found: check if there is a RefParameter without a condition.
2025-12-26 11:16:18,289 [WARN] IP:2250 - PinAttribute not found: check if there is a RefParameter without a condition.
2025-12-26 11:16:18,289 [WARN] IP:2250 - PinAttribute not found: check if there is a RefParameter without a condition.
2025-12-26 11:16:18,289 [WARN] IP:2250 - PinAttribute not found: check if there is a RefParameter without a condition.
2025-12-26 11:16:18,289 [WARN] IP:2250 - PinAttribute not found: check if there is a RefParameter without a condition.
2025-12-26 11:16:18,289 [WARN] IP:2250 - PinAttribute not found: check if there is a RefParameter without a condition.
2025-12-26 11:16:18,289 [WARN] IP:2250 - PinAttribute not found: check if there is a RefParameter without a condition.
2025-12-26 11:16:18,291 [WARN] IP:2250 - PinAttribute not found: check if there is a RefParameter without a condition.
2025-12-26 11:16:18,291 [WARN] IP:2250 - PinAttribute not found: check if there is a RefParameter without a condition.
2025-12-26 11:16:18,291 [WARN] IP:2250 - PinAttribute not found: check if there is a RefParameter without a condition.
2025-12-26 11:16:18,291 [WARN] IP:2250 - PinAttribute not found: check if there is a RefParameter without a condition.
2025-12-26 11:16:18,291 [WARN] IP:2250 - PinAttribute not found: check if there is a RefParameter without a condition.
2025-12-26 11:16:18,291 [WARN] IP:2250 - PinAttribute not found: check if there is a RefParameter without a condition.
2025-12-26 11:16:18,291 [WARN] IP:2250 - PinAttribute not found: check if there is a RefParameter without a condition.
2025-12-26 11:16:18,298 [WARN] IP:2250 - PinAttribute not found: check if there is a RefParameter without a condition.
2025-12-26 11:16:18,298 [WARN] IP:2250 - PinAttribute not found: check if there is a RefParameter without a condition.
2025-12-26 11:16:18,298 [WARN] IP:2250 - PinAttribute not found: check if there is a RefParameter without a condition.
2025-12-26 11:16:18,298 [WARN] IP:2250 - PinAttribute not found: check if there is a RefParameter without a condition.
2025-12-26 11:16:18,298 [WARN] IP:2250 - PinAttribute not found: check if there is a RefParameter without a condition.
2025-12-26 11:16:18,298 [WARN] IP:2250 - PinAttribute not found: check if there is a RefParameter without a condition.
2025-12-26 11:16:18,298 [WARN] IP:2250 - PinAttribute not found: check if there is a RefParameter without a condition.
2025-12-26 11:16:18,300 [WARN] IP:2250 - PinAttribute not found: check if there is a RefParameter without a condition.
2025-12-26 11:16:18,300 [WARN] IP:2250 - PinAttribute not found: check if there is a RefParameter without a condition.
2025-12-26 11:16:18,300 [WARN] IP:2250 - PinAttribute not found: check if there is a RefParameter without a condition.
2025-12-26 11:16:18,300 [WARN] IP:2250 - PinAttribute not found: check if there is a RefParameter without a condition.
2025-12-26 11:16:18,300 [WARN] IP:2250 - PinAttribute not found: check if there is a RefParameter without a condition.
2025-12-26 11:16:18,300 [WARN] IP:2250 - PinAttribute not found: check if there is a RefParameter without a condition.
2025-12-26 11:16:18,300 [WARN] IP:2250 - PinAttribute not found: check if there is a RefParameter without a condition.
2025-12-26 11:16:18,301 [WARN] IP:2250 - PinAttribute not found: check if there is a RefParameter without a condition.
2025-12-26 11:16:18,302 [WARN] IP:2250 - PinAttribute not found: check if there is a RefParameter without a condition.
2025-12-26 11:16:18,302 [WARN] IP:2250 - PinAttribute not found: check if there is a RefParameter without a condition.
2025-12-26 11:16:18,302 [WARN] IP:2250 - PinAttribute not found: check if there is a RefParameter without a condition.
2025-12-26 11:16:18,302 [WARN] IP:2250 - PinAttribute not found: check if there is a RefParameter without a condition.
2025-12-26 11:16:18,302 [WARN] IP:2250 - PinAttribute not found: check if there is a RefParameter without a condition.
2025-12-26 11:16:18,302 [WARN] IP:2250 - PinAttribute not found: check if there is a RefParameter without a condition.
2025-12-26 11:16:18,303 [WARN] IP:2250 - PinAttribute not found: check if there is a RefParameter without a condition.
2025-12-26 11:16:18,303 [WARN] IP:2250 - PinAttribute not found: check if there is a RefParameter without a condition.
2025-12-26 11:16:18,303 [WARN] IP:2250 - PinAttribute not found: check if there is a RefParameter without a condition.
2025-12-26 11:16:18,303 [WARN] IP:2250 - PinAttribute not found: check if there is a RefParameter without a condition.
2025-12-26 11:16:18,303 [WARN] IP:2250 - PinAttribute not found: check if there is a RefParameter without a condition.
2025-12-26 11:16:18,303 [WARN] IP:2250 - PinAttribute not found: check if there is a RefParameter without a condition.
2025-12-26 11:16:18,303 [WARN] IP:2250 - PinAttribute not found: check if there is a RefParameter without a condition.
2025-12-26 11:16:18,303 [WARN] IP:2250 - PinAttribute not found: check if there is a RefParameter without a condition.
2025-12-26 11:16:18,303 [WARN] IP:2250 - PinAttribute not found: check if there is a RefParameter without a condition.
2025-12-26 11:16:18,304 [WARN] IP:2250 - PinAttribute not found: check if there is a RefParameter without a condition.
2025-12-26 11:16:18,304 [WARN] IP:2250 - PinAttribute not found: check if there is a RefParameter without a condition.
2025-12-26 11:16:18,304 [WARN] IP:2250 - PinAttribute not found: check if there is a RefParameter without a condition.
2025-12-26 11:16:18,304 [WARN] IP:2250 - PinAttribute not found: check if there is a RefParameter without a condition.
2025-12-26 11:16:18,304 [WARN] IP:2250 - PinAttribute not found: check if there is a RefParameter without a condition.
2025-12-26 11:16:18,304 [WARN] IP:2250 - PinAttribute not found: check if there is a RefParameter without a condition.
2025-12-26 11:16:18,304 [WARN] IP:2250 - PinAttribute not found: check if there is a RefParameter without a condition.
2025-12-26 11:16:18,304 [WARN] IP:2250 - PinAttribute not found: check if there is a RefParameter without a condition.
2025-12-26 11:16:18,304 [WARN] IP:2250 - PinAttribute not found: check if there is a RefParameter without a condition.
2025-12-26 11:16:18,305 [WARN] IP:2250 - PinAttribute not found: check if there is a RefParameter without a condition.
2025-12-26 11:16:18,305 [WARN] IP:2250 - PinAttribute not found: check if there is a RefParameter without a condition.
2025-12-26 11:16:18,305 [WARN] IP:2250 - PinAttribute not found: check if there is a RefParameter without a condition.
2025-12-26 11:16:18,305 [WARN] IP:2250 - PinAttribute not found: check if there is a RefParameter without a condition.
2025-12-26 11:16:18,305 [WARN] IP:2250 - PinAttribute not found: check if there is a RefParameter without a condition.
2025-12-26 11:16:18,305 [WARN] IP:2250 - PinAttribute not found: check if there is a RefParameter without a condition.
2025-12-26 11:16:18,305 [WARN] IP:2250 - PinAttribute not found: check if there is a RefParameter without a condition.
2025-12-26 11:16:18,306 [WARN] IP:2250 - PinAttribute not found: check if there is a RefParameter without a condition.
2025-12-26 11:16:18,306 [WARN] IP:2250 - PinAttribute not found: check if there is a RefParameter without a condition.
2025-12-26 11:16:18,306 [WARN] IP:2250 - PinAttribute not found: check if there is a RefParameter without a condition.
2025-12-26 11:16:18,306 [WARN] IP:2250 - PinAttribute not found: check if there is a RefParameter without a condition.
2025-12-26 11:16:18,306 [WARN] IP:2250 - PinAttribute not found: check if there is a RefParameter without a condition.
2025-12-26 11:16:18,306 [WARN] IP:2250 - PinAttribute not found: check if there is a RefParameter without a condition.
2025-12-26 11:16:18,306 [WARN] IP:2250 - PinAttribute not found: check if there is a RefParameter without a condition.
2025-12-26 11:16:18,306 [WARN] IP:2250 - PinAttribute not found: check if there is a RefParameter without a condition.
2025-12-26 11:16:18,306 [WARN] IP:2250 - PinAttribute not found: check if there is a RefParameter without a condition.
2025-12-26 11:16:18,306 [WARN] IP:2250 - PinAttribute not found: check if there is a RefParameter without a condition.
2025-12-26 11:16:18,306 [WARN] IP:2250 - PinAttribute not found: check if there is a RefParameter without a condition.
2025-12-26 11:16:18,306 [WARN] IP:2250 - PinAttribute not found: check if there is a RefParameter without a condition.
2025-12-26 11:16:18,306 [WARN] IP:2250 - PinAttribute not found: check if there is a RefParameter without a condition.
2025-12-26 11:16:18,306 [WARN] IP:2250 - PinAttribute not found: check if there is a RefParameter without a condition.
2025-12-26 11:16:18,307 [WARN] IP:2250 - PinAttribute not found: check if there is a RefParameter without a condition.
2025-12-26 11:16:18,307 [WARN] IP:2250 - PinAttribute not found: check if there is a RefParameter without a condition.
2025-12-26 11:16:18,307 [WARN] IP:2250 - PinAttribute not found: check if there is a RefParameter without a condition.
2025-12-26 11:16:18,307 [WARN] IP:2250 - PinAttribute not found: check if there is a RefParameter without a condition.
2025-12-26 11:16:18,307 [WARN] IP:2250 - PinAttribute not found: check if there is a RefParameter without a condition.
2025-12-26 11:16:18,307 [WARN] IP:2250 - PinAttribute not found: check if there is a RefParameter without a condition.
2025-12-26 11:16:18,307 [WARN] IP:2250 - PinAttribute not found: check if there is a RefParameter without a condition.
2025-12-26 11:16:18,307 [WARN] IP:2250 - PinAttribute not found: check if there is a RefParameter without a condition.
2025-12-26 11:16:18,307 [WARN] IP:2250 - PinAttribute not found: check if there is a RefParameter without a condition.
2025-12-26 11:16:18,307 [WARN] IP:2250 - PinAttribute not found: check if there is a RefParameter without a condition.
2025-12-26 11:16:18,307 [WARN] IP:2250 - PinAttribute not found: check if there is a RefParameter without a condition.
2025-12-26 11:16:18,307 [WARN] IP:2250 - PinAttribute not found: check if there is a RefParameter without a condition.
2025-12-26 11:16:18,307 [WARN] IP:2250 - PinAttribute not found: check if there is a RefParameter without a condition.
2025-12-26 11:16:18,307 [WARN] IP:2250 - PinAttribute not found: check if there is a RefParameter without a condition.
2025-12-26 11:16:18,307 [WARN] IP:2250 - PinAttribute not found: check if there is a RefParameter without a condition.
2025-12-26 11:16:18,307 [WARN] IP:2250 - PinAttribute not found: check if there is a RefParameter without a condition.
2025-12-26 11:16:18,308 [WARN] IP:2250 - PinAttribute not found: check if there is a RefParameter without a condition.
2025-12-26 11:16:18,308 [WARN] IP:2250 - PinAttribute not found: check if there is a RefParameter without a condition.
2025-12-26 11:16:18,308 [WARN] IP:2250 - PinAttribute not found: check if there is a RefParameter without a condition.
2025-12-26 11:16:18,308 [WARN] IP:2250 - PinAttribute not found: check if there is a RefParameter without a condition.
2025-12-26 11:16:18,308 [WARN] IP:2250 - PinAttribute not found: check if there is a RefParameter without a condition.
2025-12-26 11:16:18,308 [WARN] IP:2250 - PinAttribute not found: check if there is a RefParameter without a condition.
2025-12-26 11:16:18,308 [WARN] IP:2250 - PinAttribute not found: check if there is a RefParameter without a condition.
2025-12-26 11:16:18,308 [WARN] IP:2250 - PinAttribute not found: check if there is a RefParameter without a condition.
2025-12-26 11:16:18,308 [WARN] IP:2250 - PinAttribute not found: check if there is a RefParameter without a condition.
2025-12-26 11:16:18,308 [WARN] IP:2250 - PinAttribute not found: check if there is a RefParameter without a condition.
2025-12-26 11:16:18,308 [WARN] IP:2250 - PinAttribute not found: check if there is a RefParameter without a condition.
2025-12-26 11:16:18,308 [WARN] IP:2250 - PinAttribute not found: check if there is a RefParameter without a condition.
2025-12-26 11:16:18,308 [WARN] IP:2250 - PinAttribute not found: check if there is a RefParameter without a condition.
2025-12-26 11:16:18,308 [WARN] IP:2250 - PinAttribute not found: check if there is a RefParameter without a condition.
2025-12-26 11:16:18,308 [WARN] IP:2250 - PinAttribute not found: check if there is a RefParameter without a condition.
2025-12-26 11:16:18,309 [WARN] IP:2250 - PinAttribute not found: check if there is a RefParameter without a condition.
2025-12-26 11:16:18,309 [WARN] IP:2250 - PinAttribute not found: check if there is a RefParameter without a condition.
2025-12-26 11:16:18,309 [WARN] IP:2250 - PinAttribute not found: check if there is a RefParameter without a condition.
2025-12-26 11:16:18,309 [WARN] IP:2250 - PinAttribute not found: check if there is a RefParameter without a condition.
2025-12-26 11:16:18,309 [WARN] IP:2250 - PinAttribute not found: check if there is a RefParameter without a condition.
2025-12-26 11:16:18,309 [WARN] IP:2250 - PinAttribute not found: check if there is a RefParameter without a condition.
2025-12-26 11:16:18,309 [WARN] IP:2250 - PinAttribute not found: check if there is a RefParameter without a condition.
2025-12-26 11:16:18,309 [WARN] IP:2250 - PinAttribute not found: check if there is a RefParameter without a condition.
2025-12-26 11:16:18,309 [WARN] IP:2250 - PinAttribute not found: check if there is a RefParameter without a condition.
2025-12-26 11:16:18,309 [WARN] IP:2250 - PinAttribute not found: check if there is a RefParameter without a condition.
2025-12-26 11:16:18,309 [WARN] IP:2250 - PinAttribute not found: check if there is a RefParameter without a condition.
2025-12-26 11:16:18,309 [WARN] IP:2250 - PinAttribute not found: check if there is a RefParameter without a condition.
2025-12-26 11:16:18,309 [WARN] IP:2250 - PinAttribute not found: check if there is a RefParameter without a condition.
2025-12-26 11:16:18,309 [WARN] IP:2250 - PinAttribute not found: check if there is a RefParameter without a condition.
2025-12-26 11:16:18,309 [WARN] IP:2250 - PinAttribute not found: check if there is a RefParameter without a condition.
2025-12-26 11:16:18,310 [WARN] IP:2250 - PinAttribute not found: check if there is a RefParameter without a condition.
2025-12-26 11:16:18,310 [WARN] IP:2250 - PinAttribute not found: check if there is a RefParameter without a condition.
2025-12-26 11:16:18,310 [WARN] IP:2250 - PinAttribute not found: check if there is a RefParameter without a condition.
2025-12-26 11:16:18,310 [WARN] IP:2250 - PinAttribute not found: check if there is a RefParameter without a condition.
2025-12-26 11:16:18,310 [WARN] IP:2250 - PinAttribute not found: check if there is a RefParameter without a condition.
2025-12-26 11:16:18,310 [WARN] IP:2250 - PinAttribute not found: check if there is a RefParameter without a condition.
2025-12-26 11:16:18,310 [WARN] IP:2250 - PinAttribute not found: check if there is a RefParameter without a condition.
2025-12-26 11:16:18,310 [WARN] IP:2250 - PinAttribute not found: check if there is a RefParameter without a condition.
2025-12-26 11:16:18,310 [WARN] IP:2250 - PinAttribute not found: check if there is a RefParameter without a condition.
2025-12-26 11:16:18,310 [WARN] IP:2250 - PinAttribute not found: check if there is a RefParameter without a condition.
2025-12-26 11:16:18,310 [WARN] IP:2250 - PinAttribute not found: check if there is a RefParameter without a condition.
2025-12-26 11:16:18,310 [WARN] IP:2250 - PinAttribute not found: check if there is a RefParameter without a condition.
2025-12-26 11:16:18,310 [WARN] IP:2250 - PinAttribute not found: check if there is a RefParameter without a condition.
2025-12-26 11:16:18,311 [WARN] IP:2250 - PinAttribute not found: check if there is a RefParameter without a condition.
2025-12-26 11:16:18,311 [WARN] IP:2250 - PinAttribute not found: check if there is a RefParameter without a condition.
2025-12-26 11:16:18,311 [WARN] IP:2250 - PinAttribute not found: check if there is a RefParameter without a condition.
2025-12-26 11:16:18,311 [WARN] IP:2250 - PinAttribute not found: check if there is a RefParameter without a condition.
2025-12-26 11:16:18,311 [WARN] IP:2250 - PinAttribute not found: check if there is a RefParameter without a condition.
2025-12-26 11:16:18,311 [WARN] IP:2250 - PinAttribute not found: check if there is a RefParameter without a condition.
2025-12-26 11:16:18,311 [WARN] IP:2250 - PinAttribute not found: check if there is a RefParameter without a condition.
2025-12-26 22:33:36,995 [INFO] MainUpdater:2872 - connection check result : 10
2025-12-26 22:33:36,995 [INFO] MainUpdater:2872 - connection check result : 10
2025-12-26 22:33:37,027 [INFO] MicroXplorer:468 - Change Database Path : 
2025-12-26 22:33:37,027 [INFO] MicroXplorer:498 - Change Database Version : DB.6.0.150
2025-12-26 22:33:37,049 [INFO] ProjectChoiceTab:3673 - Project Structure = Dual Non Secure / Secure
2025-12-26 22:33:37,049 [ERROR] ProjectManagerView:395 - 
java.lang.NullPointerException: Cannot invoke "javax.swing.JTextField.getText()" because the return value of "java.util.List.get(int)" is null
	at com.st.microxplorer.plugins.projectmanager.gui.ProjectChoiceTab$9.caretUpdate(ProjectChoiceTab.java:2706) ~[filemanager.jar:?]
	at javax.swing.text.JTextComponent.fireCaretUpdate(JTextComponent.java:408) ~[?:?]
	at javax.swing.text.JTextComponent$MutableCaretEvent.fire(JTextComponent.java:4484) ~[?:?]
	at javax.swing.text.JTextComponent$MutableCaretEvent.stateChanged(JTextComponent.java:4506) ~[?:?]
	at javax.swing.text.DefaultCaret.fireStateChanged(DefaultCaret.java:857) ~[?:?]
	at javax.swing.text.DefaultCaret.changeCaretPosition(DefaultCaret.java:1343) ~[?:?]
	at javax.swing.text.DefaultCaret.handleSetDot(DefaultCaret.java:1242) ~[?:?]
	at javax.swing.text.DefaultCaret.setDot(DefaultCaret.java:1223) ~[?:?]
	at javax.swing.text.DefaultCaret$Handler.insertUpdate(DefaultCaret.java:1819) ~[?:?]
	at javax.swing.text.AbstractDocument.fireInsertUpdate(AbstractDocument.java:227) ~[?:?]
	at javax.swing.text.AbstractDocument.handleInsertString(AbstractDocument.java:781) ~[?:?]
	at javax.swing.text.AbstractDocument.insertString(AbstractDocument.java:740) ~[?:?]
	at javax.swing.text.PlainDocument.insertString(PlainDocument.java:131) ~[?:?]
	at javax.swing.text.AbstractDocument.replace(AbstractDocument.java:699) ~[?:?]
	at javax.swing.text.JTextComponent.setText(JTextComponent.java:1725) ~[?:?]
	at com.st.microxplorer.plugins.projectmanager.gui.ProjectChoiceTab.createHeapStackFields(ProjectChoiceTab.java:993) ~[filemanager.jar:?]
	at com.st.microxplorer.plugins.projectmanager.gui.ProjectChoiceTab.buildLinkSettingsPanel(ProjectChoiceTab.java:3813) ~[filemanager.jar:?]
	at com.st.microxplorer.plugins.projectmanager.gui.ProjectChoiceTab.defineWindowsFields(ProjectChoiceTab.java:1987) ~[filemanager.jar:?]
	at com.st.microxplorer.plugins.projectmanager.gui.ProjectChoiceTab.updateSettings(ProjectChoiceTab.java:558) ~[filemanager.jar:?]
	at com.st.microxplorer.plugins.projectmanager.gui.ProjectSettingsPanel.UpdateDialog(ProjectSettingsPanel.java:247) ~[filemanager.jar:?]
	at com.st.microxplorer.plugins.projectmanager.ProjectManagerView.propertyChange(ProjectManagerView.java:392) ~[filemanager.jar:?]
	at java.beans.PropertyChangeSupport.fire(PropertyChangeSupport.java:343) ~[?:?]
	at java.beans.PropertyChangeSupport.firePropertyChange(PropertyChangeSupport.java:335) ~[?:?]
	at java.beans.PropertyChangeSupport.firePropertyChange(PropertyChangeSupport.java:268) ~[?:?]
	at com.st.microxplorer.util.MXPropertyChangeSupport.firePropertyChange(MXPropertyChangeSupport.java:54) ~[STM32CubeMX.jar:?]
	at com.st.microxplorer.mxsystem.MxSystem.closeConfig(MxSystem.java:899) ~[STM32CubeMX.jar:?]
	at com.st.microxplorer.maingui.MainPanel.closeConfig(MainPanel.java:792) ~[STM32CubeMX.jar:?]
	at com.st.microxplorer.plugins.filemanager.engine.OpenFileManager.loadConfigurationFile(OpenFileManager.java:288) ~[filemanager.jar:?]
	at com.st.microxplorer.plugins.filemanager.engine.MainFileManager.userLoadConfig(MainFileManager.java:364) ~[filemanager.jar:?]
	at com.st.microxplorer.plugins.filemanager.engine.MainFileManager.userLoadConfig(MainFileManager.java:342) ~[filemanager.jar:?]
	at com.st.microxplorer.plugins.filemanager.FileManagerView.getSpecificTask(FileManagerView.java:264) ~[filemanager.jar:?]
	at com.st.stm32cube.common.mx.editor.CubeMxEditor.getMxTabbedPaneInstance(CubeMxEditor.java:1198) ~[com.st.stm32cube.common.mx_6.15.0.202507011659/:?]
	at com.st.stm32cube.common.mx.editor.CubeMxEditor$12$1.createSwingComponent(CubeMxEditor.java:1068) ~[com.st.stm32cube.common.mx_6.15.0.202507011659/:?]
	at com.st.stm32cube.common.mx.oss.core.awtswtbridge.EmbeddedSwingComposite.doComponentCreation(EmbeddedSwingComposite.java:492) ~[com.st.stm32cube.common.mx.oss_6.15.0.202507011659/:?]
	at com.st.stm32cube.common.mx.oss.core.awtswtbridge.EmbeddedSwingComposite$4.run(EmbeddedSwingComposite.java:291) ~[com.st.stm32cube.common.mx.oss_6.15.0.202507011659/:?]
	at com.st.stm32cube.common.mx.oss.core.awtswtbridge.AwtEnvironment$2.run(AwtEnvironment.java:166) ~[com.st.stm32cube.common.mx.oss_6.15.0.202507011659/:?]
	at java.awt.event.InvocationEvent.dispatch(InvocationEvent.java:318) ~[?:?]
	at java.awt.EventQueue.dispatchEventImpl(EventQueue.java:773) ~[?:?]
	at java.awt.EventQueue$4.run(EventQueue.java:720) ~[?:?]
	at java.awt.EventQueue$4.run(EventQueue.java:714) ~[?:?]
	at java.security.AccessController.doPrivileged(AccessController.java:400) ~[?:?]
	at java.security.ProtectionDomain$JavaSecurityAccessImpl.doIntersectionPrivilege(ProtectionDomain.java:87) ~[?:?]
	at java.awt.EventQueue.dispatchEvent(EventQueue.java:742) ~[?:?]
	at java.awt.EventDispatchThread.pumpOneEventForFilters(EventDispatchThread.java:203) ~[?:?]
	at java.awt.EventDispatchThread.pumpEventsForFilter(EventDispatchThread.java:124) ~[?:?]
	at java.awt.EventDispatchThread.pumpEventsForHierarchy(EventDispatchThread.java:113) ~[?:?]
	at java.awt.EventDispatchThread.pumpEvents(EventDispatchThread.java:109) ~[?:?]
	at java.awt.EventDispatchThread.pumpEvents(EventDispatchThread.java:101) ~[?:?]
	at java.awt.EventDispatchThread.run(EventDispatchThread.java:90) ~[?:?]
2025-12-26 22:33:37,050 [WARN] ThirdParty:871 - waiting for thirdparty lock release [close project]
2025-12-26 22:33:37,050 [INFO] ThirdParty:873 - entering critical section [close project]
2025-12-26 22:33:37,050 [INFO] ThirdParty:883 - exiting critical section [close project]
2025-12-26 22:33:37,052 [INFO] PinOutPanel:1589 - setPackage(No Configuration,No Configuration)
2025-12-26 22:33:37,056 [INFO] UtilMem:75 - Begin LoadConfig() Used Memory: 795058136 Bytes (1073741824)
2025-12-26 22:33:37,057 [INFO] MicroXplorer:468 - Change Database Path : 
2025-12-26 22:33:37,057 [INFO] MicroXplorer:498 - Change Database Version : DB.6.0.150
2025-12-26 22:33:37,057 [INFO] OpenFileManager:355 - Change cursor
2025-12-26 22:33:37,080 [INFO] Mcu:2029 - Initializing MCU STM32H563VGTx STM32H563VGTx STM32H563VGT6
2025-12-26 22:33:37,680 [WARN] Context:803 - Trying to add IP SBS in context CortexM33 not assigned to a contextSplit
2025-12-26 22:33:38,738 [WARN] Context:803 - Trying to add IP BOOTPATH in context CortexM33 not assigned to a contextSplit
2025-12-26 22:33:38,747 [INFO] Context:786 - Trying to add GPIOservice into a context  which must be forbidden
2025-12-26 22:33:38,747 [INFO] Context:786 - Trying to add GPIOservice into a context  which must be forbidden
2025-12-26 22:33:38,748 [INFO] Context:786 - Trying to add GPIOservice into a context  which must be forbidden
2025-12-26 22:33:38,748 [WARN] Context:803 - Trying to add IP GPIO in context CortexM33 not assigned to a contextSplit
2025-12-26 22:33:39,410 [INFO] ImportTextPane:234 - (OptionalMessage_ERROR) Pin102 (VP_RIF_VS_RIF1) cannot be retrieved for this MCU
2025-12-26 22:33:39,470 [WARN] ModelIntegratedComponent:63 - No mode defined for component null
2025-12-26 22:33:39,470 [WARN] ModelIntegratedComponent:63 - No mode defined for component null
2025-12-26 22:33:39,470 [WARN] ModelIntegratedComponent:63 - No mode defined for component null
2025-12-26 22:33:39,470 [WARN] ModelIntegratedComponent:63 - No mode defined for component null
2025-12-26 22:33:39,470 [WARN] ModelIntegratedComponent:63 - No mode defined for component null
2025-12-26 22:33:39,470 [WARN] ModelIntegratedComponent:63 - No mode defined for component null
2025-12-26 22:33:39,470 [WARN] ModelIntegratedComponent:63 - No mode defined for component null
2025-12-26 22:33:39,470 [WARN] ModelIntegratedComponent:63 - No mode defined for component null
2025-12-26 22:33:39,470 [WARN] ModelIntegratedComponent:63 - No mode defined for component null
2025-12-26 22:33:39,470 [WARN] ModelIntegratedComponent:63 - No mode defined for component null
2025-12-26 22:33:39,470 [WARN] ModelIntegratedComponent:63 - No mode defined for component null
2025-12-26 22:33:39,470 [WARN] ModelIntegratedComponent:63 - No mode defined for component null
2025-12-26 22:33:39,470 [WARN] ModelIntegratedComponent:63 - No mode defined for component null
2025-12-26 22:33:39,470 [WARN] ModelIntegratedComponent:63 - No mode defined for component null
2025-12-26 22:33:39,470 [WARN] ModelIntegratedComponent:63 - No mode defined for component null
2025-12-26 22:33:39,470 [WARN] ModelIntegratedComponent:63 - No mode defined for component null
2025-12-26 22:33:39,470 [WARN] ModelIntegratedComponent:63 - No mode defined for component null
2025-12-26 22:33:39,470 [WARN] ModelIntegratedComponent:63 - No mode defined for component null
2025-12-26 22:33:39,471 [WARN] ModelIntegratedComponent:63 - No mode defined for component null
2025-12-26 22:33:39,471 [WARN] ModelIntegratedComponent:63 - No mode defined for component null
2025-12-26 22:33:39,471 [WARN] ModelIntegratedComponent:63 - No mode defined for component null
2025-12-26 22:33:39,471 [WARN] ModelIntegratedComponent:63 - No mode defined for component null
2025-12-26 22:33:39,471 [WARN] ModelIntegratedComponent:63 - No mode defined for component null
2025-12-26 22:33:39,471 [WARN] ModelIntegratedComponent:63 - No mode defined for component null
2025-12-26 22:33:39,471 [WARN] ModelIntegratedComponent:63 - No mode defined for component null
2025-12-26 22:33:39,471 [WARN] ModelIntegratedComponent:63 - No mode defined for component null
2025-12-26 22:33:39,471 [WARN] ModelIntegratedComponent:63 - No mode defined for component null
2025-12-26 22:33:39,471 [WARN] ModelIntegratedComponent:63 - No mode defined for component null
2025-12-26 22:33:39,471 [WARN] ModelIntegratedComponent:63 - No mode defined for component null
2025-12-26 22:33:39,471 [WARN] ModelIntegratedComponent:63 - No mode defined for component null
2025-12-26 22:33:39,471 [WARN] ModelIntegratedComponent:63 - No mode defined for component null
2025-12-26 22:33:39,471 [WARN] ModelIntegratedComponent:63 - No mode defined for component null
2025-12-26 22:33:39,471 [WARN] ModelIntegratedComponent:63 - No mode defined for component null
2025-12-26 22:33:39,471 [WARN] ModelIntegratedComponent:63 - No mode defined for component null
2025-12-26 22:33:39,471 [WARN] ModelIntegratedComponent:63 - No mode defined for component null
2025-12-26 22:33:39,471 [WARN] ModelPack:524 - Component already loaded: STMicroelectronics:HAL Drivers:0.0.0:STMicroelectronics:Device:STMicro_Driver:XSPI:HAL::0.0.1:HAL_XSPI
2025-12-26 22:33:39,472 [INFO] RtosManager:558 - Registered RTOS mode: class=RTOS, group=ThreadX, mode=Core, owner=THREADX
2025-12-26 22:33:39,508 [INFO] ThirdPartyModel:298 - Start build external matchings
2025-12-26 22:33:39,688 [INFO] ThirdPartyModel:316 - End build external matchings
2025-12-26 22:33:39,695 [WARN] IP:2250 - PinAttribute not found: check if there is a RefParameter without a condition.
2025-12-26 22:33:39,696 [WARN] IP:2250 - PinAttribute not found: check if there is a RefParameter without a condition.
2025-12-26 22:33:39,696 [WARN] IP:2250 - PinAttribute not found: check if there is a RefParameter without a condition.
2025-12-26 22:33:39,696 [WARN] IP:2250 - PinAttribute not found: check if there is a RefParameter without a condition.
2025-12-26 22:33:39,697 [WARN] IP:2250 - PinAttribute not found: check if there is a RefParameter without a condition.
2025-12-26 22:33:39,697 [WARN] IP:2250 - PinAttribute not found: check if there is a RefParameter without a condition.
2025-12-26 22:33:39,697 [WARN] IP:2250 - PinAttribute not found: check if there is a RefParameter without a condition.
2025-12-26 22:33:39,698 [WARN] IP:2250 - PinAttribute not found: check if there is a RefParameter without a condition.
2025-12-26 22:33:39,699 [WARN] IP:2250 - PinAttribute not found: check if there is a RefParameter without a condition.
2025-12-26 22:33:39,699 [WARN] IP:2250 - PinAttribute not found: check if there is a RefParameter without a condition.
2025-12-26 22:33:39,699 [WARN] IP:2250 - PinAttribute not found: check if there is a RefParameter without a condition.
2025-12-26 22:33:39,699 [WARN] IP:2250 - PinAttribute not found: check if there is a RefParameter without a condition.
2025-12-26 22:33:39,700 [WARN] IP:2250 - PinAttribute not found: check if there is a RefParameter without a condition.
2025-12-26 22:33:39,700 [WARN] IP:2250 - PinAttribute not found: check if there is a RefParameter without a condition.
2025-12-26 22:33:39,701 [WARN] IP:2250 - PinAttribute not found: check if there is a RefParameter without a condition.
2025-12-26 22:33:39,702 [WARN] IP:2250 - PinAttribute not found: check if there is a RefParameter without a condition.
2025-12-26 22:33:39,702 [WARN] IP:2250 - PinAttribute not found: check if there is a RefParameter without a condition.
2025-12-26 22:33:39,702 [WARN] IP:2250 - PinAttribute not found: check if there is a RefParameter without a condition.
2025-12-26 22:33:39,702 [WARN] IP:2250 - PinAttribute not found: check if there is a RefParameter without a condition.
2025-12-26 22:33:39,702 [WARN] IP:2250 - PinAttribute not found: check if there is a RefParameter without a condition.
2025-12-26 22:33:39,702 [WARN] IP:2250 - PinAttribute not found: check if there is a RefParameter without a condition.
2025-12-26 22:33:39,704 [WARN] IP:2250 - PinAttribute not found: check if there is a RefParameter without a condition.
2025-12-26 22:33:39,704 [WARN] IP:2250 - PinAttribute not found: check if there is a RefParameter without a condition.
2025-12-26 22:33:39,704 [WARN] IP:2250 - PinAttribute not found: check if there is a RefParameter without a condition.
2025-12-26 22:33:39,704 [WARN] IP:2250 - PinAttribute not found: check if there is a RefParameter without a condition.
2025-12-26 22:33:39,705 [WARN] IP:2250 - PinAttribute not found: check if there is a RefParameter without a condition.
2025-12-26 22:33:39,705 [WARN] IP:2250 - PinAttribute not found: check if there is a RefParameter without a condition.
2025-12-26 22:33:39,705 [WARN] IP:2250 - PinAttribute not found: check if there is a RefParameter without a condition.
2025-12-26 22:33:39,706 [WARN] IP:2250 - PinAttribute not found: check if there is a RefParameter without a condition.
2025-12-26 22:33:39,706 [WARN] IP:2250 - PinAttribute not found: check if there is a RefParameter without a condition.
2025-12-26 22:33:39,706 [WARN] IP:2250 - PinAttribute not found: check if there is a RefParameter without a condition.
2025-12-26 22:33:39,706 [WARN] IP:2250 - PinAttribute not found: check if there is a RefParameter without a condition.
2025-12-26 22:33:39,706 [WARN] IP:2250 - PinAttribute not found: check if there is a RefParameter without a condition.
2025-12-26 22:33:39,707 [WARN] IP:2250 - PinAttribute not found: check if there is a RefParameter without a condition.
2025-12-26 22:33:39,707 [WARN] IP:2250 - PinAttribute not found: check if there is a RefParameter without a condition.
2025-12-26 22:33:39,708 [WARN] IP:2250 - PinAttribute not found: check if there is a RefParameter without a condition.
2025-12-26 22:33:39,708 [WARN] IP:2250 - PinAttribute not found: check if there is a RefParameter without a condition.
2025-12-26 22:33:39,708 [WARN] IP:2250 - PinAttribute not found: check if there is a RefParameter without a condition.
2025-12-26 22:33:39,708 [WARN] IP:2250 - PinAttribute not found: check if there is a RefParameter without a condition.
2025-12-26 22:33:39,708 [WARN] IP:2250 - PinAttribute not found: check if there is a RefParameter without a condition.
2025-12-26 22:33:39,708 [WARN] IP:2250 - PinAttribute not found: check if there is a RefParameter without a condition.
2025-12-26 22:33:39,708 [WARN] IP:2250 - PinAttribute not found: check if there is a RefParameter without a condition.
2025-12-26 22:33:39,710 [WARN] IP:2250 - PinAttribute not found: check if there is a RefParameter without a condition.
2025-12-26 22:33:39,710 [WARN] IP:2250 - PinAttribute not found: check if there is a RefParameter without a condition.
2025-12-26 22:33:39,710 [WARN] IP:2250 - PinAttribute not found: check if there is a RefParameter without a condition.
2025-12-26 22:33:39,710 [WARN] IP:2250 - PinAttribute not found: check if there is a RefParameter without a condition.
2025-12-26 22:33:39,710 [WARN] IP:2250 - PinAttribute not found: check if there is a RefParameter without a condition.
2025-12-26 22:33:39,710 [WARN] IP:2250 - PinAttribute not found: check if there is a RefParameter without a condition.
2025-12-26 22:33:39,710 [WARN] IP:2250 - PinAttribute not found: check if there is a RefParameter without a condition.
2025-12-26 22:33:39,712 [INFO] ImportTextPane:234 - (OptionalMessage_ERROR) IP (BOOTPATH) : Invalid parameter (BootPathName)
2025-12-26 22:33:39,713 [INFO] ImportTextPane:234 - (OptionalMessage_ERROR) IP (RCC) : Invalid parameter (EPOD_VALUE)
2025-12-26 22:33:39,713 [INFO] ImportTextPane:234 - (OptionalMessage_ERROR) IP (RCC) : Invalid parameter (FamilyName)
2025-12-26 22:33:39,714 [INFO] ImportTextPane:234 - (OptionalMessage_ERROR) IP (RCC) : Invalid parameter (LSIRC_VALUE)
2025-12-26 22:33:39,715 [INFO] ImportTextPane:234 - (OptionalMessage_ERROR) IP (RCC) : Parameter (SAI1Freq_Value) has invalid value (806250000)
2025-12-26 22:33:39,715 [INFO] ImportTextPane:234 - (OptionalMessage_ERROR) IP (RCC) : Parameter (SAI2Freq_Value) has invalid value (806250000)
2025-12-26 22:33:39,715 [INFO] ImportTextPane:234 - (OptionalMessage_ERROR) IP (RCC) : Parameter (SPI2Freq_Value) has invalid value (250000000)
2025-12-26 22:33:39,715 [INFO] ImportTextPane:234 - (OptionalMessage_ERROR) IP (RCC) : Parameter (SPI3Freq_Value) has invalid value (250000000)
2025-12-26 22:33:39,715 [INFO] ImportTextPane:234 - (OptionalMessage_ERROR) IP (RCC) : Parameter (SPI4Freq_Value) has invalid value (250000000)
2025-12-26 22:33:39,715 [INFO] ImportTextPane:234 - (OptionalMessage_ERROR) IP (RCC) : Parameter (SPI6Freq_Value) has invalid value (250000000)
2025-12-26 22:33:39,913 [INFO] UtilMem:75 - End LoadConfig() Used Memory: 602099168 Bytes (1073741824)
2025-12-26 22:33:39,992 [WARN] ThirdParty:833 - waiting for thirdparty lock release [change project]
2025-12-26 22:33:39,993 [INFO] ThirdParty:835 - entering critical section [change project]
2025-12-26 22:33:39,993 [INFO] ThirdParty:1030 - CMSIS Pack Vendor :STMicroelectronics X-CUBE-PM33A1 1.0.0
2025-12-26 22:33:39,993 [INFO] ThirdParty:1030 - CMSIS Pack Vendor :STMicroelectronics USBPD 4.1
2025-12-26 22:33:39,993 [INFO] ThirdParty:1030 - CMSIS Pack Vendor :STMicroelectronics X-CUBE-NFC9 1.0.0
2025-12-26 22:33:39,993 [INFO] ThirdParty:1030 - CMSIS Pack Vendor :STMicroelectronics USB_HOST 2.0.0
2025-12-26 22:33:39,995 [INFO] ThirdParty:1030 - CMSIS Pack Vendor :STMicroelectronics FP-SNS-MOTENVWB1 1.4.0
2025-12-26 22:33:39,996 [INFO] ThirdParty:1030 - CMSIS Pack Vendor :STMicroelectronics X-CUBE-AZRTOS-F4 1.1.0
2025-12-26 22:33:39,996 [INFO] ThirdParty:1030 - CMSIS Pack Vendor :STMicroelectronics LIBJPEG 8.0.0
2025-12-26 22:33:39,996 [INFO] ThirdParty:1030 - CMSIS Pack Vendor :STMicroelectronics FP-ATR-ASTRA1 2.0.2
2025-12-26 22:33:39,996 [INFO] ThirdParty:1030 - CMSIS Pack Vendor :wolfSSL I-CUBE-wolfSSL 5.8.2
2025-12-26 22:33:39,996 [INFO] ThirdParty:1030 - CMSIS Pack Vendor :STMicroelectronics X-CUBE-BLE1 7.1.0
2025-12-26 22:33:39,996 [INFO] ThirdParty:1030 - CMSIS Pack Vendor :STMicroelectronics X-CUBE-SMBUS 2.1.0
2025-12-26 22:33:39,997 [INFO] ThirdParty:1030 - CMSIS Pack Vendor :wolfSSL I-CUBE-wolfMQTT 1.19.2
2025-12-26 22:33:39,998 [INFO] ThirdParty:1030 - CMSIS Pack Vendor :STMicroelectronics USB_DEVICE 3.0.0
2025-12-26 22:33:39,998 [INFO] ThirdParty:1030 - CMSIS Pack Vendor :STMicroelectronics X-CUBE-ISPU 2.1.0
2025-12-26 22:33:39,998 [INFO] ThirdParty:1030 - CMSIS Pack Vendor :STMicroelectronics X-CUBE-FREERTOS 1.4.0
2025-12-26 22:33:39,998 [INFO] ThirdParty:1030 - CMSIS Pack Vendor :STMicroelectronics X-CUBE-EEPRMA1 5.2.0
2025-12-26 22:33:39,998 [INFO] ThirdParty:1030 - CMSIS Pack Vendor :STMicroelectronics X-CUBE-IPS 3.2.0
2025-12-26 22:33:40,000 [INFO] ThirdParty:1030 - CMSIS Pack Vendor :STMicroelectronics X-CUBE-BLEMGR 4.1.0
2025-12-26 22:33:40,000 [INFO] ThirdParty:1030 - CMSIS Pack Vendor :STMicroelectronics X-CUBE-AZRTOS-WB 2.0.0
2025-12-26 22:33:40,000 [INFO] ThirdParty:1030 - CMSIS Pack Vendor :STMicroelectronics X-CUBE-NFC12 1.0.0
2025-12-26 22:33:40,000 [INFO] ThirdParty:1030 - CMSIS Pack Vendor :STMicroelectronics X-CUBE-AZRTOS-F7 1.1.0
2025-12-26 22:33:40,000 [INFO] ThirdParty:1030 - CMSIS Pack Vendor :STMicroelectronics X-CUBE-AZRTOS-L5 2.0.0
2025-12-26 22:33:40,000 [INFO] ThirdParty:1030 - CMSIS Pack Vendor :STMicroelectronics USB_DEVICE 2.0.0
2025-12-26 22:33:40,000 [INFO] ThirdParty:1030 - CMSIS Pack Vendor :STMicroelectronics X-CUBE-NFC6 3.1.0
2025-12-26 22:33:40,000 [INFO] ThirdParty:1030 - CMSIS Pack Vendor :STMicroelectronics X-CUBE-ST67W61 1.1.0
2025-12-26 22:33:40,000 [INFO] ThirdParty:1030 - CMSIS Pack Vendor :Cesanta I-CUBE-Mongoose 7.19.0
2025-12-26 22:33:40,000 [INFO] ThirdParty:1030 - CMSIS Pack Vendor :quantropi X-CUBE-qispace-sdk-base 2.1.0
2025-12-26 22:33:40,000 [INFO] ThirdParty:1030 - CMSIS Pack Vendor :STMicroelectronics X-CUBE-MEMS1 12.0.0
2025-12-26 22:33:40,000 [INFO] ThirdParty:1030 - CMSIS Pack Vendor :STMicroelectronics FP-SNS-MOTENV1 5.1.0
2025-12-26 22:33:40,000 [INFO] ThirdParty:1030 - CMSIS Pack Vendor :STMicroelectronics FreeRTOS 0.0.1
2025-12-26 22:33:40,000 [INFO] ThirdParty:1030 - CMSIS Pack Vendor :STMicroelectronics X-CUBE-AZRTOS-G0 1.1.0
2025-12-26 22:33:40,000 [INFO] ThirdParty:1030 - CMSIS Pack Vendor :STMicroelectronics X-CUBE-NFC4 3.0.0
2025-12-26 22:33:40,000 [INFO] ThirdParty:1030 - CMSIS Pack Vendor :STMicroelectronics X-CUBE-SUBG2 5.0.0
2025-12-26 22:33:40,000 [INFO] ThirdParty:1030 - CMSIS Pack Vendor :STMicroelectronics X-CUBE-AZRTOS-H7RS 1.1.0
2025-12-26 22:33:40,000 [INFO] ThirdParty:1030 - CMSIS Pack Vendor :STMicroelectronics STM32_WPAN 1.0.0
2025-12-26 22:33:40,000 [INFO] ThirdParty:1030 - CMSIS Pack Vendor :EmbeddedOffice I-CUBE-FS-RTOS 1.0.1
2025-12-26 22:33:40,000 [INFO] ThirdParty:1030 - CMSIS Pack Vendor :STMicroelectronics lwIP 2.0.3
2025-12-26 22:33:40,000 [INFO] ThirdParty:1030 - CMSIS Pack Vendor :WES I-CUBE-Cesium 1.4.0
2025-12-26 22:33:40,000 [INFO] ThirdParty:1030 - CMSIS Pack Vendor :STMicroelectronics USB_HOST 1.0.0
2025-12-26 22:33:40,000 [INFO] ThirdParty:1030 - CMSIS Pack Vendor :Infineon AIROC-Wi-Fi-Bluetooth-STM32 1.7.1
2025-12-26 22:33:40,000 [INFO] ThirdParty:1030 - CMSIS Pack Vendor :STMicroelectronics X-CUBE-AZRTOS-G4 2.0.0
2025-12-26 22:33:40,000 [INFO] ThirdParty:1030 - CMSIS Pack Vendor :STMicroelectronics X-CUBE-WB05N 2.0.0
2025-12-26 22:33:40,000 [INFO] ThirdParty:1030 - CMSIS Pack Vendor :STMicroelectronics PDM2PCM 3.1.0
2025-12-26 22:33:40,000 [INFO] ThirdParty:1030 - CMSIS Pack Vendor :STMicroelectronics PDM2PCM 3.3.0
2025-12-26 22:33:40,000 [INFO] ThirdParty:1030 - CMSIS Pack Vendor :wolfSSL I-CUBE-wolfTPM 3.8.0
2025-12-26 22:33:40,000 [INFO] ThirdParty:1030 - CMSIS Pack Vendor :STMicroelectronics X-CUBE-AZRTOS-H7 3.4.0
2025-12-26 22:33:40,000 [INFO] ThirdParty:1030 - CMSIS Pack Vendor :STMicroelectronics X-CUBE-DISPLAY 3.0.0
2025-12-26 22:33:40,000 [INFO] ThirdParty:1030 - CMSIS Pack Vendor :wolfSSL I-CUBE-wolfSSH 1.4.20
2025-12-26 22:33:40,000 [INFO] ThirdParty:1030 - CMSIS Pack Vendor :STMicroelectronics X-CUBE-NFC7 2.0.0
2025-12-26 22:33:40,000 [INFO] ThirdParty:1030 - CMSIS Pack Vendor :STMicroelectronics X-CUBE-TCPP 4.2.0
2025-12-26 22:33:40,000 [INFO] ThirdParty:1030 - CMSIS Pack Vendor :RealThread X-CUBE-RT-Thread_Nano 4.1.1
2025-12-26 22:33:40,000 [INFO] ThirdParty:1030 - CMSIS Pack Vendor :STMicroelectronics FP-ATR-SIGFOX1 3.2.0
2025-12-26 22:33:40,000 [INFO] ThirdParty:1030 - CMSIS Pack Vendor :STMicroelectronics X-CUBE-NFC10 1.0.0
2025-12-26 22:33:40,000 [INFO] ThirdParty:1030 - CMSIS Pack Vendor :STMicroelectronics X-CUBE-FREERTOS 1.3.1
2025-12-26 22:33:40,000 [INFO] ThirdParty:1030 - CMSIS Pack Vendor :STMicroelectronics HAL Drivers 0.0.0
2025-12-26 22:33:40,000 [INFO] ThirdParty:1030 - CMSIS Pack Vendor :STMicroelectronics MBEDTLS 2.16.2
2025-12-26 22:33:40,000 [INFO] ThirdParty:1030 - CMSIS Pack Vendor :STMicroelectronics X-CUBE-ST60 1.1.0
2025-12-26 22:33:40,000 [INFO] ThirdParty:1030 - CMSIS Pack Vendor :STMicroelectronics X-CUBE-ALS 1.0.2
2025-12-26 22:33:40,000 [INFO] ThirdParty:1030 - CMSIS Pack Vendor :emotas I-CUBE-CANOPEN 1.3.0
2025-12-26 22:33:40,000 [INFO] ThirdParty:1030 - CMSIS Pack Vendor :STMicroelectronics MBEDTLS 2.14.1
2025-12-26 22:33:40,000 [INFO] ThirdParty:1030 - CMSIS Pack Vendor :STMicroelectronics X-CUBE-GNSS1 7.1.0
2025-12-26 22:33:40,000 [INFO] ThirdParty:1030 - CMSIS Pack Vendor :ITTIA_DB I-CUBE-ITTIADB 8.9.0
2025-12-26 22:33:40,000 [INFO] ThirdParty:1030 - CMSIS Pack Vendor :STMicroelectronics X-CUBE-TOUCHGFX 4.26.0
2025-12-26 22:33:40,000 [INFO] ThirdParty:1030 - CMSIS Pack Vendor :STMicroelectronics X-CUBE-STSE01 1.0.0
2025-12-26 22:33:40,000 [INFO] ThirdParty:1030 - CMSIS Pack Vendor :STMicroelectronics FP-SNS-STBOX1 2.1.0
2025-12-26 22:33:40,000 [INFO] ThirdParty:1030 - CMSIS Pack Vendor :STMicroelectronics X-CUBE-AI 10.2.0
2025-12-26 22:33:40,000 [INFO] ThirdParty:1030 - CMSIS Pack Vendor :STMicroelectronics FP-SNS-STAIOTCFT 1.0.0
2025-12-26 22:33:40,000 [INFO] ThirdParty:1030 - CMSIS Pack Vendor :STMicroelectronics ThreadX 1.0.0
2025-12-26 22:33:40,000 [INFO] ThirdParty:1030 - CMSIS Pack Vendor :STMicroelectronics FP-SNS-SMARTAG2 1.2.0
2025-12-26 22:33:40,001 [INFO] ThirdParty:1030 - CMSIS Pack Vendor :STMicroelectronics FP-SNS-FLIGHT1 5.1.0
2025-12-26 22:33:40,001 [INFO] ThirdParty:1030 - CMSIS Pack Vendor :STMicroelectronics X-CUBE-AZRTOS-WL 2.0.0
2025-12-26 22:33:40,001 [INFO] ThirdParty:1030 - CMSIS Pack Vendor :SEGGER I-CUBE-embOS 1.3.1
2025-12-26 22:33:40,001 [INFO] ThirdParty:1030 - CMSIS Pack Vendor :STMicroelectronics X-CUBE-ALGOBUILD 1.4.0
2025-12-26 22:33:40,001 [INFO] ThirdParty:1030 - CMSIS Pack Vendor :STMicroelectronics X-CUBE-DPower 1.3.0
2025-12-26 22:33:40,001 [INFO] ThirdParty:1030 - CMSIS Pack Vendor :STMicroelectronics X-CUBE-MEMS1 11.3.0
2025-12-26 22:33:40,001 [INFO] ThirdParty:1030 - CMSIS Pack Vendor :STMicroelectronics USB_DEVICE 1.0.0
2025-12-26 22:33:40,001 [INFO] ThirdParty:1030 - CMSIS Pack Vendor :STMicroelectronics X-CUBE-AZRTOS-H7RS 1.2.0
2025-12-26 22:33:40,001 [INFO] ThirdParty:1030 - CMSIS Pack Vendor :STMicroelectronics X-CUBE-AZRTOS-L4 2.0.0
2025-12-26 22:33:40,001 [INFO] ThirdParty:1030 - CMSIS Pack Vendor :STMicroelectronics ThreadX 0.0.2
2025-12-26 22:33:40,001 [INFO] ThirdParty:1030 - CMSIS Pack Vendor :STMicroelectronics lwIP 2.1.2
2025-12-26 22:33:40,001 [INFO] ThirdParty:1030 - CMSIS Pack Vendor :STMicroelectronics X-CUBE-SFXS2LP1 4.0.0
2025-12-26 22:33:40,001 [INFO] ThirdParty:1030 - CMSIS Pack Vendor :STMicroelectronics X-CUBE-BLE2 3.3.0
2025-12-26 22:33:40,001 [INFO] ThirdParty:1030 - CMSIS Pack Vendor :Avnet-IOTCONNECT X-CUBE-iotc-st67-sdk 1.0.0
2025-12-26 22:33:40,001 [INFO] ThirdParty:1030 - CMSIS Pack Vendor :STMicroelectronics X-CUBE-TOF1 3.4.3
2025-12-26 22:33:40,001 [INFO] ThirdParty:1030 - CMSIS Pack Vendor :STMicroelectronics PDM2PCM 3.2.0
2025-12-26 22:33:40,001 [INFO] ThirdParty:841 - exiting critical section [change project]
2025-12-26 22:33:40,419 [INFO] PinOutPanel:1589 - setPackage(No Configuration,No Configuration)
2025-12-26 22:33:40,419 [INFO] PinOutPanel:1589 - setPackage(STM32H563VGTx,LQFP100)
2025-12-26 22:33:40,482 [WARN] IP:2250 - rccPrivilegeSecure not found: check if there is a RefParameter without a condition.
2025-12-26 22:33:40,482 [WARN] IP:2250 - rccSecurity not found: check if there is a RefParameter without a condition.
2025-12-26 22:33:40,606 [WARN] IP:2250 - rccPrivilegeSecure not found: check if there is a RefParameter without a condition.
2025-12-26 22:33:40,606 [WARN] IP:2250 - rccSecurity not found: check if there is a RefParameter without a condition.
2025-12-26 22:33:40,805 [WARN] IP:2250 - rccPrivilegeSecure not found: check if there is a RefParameter without a condition.
2025-12-26 22:33:40,805 [WARN] IP:2250 - rccSecurity not found: check if there is a RefParameter without a condition.
2025-12-26 22:33:40,816 [INFO] UtilMem:75 - Before build in PCC Used Memory: 588874368 Bytes (1073741824)
2025-12-26 22:33:41,025 [INFO] UtilMem:75 - After build in PCC Used Memory: 786532992 Bytes (1073741824)
2025-12-26 22:33:41,041 [INFO] IPUIPlugin:80 - create IPUIPlugin
2025-12-26 22:33:41,041 [INFO] IPUIPlugin:80 - create IPUIPlugin
2025-12-26 22:33:41,042 [INFO] IPUIPlugin:80 - create IPUIPlugin
2025-12-26 22:33:41,042 [INFO] IPUIPlugin:80 - create IPUIPlugin
2025-12-26 22:33:41,042 [INFO] IPUIPlugin:80 - create IPUIPlugin
2025-12-26 22:33:41,042 [INFO] IPUIPlugin:80 - create IPUIPlugin
2025-12-26 22:33:41,042 [INFO] IPUIPlugin:80 - create IPUIPlugin
2025-12-26 22:33:41,042 [INFO] IPUIPlugin:80 - create IPUIPlugin
2025-12-26 22:33:41,042 [INFO] IPUIPlugin:80 - create IPUIPlugin
2025-12-26 22:33:41,042 [INFO] IPUIPlugin:80 - create IPUIPlugin
2025-12-26 22:33:41,042 [INFO] IPUIPlugin:80 - create IPUIPlugin
2025-12-26 22:33:41,042 [INFO] IPUIPlugin:80 - create IPUIPlugin
2025-12-26 22:33:41,042 [INFO] IPUIPlugin:80 - create IPUIPlugin
2025-12-26 22:33:41,042 [INFO] IPUIPlugin:80 - create IPUIPlugin
2025-12-26 22:33:41,043 [INFO] IPUIPlugin:80 - create IPUIPlugin
2025-12-26 22:33:41,043 [INFO] IPUIPlugin:80 - create IPUIPlugin
2025-12-26 22:33:41,043 [INFO] IPUIPlugin:80 - create IPUIPlugin
2025-12-26 22:33:41,043 [INFO] IPUIPlugin:80 - create IPUIPlugin
2025-12-26 22:33:41,043 [INFO] IPUIPlugin:80 - create IPUIPlugin
2025-12-26 22:33:41,043 [INFO] IPUIPlugin:80 - create IPUIPlugin
2025-12-26 22:33:41,043 [INFO] IPUIPlugin:80 - create IPUIPlugin
2025-12-26 22:33:41,043 [INFO] IPUIPlugin:80 - create IPUIPlugin
2025-12-26 22:33:41,043 [INFO] IPUIPlugin:80 - create IPUIPlugin
2025-12-26 22:33:41,043 [INFO] IPUIPlugin:80 - create IPUIPlugin
2025-12-26 22:33:41,043 [INFO] IPUIPlugin:80 - create IPUIPlugin
2025-12-26 22:33:41,043 [INFO] IPUIPlugin:80 - create IPUIPlugin
2025-12-26 22:33:41,043 [INFO] IPUIPlugin:80 - create IPUIPlugin
2025-12-26 22:33:41,043 [INFO] IPUIPlugin:80 - create IPUIPlugin
2025-12-26 22:33:41,043 [INFO] IPUIPlugin:80 - create IPUIPlugin
2025-12-26 22:33:41,044 [INFO] IPUIPlugin:80 - create IPUIPlugin
2025-12-26 22:33:41,044 [INFO] IPUIPlugin:80 - create IPUIPlugin
2025-12-26 22:33:41,044 [INFO] IPUIPlugin:80 - create IPUIPlugin
2025-12-26 22:33:41,044 [INFO] IPUIPlugin:80 - create IPUIPlugin
2025-12-26 22:33:41,044 [INFO] IPUIPlugin:80 - create IPUIPlugin
2025-12-26 22:33:41,044 [INFO] IPUIPlugin:80 - create IPUIPlugin
2025-12-26 22:33:41,044 [INFO] IPUIPlugin:80 - create IPUIPlugin
2025-12-26 22:33:41,044 [INFO] IPUIPlugin:80 - create IPUIPlugin
2025-12-26 22:33:41,045 [INFO] IPUIPlugin:80 - create IPUIPlugin
2025-12-26 22:33:41,046 [INFO] IPUIPlugin:80 - create IPUIPlugin
2025-12-26 22:33:41,046 [INFO] IPUIPlugin:80 - create IPUIPlugin
2025-12-26 22:33:41,046 [INFO] IPUIPlugin:80 - create IPUIPlugin
2025-12-26 22:33:41,046 [INFO] IPUIPlugin:80 - create IPUIPlugin
2025-12-26 22:33:41,046 [INFO] IPUIPlugin:80 - create IPUIPlugin
2025-12-26 22:33:41,046 [INFO] IPUIPlugin:80 - create IPUIPlugin
2025-12-26 22:33:41,046 [INFO] IPUIPlugin:80 - create IPUIPlugin
2025-12-26 22:33:41,047 [INFO] IPUIPlugin:80 - create IPUIPlugin
2025-12-26 22:33:41,047 [INFO] IPUIPlugin:80 - create IPUIPlugin
2025-12-26 22:33:41,047 [INFO] IPUIPlugin:80 - create IPUIPlugin
2025-12-26 22:33:41,047 [INFO] IPUIPlugin:80 - create IPUIPlugin
2025-12-26 22:33:41,047 [INFO] IPUIPlugin:80 - create IPUIPlugin
2025-12-26 22:33:41,047 [INFO] IPUIPlugin:80 - create IPUIPlugin
2025-12-26 22:33:41,047 [INFO] IPUIPlugin:80 - create IPUIPlugin
2025-12-26 22:33:41,047 [INFO] IPUIPlugin:80 - create IPUIPlugin
2025-12-26 22:33:41,047 [INFO] IPUIPlugin:80 - create IPUIPlugin
2025-12-26 22:33:41,047 [INFO] IPUIPlugin:80 - create IPUIPlugin
2025-12-26 22:33:41,048 [INFO] IPUIPlugin:80 - create IPUIPlugin
2025-12-26 22:33:41,048 [INFO] IPUIPlugin:80 - create IPUIPlugin
2025-12-26 22:33:41,048 [INFO] IPUIPlugin:80 - create IPUIPlugin
2025-12-26 22:33:41,048 [INFO] IPUIPlugin:80 - create IPUIPlugin
2025-12-26 22:33:41,048 [INFO] IPUIPlugin:80 - create IPUIPlugin
2025-12-26 22:33:41,048 [INFO] IPUIPlugin:80 - create IPUIPlugin
2025-12-26 22:33:41,048 [INFO] IPUIPlugin:80 - create IPUIPlugin
2025-12-26 22:33:41,048 [INFO] IPUIPlugin:80 - create IPUIPlugin
2025-12-26 22:33:41,048 [INFO] IPUIPlugin:80 - create IPUIPlugin
2025-12-26 22:33:41,048 [INFO] IPUIPlugin:80 - create IPUIPlugin
2025-12-26 22:33:41,048 [INFO] IPUIPlugin:80 - create IPUIPlugin
2025-12-26 22:33:41,048 [INFO] IPUIPlugin:80 - create IPUIPlugin
2025-12-26 22:33:41,049 [INFO] IPUIPlugin:80 - create IPUIPlugin
2025-12-26 22:33:41,049 [INFO] IPUIPlugin:80 - create IPUIPlugin
2025-12-26 22:33:41,049 [INFO] IPUIPlugin:80 - create IPUIPlugin
2025-12-26 22:33:41,049 [INFO] IPUIPlugin:80 - create IPUIPlugin
2025-12-26 22:33:41,049 [INFO] IPUIPlugin:80 - create IPUIPlugin
2025-12-26 22:33:41,049 [INFO] IPUIPlugin:80 - create IPUIPlugin
2025-12-26 22:33:41,049 [INFO] IPUIPlugin:80 - create IPUIPlugin
2025-12-26 22:33:41,049 [INFO] IPUIPlugin:80 - create IPUIPlugin
2025-12-26 22:33:41,049 [INFO] IPUIPlugin:80 - create IPUIPlugin
2025-12-26 22:33:41,049 [INFO] IPUIPlugin:80 - create IPUIPlugin
2025-12-26 22:33:41,049 [INFO] IPUIPlugin:80 - create IPUIPlugin
2025-12-26 22:33:41,049 [INFO] IPUIPlugin:80 - create IPUIPlugin
2025-12-26 22:33:41,049 [INFO] IPUIPlugin:80 - create IPUIPlugin
2025-12-26 22:33:41,049 [INFO] IPUIPlugin:80 - create IPUIPlugin
2025-12-26 22:33:41,049 [INFO] IPUIPlugin:80 - create IPUIPlugin
2025-12-26 22:33:41,049 [INFO] IPUIPlugin:80 - create IPUIPlugin
2025-12-26 22:33:41,049 [INFO] IPUIPlugin:80 - create IPUIPlugin
2025-12-26 22:33:41,050 [INFO] IPUIPlugin:80 - create IPUIPlugin
2025-12-26 22:33:41,050 [INFO] IPUIPlugin:80 - create IPUIPlugin
2025-12-26 22:33:41,050 [INFO] IPUIPlugin:80 - create IPUIPlugin
2025-12-26 22:33:41,050 [INFO] IPUIPlugin:80 - create IPUIPlugin
2025-12-26 22:33:41,050 [INFO] IPUIPlugin:80 - create IPUIPlugin
2025-12-26 22:33:41,050 [INFO] IPUIPlugin:80 - create IPUIPlugin
2025-12-26 22:33:41,050 [INFO] IPUIPlugin:80 - create IPUIPlugin
2025-12-26 22:33:41,050 [INFO] IPUIPlugin:80 - create IPUIPlugin
2025-12-26 22:33:41,051 [INFO] IPUIPlugin:80 - create IPUIPlugin
2025-12-26 22:33:41,051 [INFO] IPUIPlugin:80 - create IPUIPlugin
2025-12-26 22:33:41,051 [INFO] IPUIPlugin:80 - create IPUIPlugin
2025-12-26 22:33:41,051 [INFO] IPUIPlugin:80 - create IPUIPlugin
2025-12-26 22:33:41,051 [INFO] IPUIPlugin:80 - create IPUIPlugin
2025-12-26 22:33:41,051 [INFO] IPUIPlugin:80 - create IPUIPlugin
2025-12-26 22:33:41,052 [INFO] IPUIPlugin:80 - create IPUIPlugin
2025-12-26 22:33:41,052 [INFO] IPUIPlugin:80 - create IPUIPlugin
2025-12-26 22:33:41,062 [INFO] ProjectChoiceTab:3673 - Project Structure = Dual Non Secure / Secure
2025-12-26 22:33:41,106 [INFO] CADModel:165 - CPN selected for project levelSTM32H563VGT6
2025-12-26 22:33:41,106 [INFO] CADModel:114 - Register for checkConnection events
2025-12-26 22:33:41,154 [INFO] OpenFileManager:386 - Restore cursor
2025-12-26 22:33:41,226 [WARN] IP:2250 - DATAEXCHANGEDESRCBYTE_GPDMACH5 not found: check if there is a RefParameter without a condition.
2025-12-26 22:33:41,226 [WARN] IP:2250 - DATAEXCHANGEDESTHALFWORD_GPDMACH5 not found: check if there is a RefParameter without a condition.
2025-12-26 22:33:41,273 [WARN] IP:2250 - PinAttribute not found: check if there is a RefParameter without a condition.
2025-12-26 22:33:41,273 [WARN] IP:2250 - PinAttribute not found: check if there is a RefParameter without a condition.
2025-12-26 22:33:41,273 [WARN] IP:2250 - PinAttribute not found: check if there is a RefParameter without a condition.
2025-12-26 22:33:41,274 [WARN] IP:2250 - PinAttribute not found: check if there is a RefParameter without a condition.
2025-12-26 22:33:41,274 [WARN] IP:2250 - PinAttribute not found: check if there is a RefParameter without a condition.
2025-12-26 22:33:41,274 [WARN] IP:2250 - PinAttribute not found: check if there is a RefParameter without a condition.
2025-12-26 22:33:41,274 [WARN] IP:2250 - PinAttribute not found: check if there is a RefParameter without a condition.
2025-12-26 22:33:41,278 [WARN] IP:2250 - PinAttribute not found: check if there is a RefParameter without a condition.
2025-12-26 22:33:41,278 [WARN] IP:2250 - PinAttribute not found: check if there is a RefParameter without a condition.
2025-12-26 22:33:41,278 [WARN] IP:2250 - PinAttribute not found: check if there is a RefParameter without a condition.
2025-12-26 22:33:41,278 [WARN] IP:2250 - PinAttribute not found: check if there is a RefParameter without a condition.
2025-12-26 22:33:41,278 [WARN] IP:2250 - PinAttribute not found: check if there is a RefParameter without a condition.
2025-12-26 22:33:41,278 [WARN] IP:2250 - PinAttribute not found: check if there is a RefParameter without a condition.
2025-12-26 22:33:41,279 [WARN] IP:2250 - PinAttribute not found: check if there is a RefParameter without a condition.
2025-12-26 22:33:41,279 [WARN] IP:2250 - PinAttribute not found: check if there is a RefParameter without a condition.
2025-12-26 22:33:41,279 [WARN] IP:2250 - PinAttribute not found: check if there is a RefParameter without a condition.
2025-12-26 22:33:41,279 [WARN] IP:2250 - PinAttribute not found: check if there is a RefParameter without a condition.
2025-12-26 22:33:41,279 [WARN] IP:2250 - PinAttribute not found: check if there is a RefParameter without a condition.
2025-12-26 22:33:41,281 [WARN] IP:2250 - PinAttribute not found: check if there is a RefParameter without a condition.
2025-12-26 22:33:41,281 [WARN] IP:2250 - PinAttribute not found: check if there is a RefParameter without a condition.
2025-12-26 22:33:41,281 [WARN] IP:2250 - PinAttribute not found: check if there is a RefParameter without a condition.
2025-12-26 22:33:41,281 [WARN] IP:2250 - PinAttribute not found: check if there is a RefParameter without a condition.
2025-12-26 22:33:41,281 [WARN] IP:2250 - pwrPrivilegeSecure not found: check if there is a RefParameter without a condition.
2025-12-26 22:33:41,281 [WARN] IP:2250 - pwrPrivilegeNSecure not found: check if there is a RefParameter without a condition.
2025-12-26 22:33:41,281 [WARN] IP:2250 - PWR_WKUP1 not found: check if there is a RefParameter without a condition.
2025-12-26 22:33:41,281 [WARN] IP:2250 - PWR_WKUP2 not found: check if there is a RefParameter without a condition.
2025-12-26 22:33:41,281 [WARN] IP:2250 - PWR_WKUP3 not found: check if there is a RefParameter without a condition.
2025-12-26 22:33:41,281 [WARN] IP:2250 - PWR_WKUP4 not found: check if there is a RefParameter without a condition.
2025-12-26 22:33:41,281 [WARN] IP:2250 - PWR_WKUP5 not found: check if there is a RefParameter without a condition.
2025-12-26 22:33:41,281 [WARN] IP:2250 - PWR_WKUP6 not found: check if there is a RefParameter without a condition.
2025-12-26 22:33:41,281 [WARN] IP:2250 - PWR_WKUP7 not found: check if there is a RefParameter without a condition.
2025-12-26 22:33:41,281 [WARN] IP:2250 - PWR_WKUP8 not found: check if there is a RefParameter without a condition.
2025-12-26 22:33:41,281 [WARN] IP:2250 - PWR_LPM not found: check if there is a RefParameter without a condition.
2025-12-26 22:33:41,281 [WARN] IP:2250 - PWR_VB not found: check if there is a RefParameter without a condition.
2025-12-26 22:33:41,281 [WARN] IP:2250 - PWR_IO not found: check if there is a RefParameter without a condition.
2025-12-26 22:33:41,281 [WARN] IP:2250 - PWR_SCM not found: check if there is a RefParameter without a condition.
2025-12-26 22:33:41,281 [WARN] IP:2250 - PWR_VUSB not found: check if there is a RefParameter without a condition.
2025-12-26 22:33:41,282 [WARN] IP:2250 - pwrPrivilegeSecure not found: check if there is a RefParameter without a condition.
2025-12-26 22:33:41,282 [WARN] IP:2250 - pwrPrivilegeNSecure not found: check if there is a RefParameter without a condition.
2025-12-26 22:33:41,282 [WARN] IP:2250 - PWR_WKUP1 not found: check if there is a RefParameter without a condition.
2025-12-26 22:33:41,282 [WARN] IP:2250 - PWR_WKUP2 not found: check if there is a RefParameter without a condition.
2025-12-26 22:33:41,282 [WARN] IP:2250 - PWR_WKUP3 not found: check if there is a RefParameter without a condition.
2025-12-26 22:33:41,282 [WARN] IP:2250 - PWR_WKUP4 not found: check if there is a RefParameter without a condition.
2025-12-26 22:33:41,282 [WARN] IP:2250 - PWR_WKUP5 not found: check if there is a RefParameter without a condition.
2025-12-26 22:33:41,282 [WARN] IP:2250 - PWR_WKUP6 not found: check if there is a RefParameter without a condition.
2025-12-26 22:33:41,282 [WARN] IP:2250 - PWR_WKUP7 not found: check if there is a RefParameter without a condition.
2025-12-26 22:33:41,282 [WARN] IP:2250 - PWR_WKUP8 not found: check if there is a RefParameter without a condition.
2025-12-26 22:33:41,282 [WARN] IP:2250 - PWR_LPM not found: check if there is a RefParameter without a condition.
2025-12-26 22:33:41,282 [WARN] IP:2250 - PWR_VB not found: check if there is a RefParameter without a condition.
2025-12-26 22:33:41,282 [WARN] IP:2250 - PWR_IO not found: check if there is a RefParameter without a condition.
2025-12-26 22:33:41,282 [WARN] IP:2250 - PWR_SCM not found: check if there is a RefParameter without a condition.
2025-12-26 22:33:41,282 [WARN] IP:2250 - PWR_VUSB not found: check if there is a RefParameter without a condition.
2025-12-26 22:33:41,282 [WARN] IP:2250 - PinAttribute not found: check if there is a RefParameter without a condition.
2025-12-26 22:33:41,282 [WARN] IP:2250 - PinAttribute not found: check if there is a RefParameter without a condition.
2025-12-26 22:33:41,282 [WARN] IP:2250 - PinAttribute not found: check if there is a RefParameter without a condition.
2025-12-26 22:33:41,282 [WARN] IP:2250 - PinAttribute not found: check if there is a RefParameter without a condition.
2025-12-26 22:33:41,282 [WARN] IP:2250 - PinAttribute not found: check if there is a RefParameter without a condition.
2025-12-26 22:33:41,282 [WARN] IP:2250 - PinAttribute not found: check if there is a RefParameter without a condition.
2025-12-26 22:33:41,282 [WARN] IP:2250 - PinAttribute not found: check if there is a RefParameter without a condition.
2025-12-26 22:33:41,286 [WARN] IP:2250 - rccPrivilegeSecure not found: check if there is a RefParameter without a condition.
2025-12-26 22:33:41,286 [WARN] IP:2250 - rccSecurity not found: check if there is a RefParameter without a condition.
2025-12-26 22:33:41,292 [WARN] IP:2250 - rccPrivilegeSecure not found: check if there is a RefParameter without a condition.
2025-12-26 22:33:41,292 [WARN] IP:2250 - rccSecurity not found: check if there is a RefParameter without a condition.
2025-12-26 22:33:41,300 [WARN] IP:2250 - PinAttribute not found: check if there is a RefParameter without a condition.
2025-12-26 22:33:41,300 [WARN] IP:2250 - PinAttribute not found: check if there is a RefParameter without a condition.
2025-12-26 22:33:41,301 [WARN] IP:2250 - PinAttribute not found: check if there is a RefParameter without a condition.
2025-12-26 22:33:41,301 [WARN] IP:2250 - PinAttribute not found: check if there is a RefParameter without a condition.
2025-12-26 22:33:41,301 [WARN] IP:2250 - PinAttribute not found: check if there is a RefParameter without a condition.
2025-12-26 22:33:41,301 [WARN] IP:2250 - PinAttribute not found: check if there is a RefParameter without a condition.
2025-12-26 22:33:41,301 [WARN] IP:2250 - PinAttribute not found: check if there is a RefParameter without a condition.
2025-12-26 22:33:41,302 [WARN] IP:2250 - PinAttribute not found: check if there is a RefParameter without a condition.
2025-12-26 22:33:41,303 [WARN] IP:2250 - PinAttribute not found: check if there is a RefParameter without a condition.
2025-12-26 22:33:41,303 [WARN] IP:2250 - PinAttribute not found: check if there is a RefParameter without a condition.
2025-12-26 22:33:41,303 [WARN] IP:2250 - PinAttribute not found: check if there is a RefParameter without a condition.
2025-12-26 22:33:41,303 [WARN] IP:2250 - PinAttribute not found: check if there is a RefParameter without a condition.
2025-12-26 22:33:41,303 [WARN] IP:2250 - PinAttribute not found: check if there is a RefParameter without a condition.
2025-12-26 22:33:41,303 [WARN] IP:2250 - PinAttribute not found: check if there is a RefParameter without a condition.
2025-12-26 22:33:41,310 [WARN] IP:2250 - PinAttribute not found: check if there is a RefParameter without a condition.
2025-12-26 22:33:41,310 [WARN] IP:2250 - PinAttribute not found: check if there is a RefParameter without a condition.
2025-12-26 22:33:41,311 [WARN] IP:2250 - PinAttribute not found: check if there is a RefParameter without a condition.
2025-12-26 22:33:41,311 [WARN] IP:2250 - PinAttribute not found: check if there is a RefParameter without a condition.
2025-12-26 22:33:41,311 [WARN] IP:2250 - PinAttribute not found: check if there is a RefParameter without a condition.
2025-12-26 22:33:41,311 [WARN] IP:2250 - PinAttribute not found: check if there is a RefParameter without a condition.
2025-12-26 22:33:41,311 [WARN] IP:2250 - PinAttribute not found: check if there is a RefParameter without a condition.
2025-12-26 22:33:41,312 [WARN] IP:2250 - PinAttribute not found: check if there is a RefParameter without a condition.
2025-12-26 22:33:41,313 [WARN] IP:2250 - PinAttribute not found: check if there is a RefParameter without a condition.
2025-12-26 22:33:41,313 [WARN] IP:2250 - PinAttribute not found: check if there is a RefParameter without a condition.
2025-12-26 22:33:41,313 [WARN] IP:2250 - PinAttribute not found: check if there is a RefParameter without a condition.
2025-12-26 22:33:41,313 [WARN] IP:2250 - PinAttribute not found: check if there is a RefParameter without a condition.
2025-12-26 22:33:41,313 [WARN] IP:2250 - PinAttribute not found: check if there is a RefParameter without a condition.
2025-12-26 22:33:41,313 [WARN] IP:2250 - PinAttribute not found: check if there is a RefParameter without a condition.
2025-12-26 22:33:41,320 [WARN] IP:2250 - PinAttribute not found: check if there is a RefParameter without a condition.
2025-12-26 22:33:41,320 [WARN] IP:2250 - PinAttribute not found: check if there is a RefParameter without a condition.
2025-12-26 22:33:41,320 [WARN] IP:2250 - PinAttribute not found: check if there is a RefParameter without a condition.
2025-12-26 22:33:41,320 [WARN] IP:2250 - PinAttribute not found: check if there is a RefParameter without a condition.
2025-12-26 22:33:41,320 [WARN] IP:2250 - PinAttribute not found: check if there is a RefParameter without a condition.
2025-12-26 22:33:41,320 [WARN] IP:2250 - PinAttribute not found: check if there is a RefParameter without a condition.
2025-12-26 22:33:41,320 [WARN] IP:2250 - PinAttribute not found: check if there is a RefParameter without a condition.
2025-12-26 22:33:41,322 [WARN] IP:2250 - PinAttribute not found: check if there is a RefParameter without a condition.
2025-12-26 22:33:41,322 [WARN] IP:2250 - PinAttribute not found: check if there is a RefParameter without a condition.
2025-12-26 22:33:41,322 [WARN] IP:2250 - PinAttribute not found: check if there is a RefParameter without a condition.
2025-12-26 22:33:41,322 [WARN] IP:2250 - PinAttribute not found: check if there is a RefParameter without a condition.
2025-12-26 22:33:41,322 [WARN] IP:2250 - PinAttribute not found: check if there is a RefParameter without a condition.
2025-12-26 22:33:41,322 [WARN] IP:2250 - PinAttribute not found: check if there is a RefParameter without a condition.
2025-12-26 22:33:41,322 [WARN] IP:2250 - PinAttribute not found: check if there is a RefParameter without a condition.
2025-12-26 22:33:41,329 [WARN] IP:2250 - PinAttribute not found: check if there is a RefParameter without a condition.
2025-12-26 22:33:41,329 [WARN] IP:2250 - PinAttribute not found: check if there is a RefParameter without a condition.
2025-12-26 22:33:41,329 [WARN] IP:2250 - PinAttribute not found: check if there is a RefParameter without a condition.
2025-12-26 22:33:41,329 [WARN] IP:2250 - PinAttribute not found: check if there is a RefParameter without a condition.
2025-12-26 22:33:41,329 [WARN] IP:2250 - PinAttribute not found: check if there is a RefParameter without a condition.
2025-12-26 22:33:41,330 [WARN] IP:2250 - PinAttribute not found: check if there is a RefParameter without a condition.
2025-12-26 22:33:41,330 [WARN] IP:2250 - PinAttribute not found: check if there is a RefParameter without a condition.
2025-12-26 22:33:41,350 [WARN] IP:2250 - PinAttribute not found: check if there is a RefParameter without a condition.
2025-12-26 22:33:41,351 [WARN] IP:2250 - PinAttribute not found: check if there is a RefParameter without a condition.
2025-12-26 22:33:41,351 [WARN] IP:2250 - PinAttribute not found: check if there is a RefParameter without a condition.
2025-12-26 22:33:41,351 [WARN] IP:2250 - PinAttribute not found: check if there is a RefParameter without a condition.
2025-12-26 22:33:41,351 [WARN] IP:2250 - PinAttribute not found: check if there is a RefParameter without a condition.
2025-12-26 22:33:41,351 [WARN] IP:2250 - PinAttribute not found: check if there is a RefParameter without a condition.
2025-12-26 22:33:41,351 [WARN] IP:2250 - PinAttribute not found: check if there is a RefParameter without a condition.
2025-12-26 22:33:41,359 [WARN] IP:2250 - PinAttribute not found: check if there is a RefParameter without a condition.
2025-12-26 22:33:41,359 [WARN] IP:2250 - PinAttribute not found: check if there is a RefParameter without a condition.
2025-12-26 22:33:41,359 [WARN] IP:2250 - PinAttribute not found: check if there is a RefParameter without a condition.
2025-12-26 22:33:41,359 [WARN] IP:2250 - PinAttribute not found: check if there is a RefParameter without a condition.
2025-12-26 22:33:41,359 [WARN] IP:2250 - PinAttribute not found: check if there is a RefParameter without a condition.
2025-12-26 22:33:41,359 [WARN] IP:2250 - PinAttribute not found: check if there is a RefParameter without a condition.
2025-12-26 22:33:41,359 [WARN] IP:2250 - PinAttribute not found: check if there is a RefParameter without a condition.
2025-12-26 22:33:41,361 [WARN] IP:2250 - PinAttribute not found: check if there is a RefParameter without a condition.
2025-12-26 22:33:41,361 [WARN] IP:2250 - PinAttribute not found: check if there is a RefParameter without a condition.
2025-12-26 22:33:41,361 [WARN] IP:2250 - PinAttribute not found: check if there is a RefParameter without a condition.
2025-12-26 22:33:41,361 [WARN] IP:2250 - PinAttribute not found: check if there is a RefParameter without a condition.
2025-12-26 22:33:41,361 [WARN] IP:2250 - PinAttribute not found: check if there is a RefParameter without a condition.
2025-12-26 22:33:41,361 [WARN] IP:2250 - PinAttribute not found: check if there is a RefParameter without a condition.
2025-12-26 22:33:41,361 [WARN] IP:2250 - PinAttribute not found: check if there is a RefParameter without a condition.
2025-12-26 22:33:41,368 [WARN] IP:2250 - PinAttribute not found: check if there is a RefParameter without a condition.
2025-12-26 22:33:41,368 [WARN] IP:2250 - PinAttribute not found: check if there is a RefParameter without a condition.
2025-12-26 22:33:41,368 [WARN] IP:2250 - PinAttribute not found: check if there is a RefParameter without a condition.
2025-12-26 22:33:41,368 [WARN] IP:2250 - PinAttribute not found: check if there is a RefParameter without a condition.
2025-12-26 22:33:41,368 [WARN] IP:2250 - PinAttribute not found: check if there is a RefParameter without a condition.
2025-12-26 22:33:41,368 [WARN] IP:2250 - PinAttribute not found: check if there is a RefParameter without a condition.
2025-12-26 22:33:41,368 [WARN] IP:2250 - PinAttribute not found: check if there is a RefParameter without a condition.
2025-12-26 22:33:41,369 [WARN] IP:2250 - PinAttribute not found: check if there is a RefParameter without a condition.
2025-12-26 22:33:41,369 [WARN] IP:2250 - PinAttribute not found: check if there is a RefParameter without a condition.
2025-12-26 22:33:41,369 [WARN] IP:2250 - PinAttribute not found: check if there is a RefParameter without a condition.
2025-12-26 22:33:41,369 [WARN] IP:2250 - PinAttribute not found: check if there is a RefParameter without a condition.
2025-12-26 22:33:41,369 [WARN] IP:2250 - PinAttribute not found: check if there is a RefParameter without a condition.
2025-12-26 22:33:41,369 [WARN] IP:2250 - PinAttribute not found: check if there is a RefParameter without a condition.
2025-12-26 22:33:41,370 [WARN] IP:2250 - PinAttribute not found: check if there is a RefParameter without a condition.
2025-12-26 22:33:41,376 [WARN] IP:2250 - PinAttribute not found: check if there is a RefParameter without a condition.
2025-12-26 22:33:41,376 [WARN] IP:2250 - PinAttribute not found: check if there is a RefParameter without a condition.
2025-12-26 22:33:41,376 [WARN] IP:2250 - PinAttribute not found: check if there is a RefParameter without a condition.
2025-12-26 22:33:41,376 [WARN] IP:2250 - PinAttribute not found: check if there is a RefParameter without a condition.
2025-12-26 22:33:41,377 [WARN] IP:2250 - PinAttribute not found: check if there is a RefParameter without a condition.
2025-12-26 22:33:41,377 [WARN] IP:2250 - PinAttribute not found: check if there is a RefParameter without a condition.
2025-12-26 22:33:41,377 [WARN] IP:2250 - PinAttribute not found: check if there is a RefParameter without a condition.
2025-12-26 22:33:41,378 [WARN] IP:2250 - PinAttribute not found: check if there is a RefParameter without a condition.
2025-12-26 22:33:41,378 [WARN] IP:2250 - PinAttribute not found: check if there is a RefParameter without a condition.
2025-12-26 22:33:41,378 [WARN] IP:2250 - PinAttribute not found: check if there is a RefParameter without a condition.
2025-12-26 22:33:41,378 [WARN] IP:2250 - PinAttribute not found: check if there is a RefParameter without a condition.
2025-12-26 22:33:41,378 [WARN] IP:2250 - PinAttribute not found: check if there is a RefParameter without a condition.
2025-12-26 22:33:41,378 [WARN] IP:2250 - PinAttribute not found: check if there is a RefParameter without a condition.
2025-12-26 22:33:41,378 [WARN] IP:2250 - PinAttribute not found: check if there is a RefParameter without a condition.
2025-12-26 22:33:41,379 [WARN] IP:2250 - PinAttribute not found: check if there is a RefParameter without a condition.
2025-12-26 22:33:41,379 [WARN] IP:2250 - PinAttribute not found: check if there is a RefParameter without a condition.
2025-12-26 22:33:41,379 [WARN] IP:2250 - PinAttribute not found: check if there is a RefParameter without a condition.
2025-12-26 22:33:41,379 [WARN] IP:2250 - PinAttribute not found: check if there is a RefParameter without a condition.
2025-12-26 22:33:41,379 [WARN] IP:2250 - PinAttribute not found: check if there is a RefParameter without a condition.
2025-12-26 22:33:41,379 [WARN] IP:2250 - PinAttribute not found: check if there is a RefParameter without a condition.
2025-12-26 22:33:41,379 [WARN] IP:2250 - PinAttribute not found: check if there is a RefParameter without a condition.
2025-12-26 22:33:41,382 [WARN] IP:2250 - DATAEXCHANGEDESRCBYTE_GPDMACH5 not found: check if there is a RefParameter without a condition.
2025-12-26 22:33:41,382 [WARN] IP:2250 - DATAEXCHANGEDESTHALFWORD_GPDMACH5 not found: check if there is a RefParameter without a condition.
2025-12-26 22:33:41,386 [WARN] IP:2250 - DATAEXCHANGEDESRCBYTE_GPDMACH5 not found: check if there is a RefParameter without a condition.
2025-12-26 22:33:41,386 [WARN] IP:2250 - DATAEXCHANGEDESTHALFWORD_GPDMACH5 not found: check if there is a RefParameter without a condition.
2025-12-26 22:33:41,388 [WARN] IP:2250 - PinAttribute not found: check if there is a RefParameter without a condition.
2025-12-26 22:33:41,388 [WARN] IP:2250 - PinAttribute not found: check if there is a RefParameter without a condition.
2025-12-26 22:33:41,388 [WARN] IP:2250 - PinAttribute not found: check if there is a RefParameter without a condition.
2025-12-26 22:33:41,388 [WARN] IP:2250 - PinAttribute not found: check if there is a RefParameter without a condition.
2025-12-26 22:33:41,388 [WARN] IP:2250 - PinAttribute not found: check if there is a RefParameter without a condition.
2025-12-26 22:33:41,389 [WARN] IP:2250 - PinAttribute not found: check if there is a RefParameter without a condition.
2025-12-26 22:33:41,389 [WARN] IP:2250 - PinAttribute not found: check if there is a RefParameter without a condition.
2025-12-26 22:33:41,400 [WARN] IP:2250 - PinAttribute not found: check if there is a RefParameter without a condition.
2025-12-26 22:33:41,400 [WARN] IP:2250 - PinAttribute not found: check if there is a RefParameter without a condition.
2025-12-26 22:33:41,400 [WARN] IP:2250 - PinAttribute not found: check if there is a RefParameter without a condition.
2025-12-26 22:33:41,400 [WARN] IP:2250 - PinAttribute not found: check if there is a RefParameter without a condition.
2025-12-26 22:33:41,401 [WARN] IP:2250 - PinAttribute not found: check if there is a RefParameter without a condition.
2025-12-26 22:33:41,401 [WARN] IP:2250 - PinAttribute not found: check if there is a RefParameter without a condition.
2025-12-26 22:33:41,401 [WARN] IP:2250 - PinAttribute not found: check if there is a RefParameter without a condition.
2025-12-26 22:33:41,406 [WARN] IP:2250 - PinAttribute not found: check if there is a RefParameter without a condition.
2025-12-26 22:33:41,406 [WARN] IP:2250 - PinAttribute not found: check if there is a RefParameter without a condition.
2025-12-26 22:33:41,407 [WARN] IP:2250 - PinAttribute not found: check if there is a RefParameter without a condition.
2025-12-26 22:33:41,407 [WARN] IP:2250 - PinAttribute not found: check if there is a RefParameter without a condition.
2025-12-26 22:33:41,407 [WARN] IP:2250 - PinAttribute not found: check if there is a RefParameter without a condition.
2025-12-26 22:33:41,407 [WARN] IP:2250 - PinAttribute not found: check if there is a RefParameter without a condition.
2025-12-26 22:33:41,407 [WARN] IP:2250 - PinAttribute not found: check if there is a RefParameter without a condition.
2025-12-26 22:33:41,408 [WARN] IP:2250 - PinAttribute not found: check if there is a RefParameter without a condition.
2025-12-26 22:33:41,408 [WARN] IP:2250 - PinAttribute not found: check if there is a RefParameter without a condition.
2025-12-26 22:33:41,408 [WARN] IP:2250 - PinAttribute not found: check if there is a RefParameter without a condition.
2025-12-26 22:33:41,408 [WARN] IP:2250 - PinAttribute not found: check if there is a RefParameter without a condition.
2025-12-26 22:33:41,409 [WARN] IP:2250 - PinAttribute not found: check if there is a RefParameter without a condition.
2025-12-26 22:33:41,410 [WARN] IP:2250 - PinAttribute not found: check if there is a RefParameter without a condition.
2025-12-26 22:33:41,410 [WARN] IP:2250 - PinAttribute not found: check if there is a RefParameter without a condition.
2025-12-26 22:33:41,416 [WARN] IP:2250 - PinAttribute not found: check if there is a RefParameter without a condition.
2025-12-26 22:33:41,416 [WARN] IP:2250 - PinAttribute not found: check if there is a RefParameter without a condition.
2025-12-26 22:33:41,416 [WARN] IP:2250 - PinAttribute not found: check if there is a RefParameter without a condition.
2025-12-26 22:33:41,416 [WARN] IP:2250 - PinAttribute not found: check if there is a RefParameter without a condition.
2025-12-26 22:33:41,417 [WARN] IP:2250 - PinAttribute not found: check if there is a RefParameter without a condition.
2025-12-26 22:33:41,417 [WARN] IP:2250 - PinAttribute not found: check if there is a RefParameter without a condition.
2025-12-26 22:33:41,417 [WARN] IP:2250 - PinAttribute not found: check if there is a RefParameter without a condition.
2025-12-26 22:33:41,418 [WARN] IP:2250 - PinAttribute not found: check if there is a RefParameter without a condition.
2025-12-26 22:33:41,418 [WARN] IP:2250 - PinAttribute not found: check if there is a RefParameter without a condition.
2025-12-26 22:33:41,418 [WARN] IP:2250 - PinAttribute not found: check if there is a RefParameter without a condition.
2025-12-26 22:33:41,418 [WARN] IP:2250 - PinAttribute not found: check if there is a RefParameter without a condition.
2025-12-26 22:33:41,418 [WARN] IP:2250 - PinAttribute not found: check if there is a RefParameter without a condition.
2025-12-26 22:33:41,418 [WARN] IP:2250 - PinAttribute not found: check if there is a RefParameter without a condition.
2025-12-26 22:33:41,418 [WARN] IP:2250 - PinAttribute not found: check if there is a RefParameter without a condition.
2025-12-26 22:33:41,424 [WARN] IP:2250 - PinAttribute not found: check if there is a RefParameter without a condition.
2025-12-26 22:33:41,424 [WARN] IP:2250 - PinAttribute not found: check if there is a RefParameter without a condition.
2025-12-26 22:33:41,424 [WARN] IP:2250 - PinAttribute not found: check if there is a RefParameter without a condition.
2025-12-26 22:33:41,424 [WARN] IP:2250 - PinAttribute not found: check if there is a RefParameter without a condition.
2025-12-26 22:33:41,424 [WARN] IP:2250 - PinAttribute not found: check if there is a RefParameter without a condition.
2025-12-26 22:33:41,424 [WARN] IP:2250 - PinAttribute not found: check if there is a RefParameter without a condition.
2025-12-26 22:33:41,424 [WARN] IP:2250 - PinAttribute not found: check if there is a RefParameter without a condition.
2025-12-26 22:33:41,425 [WARN] IP:2250 - PinAttribute not found: check if there is a RefParameter without a condition.
2025-12-26 22:33:41,425 [WARN] IP:2250 - PinAttribute not found: check if there is a RefParameter without a condition.
2025-12-26 22:33:41,425 [WARN] IP:2250 - PinAttribute not found: check if there is a RefParameter without a condition.
2025-12-26 22:33:41,425 [WARN] IP:2250 - PinAttribute not found: check if there is a RefParameter without a condition.
2025-12-26 22:33:41,425 [WARN] IP:2250 - PinAttribute not found: check if there is a RefParameter without a condition.
2025-12-26 22:33:41,426 [WARN] IP:2250 - PinAttribute not found: check if there is a RefParameter without a condition.
2025-12-26 22:33:41,426 [WARN] IP:2250 - PinAttribute not found: check if there is a RefParameter without a condition.
2025-12-26 22:33:41,432 [WARN] IP:2250 - PinAttribute not found: check if there is a RefParameter without a condition.
2025-12-26 22:33:41,432 [WARN] IP:2250 - PinAttribute not found: check if there is a RefParameter without a condition.
2025-12-26 22:33:41,432 [WARN] IP:2250 - PinAttribute not found: check if there is a RefParameter without a condition.
2025-12-26 22:33:41,432 [WARN] IP:2250 - PinAttribute not found: check if there is a RefParameter without a condition.
2025-12-26 22:33:41,432 [WARN] IP:2250 - PinAttribute not found: check if there is a RefParameter without a condition.
2025-12-26 22:33:41,432 [WARN] IP:2250 - PinAttribute not found: check if there is a RefParameter without a condition.
2025-12-26 22:33:41,432 [WARN] IP:2250 - PinAttribute not found: check if there is a RefParameter without a condition.
2025-12-26 22:33:41,433 [WARN] IP:2250 - PinAttribute not found: check if there is a RefParameter without a condition.
2025-12-26 22:33:41,433 [WARN] IP:2250 - PinAttribute not found: check if there is a RefParameter without a condition.
2025-12-26 22:33:41,433 [WARN] IP:2250 - PinAttribute not found: check if there is a RefParameter without a condition.
2025-12-26 22:33:41,433 [WARN] IP:2250 - PinAttribute not found: check if there is a RefParameter without a condition.
2025-12-26 22:33:41,433 [WARN] IP:2250 - PinAttribute not found: check if there is a RefParameter without a condition.
2025-12-26 22:33:41,433 [WARN] IP:2250 - PinAttribute not found: check if there is a RefParameter without a condition.
2025-12-26 22:33:41,433 [WARN] IP:2250 - PinAttribute not found: check if there is a RefParameter without a condition.
2025-12-26 22:33:41,439 [WARN] IP:2250 - PinAttribute not found: check if there is a RefParameter without a condition.
2025-12-26 22:33:41,439 [WARN] IP:2250 - PinAttribute not found: check if there is a RefParameter without a condition.
2025-12-26 22:33:41,439 [WARN] IP:2250 - PinAttribute not found: check if there is a RefParameter without a condition.
2025-12-26 22:33:41,439 [WARN] IP:2250 - PinAttribute not found: check if there is a RefParameter without a condition.
2025-12-26 22:33:41,439 [WARN] IP:2250 - PinAttribute not found: check if there is a RefParameter without a condition.
2025-12-26 22:33:41,439 [WARN] IP:2250 - PinAttribute not found: check if there is a RefParameter without a condition.
2025-12-26 22:33:41,439 [WARN] IP:2250 - PinAttribute not found: check if there is a RefParameter without a condition.
2025-12-26 22:33:41,440 [WARN] IP:2250 - PinAttribute not found: check if there is a RefParameter without a condition.
2025-12-26 22:33:41,440 [WARN] IP:2250 - PinAttribute not found: check if there is a RefParameter without a condition.
2025-12-26 22:33:41,440 [WARN] IP:2250 - PinAttribute not found: check if there is a RefParameter without a condition.
2025-12-26 22:33:41,441 [WARN] IP:2250 - PinAttribute not found: check if there is a RefParameter without a condition.
2025-12-26 22:33:41,441 [WARN] IP:2250 - PinAttribute not found: check if there is a RefParameter without a condition.
2025-12-26 22:33:41,441 [WARN] IP:2250 - PinAttribute not found: check if there is a RefParameter without a condition.
2025-12-26 22:33:41,441 [WARN] IP:2250 - PinAttribute not found: check if there is a RefParameter without a condition.
2025-12-26 22:33:41,447 [WARN] IP:2250 - PinAttribute not found: check if there is a RefParameter without a condition.
2025-12-26 22:33:41,447 [WARN] IP:2250 - PinAttribute not found: check if there is a RefParameter without a condition.
2025-12-26 22:33:41,447 [WARN] IP:2250 - PinAttribute not found: check if there is a RefParameter without a condition.
2025-12-26 22:33:41,447 [WARN] IP:2250 - PinAttribute not found: check if there is a RefParameter without a condition.
2025-12-26 22:33:41,447 [WARN] IP:2250 - PinAttribute not found: check if there is a RefParameter without a condition.
2025-12-26 22:33:41,447 [WARN] IP:2250 - PinAttribute not found: check if there is a RefParameter without a condition.
2025-12-26 22:33:41,447 [WARN] IP:2250 - PinAttribute not found: check if there is a RefParameter without a condition.
2025-12-26 22:33:41,448 [WARN] IP:2250 - PinAttribute not found: check if there is a RefParameter without a condition.
2025-12-26 22:33:41,448 [WARN] IP:2250 - PinAttribute not found: check if there is a RefParameter without a condition.
2025-12-26 22:33:41,448 [WARN] IP:2250 - PinAttribute not found: check if there is a RefParameter without a condition.
2025-12-26 22:33:41,448 [WARN] IP:2250 - PinAttribute not found: check if there is a RefParameter without a condition.
2025-12-26 22:33:41,448 [WARN] IP:2250 - PinAttribute not found: check if there is a RefParameter without a condition.
2025-12-26 22:33:41,448 [WARN] IP:2250 - PinAttribute not found: check if there is a RefParameter without a condition.
2025-12-26 22:33:41,448 [WARN] IP:2250 - PinAttribute not found: check if there is a RefParameter without a condition.
2025-12-26 22:33:41,454 [WARN] IP:2250 - PinAttribute not found: check if there is a RefParameter without a condition.
2025-12-26 22:33:41,454 [WARN] IP:2250 - PinAttribute not found: check if there is a RefParameter without a condition.
2025-12-26 22:33:41,454 [WARN] IP:2250 - PinAttribute not found: check if there is a RefParameter without a condition.
2025-12-26 22:33:41,454 [WARN] IP:2250 - PinAttribute not found: check if there is a RefParameter without a condition.
2025-12-26 22:33:41,454 [WARN] IP:2250 - PinAttribute not found: check if there is a RefParameter without a condition.
2025-12-26 22:33:41,454 [WARN] IP:2250 - PinAttribute not found: check if there is a RefParameter without a condition.
2025-12-26 22:33:41,454 [WARN] IP:2250 - PinAttribute not found: check if there is a RefParameter without a condition.
2025-12-26 22:33:41,456 [WARN] IP:2250 - PinAttribute not found: check if there is a RefParameter without a condition.
2025-12-26 22:33:41,456 [WARN] IP:2250 - PinAttribute not found: check if there is a RefParameter without a condition.
2025-12-26 22:33:41,456 [WARN] IP:2250 - PinAttribute not found: check if there is a RefParameter without a condition.
2025-12-26 22:33:41,456 [WARN] IP:2250 - PinAttribute not found: check if there is a RefParameter without a condition.
2025-12-26 22:33:41,456 [WARN] IP:2250 - PinAttribute not found: check if there is a RefParameter without a condition.
2025-12-26 22:33:41,456 [WARN] IP:2250 - PinAttribute not found: check if there is a RefParameter without a condition.
2025-12-26 22:33:41,456 [WARN] IP:2250 - PinAttribute not found: check if there is a RefParameter without a condition.
2025-12-26 22:33:41,457 [WARN] IP:2250 - PinAttribute not found: check if there is a RefParameter without a condition.
2025-12-26 22:33:41,457 [WARN] IP:2250 - PinAttribute not found: check if there is a RefParameter without a condition.
2025-12-26 22:33:41,457 [WARN] IP:2250 - PinAttribute not found: check if there is a RefParameter without a condition.
2025-12-26 22:33:41,457 [WARN] IP:2250 - PinAttribute not found: check if there is a RefParameter without a condition.
2025-12-26 22:33:41,457 [WARN] IP:2250 - PinAttribute not found: check if there is a RefParameter without a condition.
2025-12-26 22:33:41,457 [WARN] IP:2250 - PinAttribute not found: check if there is a RefParameter without a condition.
2025-12-26 22:33:41,457 [WARN] IP:2250 - PinAttribute not found: check if there is a RefParameter without a condition.
2025-12-26 22:33:41,458 [WARN] IP:2250 - PinAttribute not found: check if there is a RefParameter without a condition.
2025-12-26 22:33:41,458 [WARN] IP:2250 - PinAttribute not found: check if there is a RefParameter without a condition.
2025-12-26 22:33:41,458 [WARN] IP:2250 - PinAttribute not found: check if there is a RefParameter without a condition.
2025-12-26 22:33:41,458 [WARN] IP:2250 - PinAttribute not found: check if there is a RefParameter without a condition.
2025-12-26 22:33:41,458 [WARN] IP:2250 - PinAttribute not found: check if there is a RefParameter without a condition.
2025-12-26 22:33:41,458 [WARN] IP:2250 - PinAttribute not found: check if there is a RefParameter without a condition.
2025-12-26 22:33:41,458 [WARN] IP:2250 - PinAttribute not found: check if there is a RefParameter without a condition.
2025-12-26 22:33:41,461 [WARN] IP:2250 - PinAttribute not found: check if there is a RefParameter without a condition.
2025-12-26 22:33:41,461 [WARN] IP:2250 - PinAttribute not found: check if there is a RefParameter without a condition.
2025-12-26 22:33:41,461 [WARN] IP:2250 - PinAttribute not found: check if there is a RefParameter without a condition.
2025-12-26 22:33:41,461 [WARN] IP:2250 - PinAttribute not found: check if there is a RefParameter without a condition.
2025-12-26 22:33:41,461 [WARN] IP:2250 - PinAttribute not found: check if there is a RefParameter without a condition.
2025-12-26 22:33:41,461 [WARN] IP:2250 - PinAttribute not found: check if there is a RefParameter without a condition.
2025-12-26 22:33:41,461 [WARN] IP:2250 - PinAttribute not found: check if there is a RefParameter without a condition.
2025-12-26 22:33:41,468 [WARN] IP:2250 - PinAttribute not found: check if there is a RefParameter without a condition.
2025-12-26 22:33:41,468 [WARN] IP:2250 - PinAttribute not found: check if there is a RefParameter without a condition.
2025-12-26 22:33:41,468 [WARN] IP:2250 - PinAttribute not found: check if there is a RefParameter without a condition.
2025-12-26 22:33:41,468 [WARN] IP:2250 - PinAttribute not found: check if there is a RefParameter without a condition.
2025-12-26 22:33:41,468 [WARN] IP:2250 - PinAttribute not found: check if there is a RefParameter without a condition.
2025-12-26 22:33:41,468 [WARN] IP:2250 - PinAttribute not found: check if there is a RefParameter without a condition.
2025-12-26 22:33:41,468 [WARN] IP:2250 - PinAttribute not found: check if there is a RefParameter without a condition.
2025-12-26 22:33:41,469 [WARN] IP:2250 - PinAttribute not found: check if there is a RefParameter without a condition.
2025-12-26 22:33:41,469 [WARN] IP:2250 - PinAttribute not found: check if there is a RefParameter without a condition.
2025-12-26 22:33:41,469 [WARN] IP:2250 - PinAttribute not found: check if there is a RefParameter without a condition.
2025-12-26 22:33:41,469 [WARN] IP:2250 - PinAttribute not found: check if there is a RefParameter without a condition.
2025-12-26 22:33:41,469 [WARN] IP:2250 - PinAttribute not found: check if there is a RefParameter without a condition.
2025-12-26 22:33:41,469 [WARN] IP:2250 - PinAttribute not found: check if there is a RefParameter without a condition.
2025-12-26 22:33:41,469 [WARN] IP:2250 - PinAttribute not found: check if there is a RefParameter without a condition.
2025-12-26 22:33:41,471 [WARN] IP:2250 - PinAttribute not found: check if there is a RefParameter without a condition.
2025-12-26 22:33:41,471 [WARN] IP:2250 - PinAttribute not found: check if there is a RefParameter without a condition.
2025-12-26 22:33:41,471 [WARN] IP:2250 - PinAttribute not found: check if there is a RefParameter without a condition.
2025-12-26 22:33:41,471 [WARN] IP:2250 - PinAttribute not found: check if there is a RefParameter without a condition.
2025-12-26 22:33:41,471 [WARN] IP:2250 - PinAttribute not found: check if there is a RefParameter without a condition.
2025-12-26 22:33:41,471 [WARN] IP:2250 - PinAttribute not found: check if there is a RefParameter without a condition.
2025-12-26 22:33:41,471 [WARN] IP:2250 - PinAttribute not found: check if there is a RefParameter without a condition.
2025-12-26 22:33:41,472 [WARN] IP:2250 - PinAttribute not found: check if there is a RefParameter without a condition.
2025-12-26 22:33:41,472 [WARN] IP:2250 - PinAttribute not found: check if there is a RefParameter without a condition.
2025-12-26 22:33:41,472 [WARN] IP:2250 - PinAttribute not found: check if there is a RefParameter without a condition.
2025-12-26 22:33:41,472 [WARN] IP:2250 - PinAttribute not found: check if there is a RefParameter without a condition.
2025-12-26 22:33:41,472 [WARN] IP:2250 - PinAttribute not found: check if there is a RefParameter without a condition.
2025-12-26 22:33:41,472 [WARN] IP:2250 - PinAttribute not found: check if there is a RefParameter without a condition.
2025-12-26 22:33:41,472 [WARN] IP:2250 - PinAttribute not found: check if there is a RefParameter without a condition.
2025-12-26 22:33:41,472 [WARN] IP:2250 - PinAttribute not found: check if there is a RefParameter without a condition.
2025-12-26 22:33:41,472 [WARN] IP:2250 - PinAttribute not found: check if there is a RefParameter without a condition.
2025-12-26 22:33:41,473 [WARN] IP:2250 - PinAttribute not found: check if there is a RefParameter without a condition.
2025-12-26 22:33:41,473 [WARN] IP:2250 - PinAttribute not found: check if there is a RefParameter without a condition.
2025-12-26 22:33:41,473 [WARN] IP:2250 - PinAttribute not found: check if there is a RefParameter without a condition.
2025-12-26 22:33:41,473 [WARN] IP:2250 - PinAttribute not found: check if there is a RefParameter without a condition.
2025-12-26 22:33:41,473 [WARN] IP:2250 - PinAttribute not found: check if there is a RefParameter without a condition.
2025-12-26 22:33:41,473 [WARN] IP:2250 - PinAttribute not found: check if there is a RefParameter without a condition.
2025-12-26 22:33:41,473 [WARN] IP:2250 - PinAttribute not found: check if there is a RefParameter without a condition.
2025-12-26 22:33:41,474 [WARN] IP:2250 - PinAttribute not found: check if there is a RefParameter without a condition.
2025-12-26 22:33:41,474 [WARN] IP:2250 - PinAttribute not found: check if there is a RefParameter without a condition.
2025-12-26 22:33:41,474 [WARN] IP:2250 - PinAttribute not found: check if there is a RefParameter without a condition.
2025-12-26 22:33:41,474 [WARN] IP:2250 - PinAttribute not found: check if there is a RefParameter without a condition.
2025-12-26 22:33:41,474 [WARN] IP:2250 - PinAttribute not found: check if there is a RefParameter without a condition.
2025-12-26 22:33:41,474 [WARN] IP:2250 - PinAttribute not found: check if there is a RefParameter without a condition.
2025-12-26 22:33:41,474 [WARN] IP:2250 - PinAttribute not found: check if there is a RefParameter without a condition.
2025-12-26 22:33:41,474 [WARN] IP:2250 - PinAttribute not found: check if there is a RefParameter without a condition.
2025-12-26 22:33:41,474 [WARN] IP:2250 - PinAttribute not found: check if there is a RefParameter without a condition.
2025-12-26 22:33:41,475 [WARN] IP:2250 - PinAttribute not found: check if there is a RefParameter without a condition.
2025-12-26 22:33:41,475 [WARN] IP:2250 - PinAttribute not found: check if there is a RefParameter without a condition.
2025-12-26 22:33:41,475 [WARN] IP:2250 - PinAttribute not found: check if there is a RefParameter without a condition.
2025-12-26 22:33:41,475 [WARN] IP:2250 - PinAttribute not found: check if there is a RefParameter without a condition.
2025-12-26 22:33:41,475 [WARN] IP:2250 - PinAttribute not found: check if there is a RefParameter without a condition.
2025-12-26 22:33:41,475 [WARN] IP:2250 - PinAttribute not found: check if there is a RefParameter without a condition.
2025-12-26 22:33:41,475 [WARN] IP:2250 - PinAttribute not found: check if there is a RefParameter without a condition.
2025-12-26 22:33:41,475 [WARN] IP:2250 - PinAttribute not found: check if there is a RefParameter without a condition.
2025-12-26 22:33:41,475 [WARN] IP:2250 - PinAttribute not found: check if there is a RefParameter without a condition.
2025-12-26 22:33:41,475 [WARN] IP:2250 - PinAttribute not found: check if there is a RefParameter without a condition.
2025-12-26 22:33:41,475 [WARN] IP:2250 - PinAttribute not found: check if there is a RefParameter without a condition.
2025-12-26 22:33:41,475 [WARN] IP:2250 - PinAttribute not found: check if there is a RefParameter without a condition.
2025-12-26 22:33:41,475 [WARN] IP:2250 - PinAttribute not found: check if there is a RefParameter without a condition.
2025-12-26 22:33:41,476 [WARN] IP:2250 - PinAttribute not found: check if there is a RefParameter without a condition.
2025-12-26 22:33:41,476 [WARN] IP:2250 - PinAttribute not found: check if there is a RefParameter without a condition.
2025-12-26 22:33:41,476 [WARN] IP:2250 - PinAttribute not found: check if there is a RefParameter without a condition.
2025-12-26 22:33:41,476 [WARN] IP:2250 - PinAttribute not found: check if there is a RefParameter without a condition.
2025-12-26 22:33:41,476 [WARN] IP:2250 - PinAttribute not found: check if there is a RefParameter without a condition.
2025-12-26 22:33:41,476 [WARN] IP:2250 - PinAttribute not found: check if there is a RefParameter without a condition.
2025-12-26 22:33:41,476 [WARN] IP:2250 - PinAttribute not found: check if there is a RefParameter without a condition.
2025-12-26 22:33:41,476 [WARN] IP:2250 - PinAttribute not found: check if there is a RefParameter without a condition.
2025-12-26 22:33:41,476 [WARN] IP:2250 - PinAttribute not found: check if there is a RefParameter without a condition.
2025-12-26 22:33:41,476 [WARN] IP:2250 - PinAttribute not found: check if there is a RefParameter without a condition.
2025-12-26 22:33:41,476 [WARN] IP:2250 - PinAttribute not found: check if there is a RefParameter without a condition.
2025-12-26 22:33:41,476 [WARN] IP:2250 - PinAttribute not found: check if there is a RefParameter without a condition.
2025-12-26 22:33:41,476 [WARN] IP:2250 - PinAttribute not found: check if there is a RefParameter without a condition.
2025-12-26 22:33:41,476 [WARN] IP:2250 - PinAttribute not found: check if there is a RefParameter without a condition.
2025-12-26 22:33:41,476 [WARN] IP:2250 - PinAttribute not found: check if there is a RefParameter without a condition.
2025-12-26 22:33:41,476 [WARN] IP:2250 - PinAttribute not found: check if there is a RefParameter without a condition.
2025-12-26 22:33:41,477 [WARN] IP:2250 - PinAttribute not found: check if there is a RefParameter without a condition.
2025-12-26 22:33:41,477 [WARN] IP:2250 - PinAttribute not found: check if there is a RefParameter without a condition.
2025-12-26 22:33:41,477 [WARN] IP:2250 - PinAttribute not found: check if there is a RefParameter without a condition.
2025-12-26 22:33:41,477 [WARN] IP:2250 - PinAttribute not found: check if there is a RefParameter without a condition.
2025-12-26 22:33:41,477 [WARN] IP:2250 - PinAttribute not found: check if there is a RefParameter without a condition.
2025-12-26 22:33:41,477 [WARN] IP:2250 - PinAttribute not found: check if there is a RefParameter without a condition.
2025-12-26 22:33:41,477 [WARN] IP:2250 - PinAttribute not found: check if there is a RefParameter without a condition.
2025-12-26 22:33:41,477 [WARN] IP:2250 - PinAttribute not found: check if there is a RefParameter without a condition.
2025-12-26 22:33:41,477 [WARN] IP:2250 - PinAttribute not found: check if there is a RefParameter without a condition.
2025-12-26 22:33:41,477 [WARN] IP:2250 - PinAttribute not found: check if there is a RefParameter without a condition.
2025-12-26 22:33:41,477 [WARN] IP:2250 - PinAttribute not found: check if there is a RefParameter without a condition.
2025-12-26 22:33:41,477 [WARN] IP:2250 - PinAttribute not found: check if there is a RefParameter without a condition.
2025-12-26 22:33:41,477 [WARN] IP:2250 - PinAttribute not found: check if there is a RefParameter without a condition.
2025-12-26 22:33:41,477 [WARN] IP:2250 - PinAttribute not found: check if there is a RefParameter without a condition.
2025-12-26 22:33:41,477 [WARN] IP:2250 - PinAttribute not found: check if there is a RefParameter without a condition.
2025-12-26 22:33:41,478 [WARN] IP:2250 - PinAttribute not found: check if there is a RefParameter without a condition.
2025-12-26 22:33:41,478 [WARN] IP:2250 - PinAttribute not found: check if there is a RefParameter without a condition.
2025-12-26 22:33:41,478 [WARN] IP:2250 - PinAttribute not found: check if there is a RefParameter without a condition.
2025-12-26 22:33:41,478 [WARN] IP:2250 - PinAttribute not found: check if there is a RefParameter without a condition.
2025-12-26 22:33:41,478 [WARN] IP:2250 - PinAttribute not found: check if there is a RefParameter without a condition.
2025-12-26 22:33:41,478 [WARN] IP:2250 - PinAttribute not found: check if there is a RefParameter without a condition.
2025-12-26 22:33:41,478 [WARN] IP:2250 - PinAttribute not found: check if there is a RefParameter without a condition.
2025-12-26 22:33:41,478 [WARN] IP:2250 - PinAttribute not found: check if there is a RefParameter without a condition.
2025-12-26 22:33:41,478 [WARN] IP:2250 - PinAttribute not found: check if there is a RefParameter without a condition.
2025-12-26 22:33:41,478 [WARN] IP:2250 - PinAttribute not found: check if there is a RefParameter without a condition.
2025-12-26 22:33:41,478 [WARN] IP:2250 - PinAttribute not found: check if there is a RefParameter without a condition.
2025-12-26 22:33:41,478 [WARN] IP:2250 - PinAttribute not found: check if there is a RefParameter without a condition.
2025-12-26 22:33:41,478 [WARN] IP:2250 - PinAttribute not found: check if there is a RefParameter without a condition.
2025-12-26 22:33:41,478 [WARN] IP:2250 - PinAttribute not found: check if there is a RefParameter without a condition.
2025-12-26 22:33:41,479 [WARN] IP:2250 - PinAttribute not found: check if there is a RefParameter without a condition.
2025-12-26 22:33:41,479 [WARN] IP:2250 - PinAttribute not found: check if there is a RefParameter without a condition.
2025-12-26 22:33:41,479 [WARN] IP:2250 - PinAttribute not found: check if there is a RefParameter without a condition.
2025-12-26 22:33:41,479 [WARN] IP:2250 - PinAttribute not found: check if there is a RefParameter without a condition.
2025-12-26 22:33:41,479 [WARN] IP:2250 - PinAttribute not found: check if there is a RefParameter without a condition.
2025-12-26 22:33:41,479 [WARN] IP:2250 - PinAttribute not found: check if there is a RefParameter without a condition.
2025-12-26 22:33:41,479 [WARN] IP:2250 - PinAttribute not found: check if there is a RefParameter without a condition.
2025-12-26 22:33:41,479 [WARN] IP:2250 - PinAttribute not found: check if there is a RefParameter without a condition.
2025-12-26 22:33:41,479 [WARN] IP:2250 - PinAttribute not found: check if there is a RefParameter without a condition.
2025-12-26 22:33:41,479 [WARN] IP:2250 - PinAttribute not found: check if there is a RefParameter without a condition.
2025-12-26 22:33:41,479 [WARN] IP:2250 - PinAttribute not found: check if there is a RefParameter without a condition.
2025-12-26 22:33:41,479 [WARN] IP:2250 - PinAttribute not found: check if there is a RefParameter without a condition.
2025-12-26 22:33:41,479 [WARN] IP:2250 - PinAttribute not found: check if there is a RefParameter without a condition.
2025-12-26 22:33:41,479 [WARN] IP:2250 - PinAttribute not found: check if there is a RefParameter without a condition.
2025-12-26 22:33:41,479 [WARN] IP:2250 - PinAttribute not found: check if there is a RefParameter without a condition.
2025-12-26 22:33:41,480 [WARN] IP:2250 - PinAttribute not found: check if there is a RefParameter without a condition.
2025-12-26 22:33:41,480 [WARN] IP:2250 - PinAttribute not found: check if there is a RefParameter without a condition.
2025-12-26 22:33:41,480 [WARN] IP:2250 - PinAttribute not found: check if there is a RefParameter without a condition.
2025-12-26 22:33:41,480 [WARN] IP:2250 - PinAttribute not found: check if there is a RefParameter without a condition.
2025-12-26 22:33:41,480 [WARN] IP:2250 - PinAttribute not found: check if there is a RefParameter without a condition.
2025-12-26 22:33:41,480 [WARN] IP:2250 - PinAttribute not found: check if there is a RefParameter without a condition.
2025-12-26 22:33:41,481 [WARN] IP:2250 - PinAttribute not found: check if there is a RefParameter without a condition.
2025-12-26 22:33:46,270 [WARN] IP:2250 - PinAttribute not found: check if there is a RefParameter without a condition.
2025-12-26 22:33:46,270 [WARN] IP:2250 - PinAttribute not found: check if there is a RefParameter without a condition.
2025-12-26 22:33:46,270 [WARN] IP:2250 - PinAttribute not found: check if there is a RefParameter without a condition.
2025-12-26 22:33:46,271 [WARN] IP:2250 - PinAttribute not found: check if there is a RefParameter without a condition.
2025-12-26 22:33:46,271 [WARN] IP:2250 - PinAttribute not found: check if there is a RefParameter without a condition.
2025-12-26 22:33:46,271 [WARN] IP:2250 - PinAttribute not found: check if there is a RefParameter without a condition.
2025-12-26 22:33:46,271 [WARN] IP:2250 - PinAttribute not found: check if there is a RefParameter without a condition.
2025-12-26 22:33:46,271 [WARN] IP:2250 - PinAttribute not found: check if there is a RefParameter without a condition.
2025-12-26 22:33:46,271 [WARN] IP:2250 - PinAttribute not found: check if there is a RefParameter without a condition.
2025-12-26 22:33:46,271 [WARN] IP:2250 - PinAttribute not found: check if there is a RefParameter without a condition.
2025-12-26 22:33:46,271 [WARN] IP:2250 - PinAttribute not found: check if there is a RefParameter without a condition.
2025-12-26 22:33:46,272 [WARN] IP:2250 - PinAttribute not found: check if there is a RefParameter without a condition.
2025-12-26 22:33:46,272 [WARN] IP:2250 - PinAttribute not found: check if there is a RefParameter without a condition.
2025-12-26 22:33:46,272 [WARN] IP:2250 - PinAttribute not found: check if there is a RefParameter without a condition.
2025-12-26 22:33:46,272 [WARN] IP:2250 - PinAttribute not found: check if there is a RefParameter without a condition.
2025-12-26 22:33:46,272 [WARN] IP:2250 - PinAttribute not found: check if there is a RefParameter without a condition.
2025-12-26 22:33:46,272 [WARN] IP:2250 - PinAttribute not found: check if there is a RefParameter without a condition.
2025-12-26 22:33:46,272 [WARN] IP:2250 - PinAttribute not found: check if there is a RefParameter without a condition.
2025-12-26 22:33:46,273 [WARN] IP:2250 - PinAttribute not found: check if there is a RefParameter without a condition.
2025-12-26 22:33:46,273 [WARN] IP:2250 - PinAttribute not found: check if there is a RefParameter without a condition.
2025-12-26 22:33:46,273 [WARN] IP:2250 - PinAttribute not found: check if there is a RefParameter without a condition.
2025-12-26 22:33:46,273 [WARN] IP:2250 - PinAttribute not found: check if there is a RefParameter without a condition.
2025-12-26 22:33:46,273 [WARN] IP:2250 - PinAttribute not found: check if there is a RefParameter without a condition.
2025-12-26 22:33:46,273 [WARN] IP:2250 - PinAttribute not found: check if there is a RefParameter without a condition.
2025-12-26 22:33:46,273 [WARN] IP:2250 - PinAttribute not found: check if there is a RefParameter without a condition.
2025-12-26 22:33:46,273 [WARN] IP:2250 - PinAttribute not found: check if there is a RefParameter without a condition.
2025-12-26 22:33:46,274 [WARN] IP:2250 - PinAttribute not found: check if there is a RefParameter without a condition.
2025-12-26 22:33:46,274 [WARN] IP:2250 - PinAttribute not found: check if there is a RefParameter without a condition.
2025-12-26 22:33:46,274 [WARN] IP:2250 - PinAttribute not found: check if there is a RefParameter without a condition.
2025-12-26 22:33:46,274 [WARN] IP:2250 - PinAttribute not found: check if there is a RefParameter without a condition.
2025-12-26 22:33:46,274 [WARN] IP:2250 - PinAttribute not found: check if there is a RefParameter without a condition.
2025-12-26 22:33:46,274 [WARN] IP:2250 - PinAttribute not found: check if there is a RefParameter without a condition.
2025-12-26 22:33:46,274 [WARN] IP:2250 - PinAttribute not found: check if there is a RefParameter without a condition.
2025-12-26 22:33:46,274 [WARN] IP:2250 - PinAttribute not found: check if there is a RefParameter without a condition.
2025-12-26 22:33:46,274 [WARN] IP:2250 - PinAttribute not found: check if there is a RefParameter without a condition.
2025-12-26 22:33:46,275 [WARN] IP:2250 - PinAttribute not found: check if there is a RefParameter without a condition.
2025-12-26 22:33:46,275 [WARN] IP:2250 - PinAttribute not found: check if there is a RefParameter without a condition.
2025-12-26 22:33:46,275 [WARN] IP:2250 - PinAttribute not found: check if there is a RefParameter without a condition.
2025-12-26 22:33:46,275 [WARN] IP:2250 - PinAttribute not found: check if there is a RefParameter without a condition.
2025-12-26 22:33:46,275 [WARN] IP:2250 - PinAttribute not found: check if there is a RefParameter without a condition.
2025-12-26 22:33:46,275 [WARN] IP:2250 - PinAttribute not found: check if there is a RefParameter without a condition.
2025-12-26 22:33:46,275 [WARN] IP:2250 - PinAttribute not found: check if there is a RefParameter without a condition.
2025-12-26 22:33:46,275 [WARN] IP:2250 - PinAttribute not found: check if there is a RefParameter without a condition.
2025-12-26 22:33:46,276 [WARN] IP:2250 - PinAttribute not found: check if there is a RefParameter without a condition.
2025-12-26 22:33:46,276 [WARN] IP:2250 - PinAttribute not found: check if there is a RefParameter without a condition.
2025-12-26 22:33:46,276 [WARN] IP:2250 - PinAttribute not found: check if there is a RefParameter without a condition.
2025-12-26 22:33:46,276 [WARN] IP:2250 - PinAttribute not found: check if there is a RefParameter without a condition.
2025-12-26 22:33:46,276 [WARN] IP:2250 - PinAttribute not found: check if there is a RefParameter without a condition.
2025-12-26 22:33:46,276 [WARN] IP:2250 - PinAttribute not found: check if there is a RefParameter without a condition.
2025-12-26 22:33:46,276 [WARN] IP:2250 - PinAttribute not found: check if there is a RefParameter without a condition.
2025-12-26 22:33:46,276 [WARN] IP:2250 - PinAttribute not found: check if there is a RefParameter without a condition.
2025-12-26 22:33:46,277 [WARN] IP:2250 - PinAttribute not found: check if there is a RefParameter without a condition.
2025-12-26 22:33:46,277 [WARN] IP:2250 - PinAttribute not found: check if there is a RefParameter without a condition.
2025-12-26 22:33:46,277 [WARN] IP:2250 - PinAttribute not found: check if there is a RefParameter without a condition.
2025-12-26 22:33:46,277 [WARN] IP:2250 - PinAttribute not found: check if there is a RefParameter without a condition.
2025-12-26 22:33:46,277 [WARN] IP:2250 - PinAttribute not found: check if there is a RefParameter without a condition.
2025-12-26 22:33:46,277 [WARN] IP:2250 - PinAttribute not found: check if there is a RefParameter without a condition.
2025-12-26 22:33:46,277 [WARN] IP:2250 - PinAttribute not found: check if there is a RefParameter without a condition.
2025-12-26 22:33:46,277 [WARN] IP:2250 - PinAttribute not found: check if there is a RefParameter without a condition.
2025-12-26 22:33:46,278 [WARN] IP:2250 - PinAttribute not found: check if there is a RefParameter without a condition.
2025-12-26 22:33:46,278 [WARN] IP:2250 - PinAttribute not found: check if there is a RefParameter without a condition.
2025-12-26 22:33:46,278 [WARN] IP:2250 - PinAttribute not found: check if there is a RefParameter without a condition.
2025-12-26 22:33:46,278 [WARN] IP:2250 - PinAttribute not found: check if there is a RefParameter without a condition.
2025-12-26 22:33:46,278 [WARN] IP:2250 - PinAttribute not found: check if there is a RefParameter without a condition.
2025-12-26 22:33:46,278 [WARN] IP:2250 - PinAttribute not found: check if there is a RefParameter without a condition.
2025-12-26 22:33:46,278 [WARN] IP:2250 - PinAttribute not found: check if there is a RefParameter without a condition.
2025-12-26 22:33:46,278 [WARN] IP:2250 - PinAttribute not found: check if there is a RefParameter without a condition.
2025-12-26 22:33:46,279 [WARN] IP:2250 - PinAttribute not found: check if there is a RefParameter without a condition.
2025-12-26 22:33:46,279 [WARN] IP:2250 - PinAttribute not found: check if there is a RefParameter without a condition.
2025-12-26 22:33:46,279 [WARN] IP:2250 - PinAttribute not found: check if there is a RefParameter without a condition.
2025-12-26 22:33:46,279 [WARN] IP:2250 - PinAttribute not found: check if there is a RefParameter without a condition.
2025-12-26 22:33:46,279 [WARN] IP:2250 - PinAttribute not found: check if there is a RefParameter without a condition.
2025-12-26 22:33:46,279 [WARN] IP:2250 - PinAttribute not found: check if there is a RefParameter without a condition.
2025-12-26 22:33:46,281 [INFO] Gpio:278 - dependency for GPIO [DEBUG, RCC, SPI1, UART4]
2025-12-26 22:33:46,290 [WARN] IP:2250 - PinAttribute not found: check if there is a RefParameter without a condition.
2025-12-26 22:33:46,290 [WARN] IP:2250 - PinAttribute not found: check if there is a RefParameter without a condition.
2025-12-26 22:33:46,290 [WARN] IP:2250 - PinAttribute not found: check if there is a RefParameter without a condition.
2025-12-26 22:33:46,290 [WARN] IP:2250 - PinAttribute not found: check if there is a RefParameter without a condition.
2025-12-26 22:33:46,290 [WARN] IP:2250 - PinAttribute not found: check if there is a RefParameter without a condition.
2025-12-26 22:33:46,290 [WARN] IP:2250 - PinAttribute not found: check if there is a RefParameter without a condition.
2025-12-26 22:33:46,290 [WARN] IP:2250 - PinAttribute not found: check if there is a RefParameter without a condition.
2025-12-26 22:33:46,290 [WARN] IP:2250 - PinAttribute not found: check if there is a RefParameter without a condition.
2025-12-26 22:33:46,291 [WARN] IP:2250 - PinAttribute not found: check if there is a RefParameter without a condition.
2025-12-26 22:33:46,291 [WARN] IP:2250 - PinAttribute not found: check if there is a RefParameter without a condition.
2025-12-26 22:33:46,291 [WARN] IP:2250 - PinAttribute not found: check if there is a RefParameter without a condition.
2025-12-26 22:33:46,291 [WARN] IP:2250 - PinAttribute not found: check if there is a RefParameter without a condition.
2025-12-26 22:33:46,291 [WARN] IP:2250 - PinAttribute not found: check if there is a RefParameter without a condition.
2025-12-26 22:33:46,291 [WARN] IP:2250 - PinAttribute not found: check if there is a RefParameter without a condition.
2025-12-26 22:33:46,291 [WARN] IP:2250 - PinAttribute not found: check if there is a RefParameter without a condition.
2025-12-26 22:33:46,291 [WARN] IP:2250 - PinAttribute not found: check if there is a RefParameter without a condition.
2025-12-26 22:33:46,292 [WARN] IP:2250 - PinAttribute not found: check if there is a RefParameter without a condition.
2025-12-26 22:33:46,292 [WARN] IP:2250 - PinAttribute not found: check if there is a RefParameter without a condition.
2025-12-26 22:33:46,292 [WARN] IP:2250 - PinAttribute not found: check if there is a RefParameter without a condition.
2025-12-26 22:33:46,292 [WARN] IP:2250 - PinAttribute not found: check if there is a RefParameter without a condition.
2025-12-26 22:33:46,292 [WARN] IP:2250 - PinAttribute not found: check if there is a RefParameter without a condition.
2025-12-26 22:33:46,292 [WARN] IP:2250 - PinAttribute not found: check if there is a RefParameter without a condition.
2025-12-26 22:33:46,292 [WARN] IP:2250 - PinAttribute not found: check if there is a RefParameter without a condition.
2025-12-26 22:33:46,292 [WARN] IP:2250 - PinAttribute not found: check if there is a RefParameter without a condition.
2025-12-26 22:33:46,292 [WARN] IP:2250 - PinAttribute not found: check if there is a RefParameter without a condition.
2025-12-26 22:33:46,293 [WARN] IP:2250 - PinAttribute not found: check if there is a RefParameter without a condition.
2025-12-26 22:33:46,293 [WARN] IP:2250 - PinAttribute not found: check if there is a RefParameter without a condition.
2025-12-26 22:33:46,293 [WARN] IP:2250 - PinAttribute not found: check if there is a RefParameter without a condition.
2025-12-26 22:33:46,293 [WARN] IP:2250 - PinAttribute not found: check if there is a RefParameter without a condition.
2025-12-26 22:33:46,293 [WARN] IP:2250 - PinAttribute not found: check if there is a RefParameter without a condition.
2025-12-26 22:33:46,293 [WARN] IP:2250 - PinAttribute not found: check if there is a RefParameter without a condition.
2025-12-26 22:33:46,293 [WARN] IP:2250 - PinAttribute not found: check if there is a RefParameter without a condition.
2025-12-26 22:33:46,293 [WARN] IP:2250 - PinAttribute not found: check if there is a RefParameter without a condition.
2025-12-26 22:33:46,293 [WARN] IP:2250 - PinAttribute not found: check if there is a RefParameter without a condition.
2025-12-26 22:33:46,293 [WARN] IP:2250 - PinAttribute not found: check if there is a RefParameter without a condition.
2025-12-26 22:33:46,294 [WARN] IP:2250 - PinAttribute not found: check if there is a RefParameter without a condition.
2025-12-26 22:33:46,294 [WARN] IP:2250 - PinAttribute not found: check if there is a RefParameter without a condition.
2025-12-26 22:33:46,294 [WARN] IP:2250 - PinAttribute not found: check if there is a RefParameter without a condition.
2025-12-26 22:33:46,294 [WARN] IP:2250 - PinAttribute not found: check if there is a RefParameter without a condition.
2025-12-26 22:33:46,294 [WARN] IP:2250 - PinAttribute not found: check if there is a RefParameter without a condition.
2025-12-26 22:33:46,294 [WARN] IP:2250 - PinAttribute not found: check if there is a RefParameter without a condition.
2025-12-26 22:33:46,294 [WARN] IP:2250 - PinAttribute not found: check if there is a RefParameter without a condition.
2025-12-26 22:33:46,294 [WARN] IP:2250 - PinAttribute not found: check if there is a RefParameter without a condition.
2025-12-26 22:33:46,294 [WARN] IP:2250 - PinAttribute not found: check if there is a RefParameter without a condition.
2025-12-26 22:33:46,295 [WARN] IP:2250 - PinAttribute not found: check if there is a RefParameter without a condition.
2025-12-26 22:33:46,295 [WARN] IP:2250 - PinAttribute not found: check if there is a RefParameter without a condition.
2025-12-26 22:33:46,295 [WARN] IP:2250 - PinAttribute not found: check if there is a RefParameter without a condition.
2025-12-26 22:33:46,295 [WARN] IP:2250 - PinAttribute not found: check if there is a RefParameter without a condition.
2025-12-26 22:33:46,295 [WARN] IP:2250 - PinAttribute not found: check if there is a RefParameter without a condition.
2025-12-26 22:33:46,295 [WARN] IP:2250 - PinAttribute not found: check if there is a RefParameter without a condition.
2025-12-26 22:33:46,295 [WARN] IP:2250 - PinAttribute not found: check if there is a RefParameter without a condition.
2025-12-26 22:33:46,295 [WARN] IP:2250 - PinAttribute not found: check if there is a RefParameter without a condition.
2025-12-26 22:33:46,296 [WARN] IP:2250 - PinAttribute not found: check if there is a RefParameter without a condition.
2025-12-26 22:33:46,296 [WARN] IP:2250 - PinAttribute not found: check if there is a RefParameter without a condition.
2025-12-26 22:33:46,296 [WARN] IP:2250 - PinAttribute not found: check if there is a RefParameter without a condition.
2025-12-26 22:33:46,296 [WARN] IP:2250 - PinAttribute not found: check if there is a RefParameter without a condition.
2025-12-26 22:33:46,296 [WARN] IP:2250 - PinAttribute not found: check if there is a RefParameter without a condition.
2025-12-26 22:33:46,296 [WARN] IP:2250 - PinAttribute not found: check if there is a RefParameter without a condition.
2025-12-26 22:33:46,296 [WARN] IP:2250 - PinAttribute not found: check if there is a RefParameter without a condition.
2025-12-26 22:33:46,296 [WARN] IP:2250 - PinAttribute not found: check if there is a RefParameter without a condition.
2025-12-26 22:33:46,297 [WARN] IP:2250 - PinAttribute not found: check if there is a RefParameter without a condition.
2025-12-26 22:33:46,297 [WARN] IP:2250 - PinAttribute not found: check if there is a RefParameter without a condition.
2025-12-26 22:33:46,297 [WARN] IP:2250 - PinAttribute not found: check if there is a RefParameter without a condition.
2025-12-26 22:33:46,297 [WARN] IP:2250 - PinAttribute not found: check if there is a RefParameter without a condition.
2025-12-26 22:33:46,297 [WARN] IP:2250 - PinAttribute not found: check if there is a RefParameter without a condition.
2025-12-26 22:33:46,297 [WARN] IP:2250 - PinAttribute not found: check if there is a RefParameter without a condition.
2025-12-26 22:33:46,297 [WARN] IP:2250 - PinAttribute not found: check if there is a RefParameter without a condition.
2025-12-26 22:33:46,297 [WARN] IP:2250 - PinAttribute not found: check if there is a RefParameter without a condition.
2025-12-26 22:33:46,297 [WARN] IP:2250 - PinAttribute not found: check if there is a RefParameter without a condition.
2025-12-26 22:33:46,298 [WARN] IP:2250 - PinAttribute not found: check if there is a RefParameter without a condition.
2025-12-26 22:33:46,298 [WARN] IP:2250 - PinAttribute not found: check if there is a RefParameter without a condition.
2025-12-26 22:33:46,298 [WARN] IP:2250 - PinAttribute not found: check if there is a RefParameter without a condition.
2025-12-26 22:33:46,298 [WARN] IP:2250 - PinAttribute not found: check if there is a RefParameter without a condition.
2025-12-26 22:33:46,306 [WARN] IP:2250 - PinAttribute not found: check if there is a RefParameter without a condition.
2025-12-26 22:33:46,306 [WARN] IP:2250 - PinAttribute not found: check if there is a RefParameter without a condition.
2025-12-26 22:33:46,306 [WARN] IP:2250 - PinAttribute not found: check if there is a RefParameter without a condition.
2025-12-26 22:33:46,306 [WARN] IP:2250 - PinAttribute not found: check if there is a RefParameter without a condition.
2025-12-26 22:33:46,306 [WARN] IP:2250 - PinAttribute not found: check if there is a RefParameter without a condition.
2025-12-26 22:33:46,306 [WARN] IP:2250 - PinAttribute not found: check if there is a RefParameter without a condition.
2025-12-26 22:33:46,306 [WARN] IP:2250 - PinAttribute not found: check if there is a RefParameter without a condition.
2025-12-26 22:33:46,307 [WARN] IP:2250 - PinAttribute not found: check if there is a RefParameter without a condition.
2025-12-26 22:33:46,307 [WARN] IP:2250 - PinAttribute not found: check if there is a RefParameter without a condition.
2025-12-26 22:33:46,307 [WARN] IP:2250 - PinAttribute not found: check if there is a RefParameter without a condition.
2025-12-26 22:33:46,307 [WARN] IP:2250 - PinAttribute not found: check if there is a RefParameter without a condition.
2025-12-26 22:33:46,308 [WARN] IP:2250 - PinAttribute not found: check if there is a RefParameter without a condition.
2025-12-26 22:33:46,308 [WARN] IP:2250 - PinAttribute not found: check if there is a RefParameter without a condition.
2025-12-26 22:33:46,308 [WARN] IP:2250 - PinAttribute not found: check if there is a RefParameter without a condition.
2025-12-26 22:33:46,312 [WARN] IP:2250 - PinAttribute not found: check if there is a RefParameter without a condition.
2025-12-26 22:33:46,312 [WARN] IP:2250 - PinAttribute not found: check if there is a RefParameter without a condition.
2025-12-26 22:33:46,312 [WARN] IP:2250 - PinAttribute not found: check if there is a RefParameter without a condition.
2025-12-26 22:33:46,312 [WARN] IP:2250 - PinAttribute not found: check if there is a RefParameter without a condition.
2025-12-26 22:33:46,312 [WARN] IP:2250 - PinAttribute not found: check if there is a RefParameter without a condition.
2025-12-26 22:33:46,312 [WARN] IP:2250 - PinAttribute not found: check if there is a RefParameter without a condition.
2025-12-26 22:33:46,312 [WARN] IP:2250 - PinAttribute not found: check if there is a RefParameter without a condition.
2025-12-26 22:33:54,645 [INFO] NvicIntPanel:101 - NVIC parent = com.st.microxplorer.plugins.ip.nvic.MultiNvicIntPanel[,2,27,1128x1409,layout=javax.swing.BoxLayout,alignmentX=0.0,alignmentY=0.0,border=,flags=9,maximumSize=,minimumSize=,preferredSize=]
2025-12-26 22:33:54,646 [WARN] IP:2250 - PinAttribute not found: check if there is a RefParameter without a condition.
2025-12-26 22:33:54,646 [WARN] IP:2250 - PinAttribute not found: check if there is a RefParameter without a condition.
2025-12-26 22:33:54,646 [WARN] IP:2250 - PinAttribute not found: check if there is a RefParameter without a condition.
2025-12-26 22:33:54,646 [WARN] IP:2250 - PinAttribute not found: check if there is a RefParameter without a condition.
2025-12-26 22:33:54,646 [WARN] IP:2250 - PinAttribute not found: check if there is a RefParameter without a condition.
2025-12-26 22:33:54,646 [WARN] IP:2250 - PinAttribute not found: check if there is a RefParameter without a condition.
2025-12-26 22:33:54,646 [WARN] IP:2250 - PinAttribute not found: check if there is a RefParameter without a condition.
2025-12-26 22:34:20,346 [WARN] IP:2250 - PinAttribute not found: check if there is a RefParameter without a condition.
2025-12-26 22:34:20,346 [WARN] IP:2250 - PinAttribute not found: check if there is a RefParameter without a condition.
2025-12-26 22:34:20,346 [WARN] IP:2250 - PinAttribute not found: check if there is a RefParameter without a condition.
2025-12-26 22:34:20,346 [WARN] IP:2250 - PinAttribute not found: check if there is a RefParameter without a condition.
2025-12-26 22:34:20,346 [WARN] IP:2250 - PinAttribute not found: check if there is a RefParameter without a condition.
2025-12-26 22:34:20,346 [WARN] IP:2250 - PinAttribute not found: check if there is a RefParameter without a condition.
2025-12-26 22:34:20,346 [WARN] IP:2250 - PinAttribute not found: check if there is a RefParameter without a condition.
2025-12-26 22:46:27,734 [INFO] MainUpdater:2872 - connection check result : 10
2025-12-26 22:46:27,734 [INFO] MainUpdater:2872 - connection check result : 10
2025-12-26 22:46:27,765 [INFO] MicroXplorer:468 - Change Database Path : 
2025-12-26 22:46:27,765 [INFO] MicroXplorer:498 - Change Database Version : DB.6.0.150
2025-12-26 22:46:27,788 [INFO] ProjectChoiceTab:3673 - Project Structure = Dual Non Secure / Secure
2025-12-26 22:46:27,788 [ERROR] ProjectManagerView:395 - 
java.lang.NullPointerException: Cannot invoke "javax.swing.JTextField.getText()" because the return value of "java.util.List.get(int)" is null
	at com.st.microxplorer.plugins.projectmanager.gui.ProjectChoiceTab$9.caretUpdate(ProjectChoiceTab.java:2706) ~[filemanager.jar:?]
	at javax.swing.text.JTextComponent.fireCaretUpdate(JTextComponent.java:408) ~[?:?]
	at javax.swing.text.JTextComponent$MutableCaretEvent.fire(JTextComponent.java:4484) ~[?:?]
	at javax.swing.text.JTextComponent$MutableCaretEvent.stateChanged(JTextComponent.java:4506) ~[?:?]
	at javax.swing.text.DefaultCaret.fireStateChanged(DefaultCaret.java:857) ~[?:?]
	at javax.swing.text.DefaultCaret.changeCaretPosition(DefaultCaret.java:1343) ~[?:?]
	at javax.swing.text.DefaultCaret.handleSetDot(DefaultCaret.java:1242) ~[?:?]
	at javax.swing.text.DefaultCaret.setDot(DefaultCaret.java:1223) ~[?:?]
	at javax.swing.text.DefaultCaret$Handler.insertUpdate(DefaultCaret.java:1819) ~[?:?]
	at javax.swing.text.AbstractDocument.fireInsertUpdate(AbstractDocument.java:227) ~[?:?]
	at javax.swing.text.AbstractDocument.handleInsertString(AbstractDocument.java:781) ~[?:?]
	at javax.swing.text.AbstractDocument.insertString(AbstractDocument.java:740) ~[?:?]
	at javax.swing.text.PlainDocument.insertString(PlainDocument.java:131) ~[?:?]
	at javax.swing.text.AbstractDocument.replace(AbstractDocument.java:699) ~[?:?]
	at javax.swing.text.JTextComponent.setText(JTextComponent.java:1725) ~[?:?]
	at com.st.microxplorer.plugins.projectmanager.gui.ProjectChoiceTab.createHeapStackFields(ProjectChoiceTab.java:993) ~[filemanager.jar:?]
	at com.st.microxplorer.plugins.projectmanager.gui.ProjectChoiceTab.buildLinkSettingsPanel(ProjectChoiceTab.java:3813) ~[filemanager.jar:?]
	at com.st.microxplorer.plugins.projectmanager.gui.ProjectChoiceTab.defineWindowsFields(ProjectChoiceTab.java:1987) ~[filemanager.jar:?]
	at com.st.microxplorer.plugins.projectmanager.gui.ProjectChoiceTab.updateSettings(ProjectChoiceTab.java:558) ~[filemanager.jar:?]
	at com.st.microxplorer.plugins.projectmanager.gui.ProjectSettingsPanel.UpdateDialog(ProjectSettingsPanel.java:247) ~[filemanager.jar:?]
	at com.st.microxplorer.plugins.projectmanager.ProjectManagerView.propertyChange(ProjectManagerView.java:392) ~[filemanager.jar:?]
	at java.beans.PropertyChangeSupport.fire(PropertyChangeSupport.java:343) ~[?:?]
	at java.beans.PropertyChangeSupport.firePropertyChange(PropertyChangeSupport.java:335) ~[?:?]
	at java.beans.PropertyChangeSupport.firePropertyChange(PropertyChangeSupport.java:268) ~[?:?]
	at com.st.microxplorer.util.MXPropertyChangeSupport.firePropertyChange(MXPropertyChangeSupport.java:54) ~[STM32CubeMX.jar:?]
	at com.st.microxplorer.mxsystem.MxSystem.closeConfig(MxSystem.java:899) ~[STM32CubeMX.jar:?]
	at com.st.microxplorer.maingui.MainPanel.closeConfig(MainPanel.java:792) ~[STM32CubeMX.jar:?]
	at com.st.microxplorer.plugins.filemanager.engine.OpenFileManager.loadConfigurationFile(OpenFileManager.java:288) ~[filemanager.jar:?]
	at com.st.microxplorer.plugins.filemanager.engine.MainFileManager.userLoadConfig(MainFileManager.java:364) ~[filemanager.jar:?]
	at com.st.microxplorer.plugins.filemanager.engine.MainFileManager.userLoadConfig(MainFileManager.java:342) ~[filemanager.jar:?]
	at com.st.microxplorer.plugins.filemanager.FileManagerView.getSpecificTask(FileManagerView.java:264) ~[filemanager.jar:?]
	at com.st.stm32cube.common.mx.editor.CubeMxEditor.getMxTabbedPaneInstance(CubeMxEditor.java:1198) ~[com.st.stm32cube.common.mx_6.15.0.202507011659/:?]
	at com.st.stm32cube.common.mx.editor.CubeMxEditor$12$1.createSwingComponent(CubeMxEditor.java:1068) ~[com.st.stm32cube.common.mx_6.15.0.202507011659/:?]
	at com.st.stm32cube.common.mx.oss.core.awtswtbridge.EmbeddedSwingComposite.doComponentCreation(EmbeddedSwingComposite.java:492) ~[com.st.stm32cube.common.mx.oss_6.15.0.202507011659/:?]
	at com.st.stm32cube.common.mx.oss.core.awtswtbridge.EmbeddedSwingComposite$4.run(EmbeddedSwingComposite.java:291) ~[com.st.stm32cube.common.mx.oss_6.15.0.202507011659/:?]
	at com.st.stm32cube.common.mx.oss.core.awtswtbridge.AwtEnvironment$2.run(AwtEnvironment.java:166) ~[com.st.stm32cube.common.mx.oss_6.15.0.202507011659/:?]
	at java.awt.event.InvocationEvent.dispatch(InvocationEvent.java:318) ~[?:?]
	at java.awt.EventQueue.dispatchEventImpl(EventQueue.java:773) ~[?:?]
	at java.awt.EventQueue$4.run(EventQueue.java:720) ~[?:?]
	at java.awt.EventQueue$4.run(EventQueue.java:714) ~[?:?]
	at java.security.AccessController.doPrivileged(AccessController.java:400) ~[?:?]
	at java.security.ProtectionDomain$JavaSecurityAccessImpl.doIntersectionPrivilege(ProtectionDomain.java:87) ~[?:?]
	at java.awt.EventQueue.dispatchEvent(EventQueue.java:742) ~[?:?]
	at java.awt.EventDispatchThread.pumpOneEventForFilters(EventDispatchThread.java:203) ~[?:?]
	at java.awt.EventDispatchThread.pumpEventsForFilter(EventDispatchThread.java:124) ~[?:?]
	at java.awt.EventDispatchThread.pumpEventsForHierarchy(EventDispatchThread.java:113) ~[?:?]
	at java.awt.EventDispatchThread.pumpEvents(EventDispatchThread.java:109) ~[?:?]
	at java.awt.EventDispatchThread.pumpEvents(EventDispatchThread.java:101) ~[?:?]
	at java.awt.EventDispatchThread.run(EventDispatchThread.java:90) ~[?:?]
2025-12-26 22:46:27,789 [WARN] ThirdParty:871 - waiting for thirdparty lock release [close project]
2025-12-26 22:46:27,789 [INFO] ThirdParty:873 - entering critical section [close project]
2025-12-26 22:46:27,789 [INFO] ThirdParty:883 - exiting critical section [close project]
2025-12-26 22:46:27,792 [INFO] PinOutPanel:1589 - setPackage(No Configuration,No Configuration)
2025-12-26 22:46:27,797 [INFO] UtilMem:75 - Begin LoadConfig() Used Memory: 717647584 Bytes (1073741824)
2025-12-26 22:46:27,797 [INFO] MicroXplorer:468 - Change Database Path : 
2025-12-26 22:46:27,797 [INFO] MicroXplorer:498 - Change Database Version : DB.6.0.150
2025-12-26 22:46:27,797 [INFO] OpenFileManager:355 - Change cursor
2025-12-26 22:46:27,814 [INFO] Mcu:2029 - Initializing MCU STM32H563VGTx STM32H563VGTx STM32H563VGT6
2025-12-26 22:46:28,365 [WARN] Context:803 - Trying to add IP SBS in context CortexM33 not assigned to a contextSplit
2025-12-26 22:46:29,463 [WARN] Context:803 - Trying to add IP BOOTPATH in context CortexM33 not assigned to a contextSplit
2025-12-26 22:46:29,472 [INFO] Context:786 - Trying to add GPIOservice into a context  which must be forbidden
2025-12-26 22:46:29,472 [INFO] Context:786 - Trying to add GPIOservice into a context  which must be forbidden
2025-12-26 22:46:29,472 [INFO] Context:786 - Trying to add GPIOservice into a context  which must be forbidden
2025-12-26 22:46:29,472 [WARN] Context:803 - Trying to add IP GPIO in context CortexM33 not assigned to a contextSplit
2025-12-26 22:46:30,319 [INFO] ImportTextPane:234 - (OptionalMessage_ERROR) Pin102 (VP_RIF_VS_RIF1) cannot be retrieved for this MCU
2025-12-26 22:46:30,377 [WARN] ModelIntegratedComponent:63 - No mode defined for component null
2025-12-26 22:46:30,378 [WARN] ModelIntegratedComponent:63 - No mode defined for component null
2025-12-26 22:46:30,378 [WARN] ModelIntegratedComponent:63 - No mode defined for component null
2025-12-26 22:46:30,378 [WARN] ModelIntegratedComponent:63 - No mode defined for component null
2025-12-26 22:46:30,378 [WARN] ModelIntegratedComponent:63 - No mode defined for component null
2025-12-26 22:46:30,378 [WARN] ModelIntegratedComponent:63 - No mode defined for component null
2025-12-26 22:46:30,378 [WARN] ModelIntegratedComponent:63 - No mode defined for component null
2025-12-26 22:46:30,378 [WARN] ModelIntegratedComponent:63 - No mode defined for component null
2025-12-26 22:46:30,378 [WARN] ModelIntegratedComponent:63 - No mode defined for component null
2025-12-26 22:46:30,378 [WARN] ModelIntegratedComponent:63 - No mode defined for component null
2025-12-26 22:46:30,378 [WARN] ModelIntegratedComponent:63 - No mode defined for component null
2025-12-26 22:46:30,378 [WARN] ModelIntegratedComponent:63 - No mode defined for component null
2025-12-26 22:46:30,379 [WARN] ModelIntegratedComponent:63 - No mode defined for component null
2025-12-26 22:46:30,379 [WARN] ModelIntegratedComponent:63 - No mode defined for component null
2025-12-26 22:46:30,379 [WARN] ModelIntegratedComponent:63 - No mode defined for component null
2025-12-26 22:46:30,379 [WARN] ModelIntegratedComponent:63 - No mode defined for component null
2025-12-26 22:46:30,379 [WARN] ModelIntegratedComponent:63 - No mode defined for component null
2025-12-26 22:46:30,379 [WARN] ModelIntegratedComponent:63 - No mode defined for component null
2025-12-26 22:46:30,379 [WARN] ModelIntegratedComponent:63 - No mode defined for component null
2025-12-26 22:46:30,379 [WARN] ModelIntegratedComponent:63 - No mode defined for component null
2025-12-26 22:46:30,379 [WARN] ModelIntegratedComponent:63 - No mode defined for component null
2025-12-26 22:46:30,379 [WARN] ModelIntegratedComponent:63 - No mode defined for component null
2025-12-26 22:46:30,379 [WARN] ModelIntegratedComponent:63 - No mode defined for component null
2025-12-26 22:46:30,379 [WARN] ModelIntegratedComponent:63 - No mode defined for component null
2025-12-26 22:46:30,379 [WARN] ModelIntegratedComponent:63 - No mode defined for component null
2025-12-26 22:46:30,379 [WARN] ModelIntegratedComponent:63 - No mode defined for component null
2025-12-26 22:46:30,379 [WARN] ModelIntegratedComponent:63 - No mode defined for component null
2025-12-26 22:46:30,379 [WARN] ModelIntegratedComponent:63 - No mode defined for component null
2025-12-26 22:46:30,379 [WARN] ModelIntegratedComponent:63 - No mode defined for component null
2025-12-26 22:46:30,380 [WARN] ModelIntegratedComponent:63 - No mode defined for component null
2025-12-26 22:46:30,380 [WARN] ModelIntegratedComponent:63 - No mode defined for component null
2025-12-26 22:46:30,380 [WARN] ModelIntegratedComponent:63 - No mode defined for component null
2025-12-26 22:46:30,380 [WARN] ModelIntegratedComponent:63 - No mode defined for component null
2025-12-26 22:46:30,380 [WARN] ModelIntegratedComponent:63 - No mode defined for component null
2025-12-26 22:46:30,380 [WARN] ModelIntegratedComponent:63 - No mode defined for component null
2025-12-26 22:46:30,381 [WARN] ModelPack:524 - Component already loaded: STMicroelectronics:HAL Drivers:0.0.0:STMicroelectronics:Device:STMicro_Driver:XSPI:HAL::0.0.1:HAL_XSPI
2025-12-26 22:46:30,382 [INFO] RtosManager:558 - Registered RTOS mode: class=RTOS, group=ThreadX, mode=Core, owner=THREADX
2025-12-26 22:46:30,430 [INFO] ThirdPartyModel:298 - Start build external matchings
2025-12-26 22:46:30,614 [INFO] ThirdPartyModel:316 - End build external matchings
2025-12-26 22:46:30,625 [WARN] IP:2250 - PinAttribute not found: check if there is a RefParameter without a condition.
2025-12-26 22:46:30,626 [WARN] IP:2250 - PinAttribute not found: check if there is a RefParameter without a condition.
2025-12-26 22:46:30,626 [WARN] IP:2250 - PinAttribute not found: check if there is a RefParameter without a condition.
2025-12-26 22:46:30,626 [WARN] IP:2250 - PinAttribute not found: check if there is a RefParameter without a condition.
2025-12-26 22:46:30,626 [WARN] IP:2250 - PinAttribute not found: check if there is a RefParameter without a condition.
2025-12-26 22:46:30,627 [WARN] IP:2250 - PinAttribute not found: check if there is a RefParameter without a condition.
2025-12-26 22:46:30,627 [WARN] IP:2250 - PinAttribute not found: check if there is a RefParameter without a condition.
2025-12-26 22:46:30,629 [WARN] IP:2250 - PinAttribute not found: check if there is a RefParameter without a condition.
2025-12-26 22:46:30,629 [WARN] IP:2250 - PinAttribute not found: check if there is a RefParameter without a condition.
2025-12-26 22:46:30,629 [WARN] IP:2250 - PinAttribute not found: check if there is a RefParameter without a condition.
2025-12-26 22:46:30,629 [WARN] IP:2250 - PinAttribute not found: check if there is a RefParameter without a condition.
2025-12-26 22:46:30,629 [WARN] IP:2250 - PinAttribute not found: check if there is a RefParameter without a condition.
2025-12-26 22:46:30,629 [WARN] IP:2250 - PinAttribute not found: check if there is a RefParameter without a condition.
2025-12-26 22:46:30,630 [WARN] IP:2250 - PinAttribute not found: check if there is a RefParameter without a condition.
2025-12-26 22:46:30,631 [WARN] IP:2250 - PinAttribute not found: check if there is a RefParameter without a condition.
2025-12-26 22:46:30,631 [WARN] IP:2250 - PinAttribute not found: check if there is a RefParameter without a condition.
2025-12-26 22:46:30,632 [WARN] IP:2250 - PinAttribute not found: check if there is a RefParameter without a condition.
2025-12-26 22:46:30,632 [WARN] IP:2250 - PinAttribute not found: check if there is a RefParameter without a condition.
2025-12-26 22:46:30,632 [WARN] IP:2250 - PinAttribute not found: check if there is a RefParameter without a condition.
2025-12-26 22:46:30,632 [WARN] IP:2250 - PinAttribute not found: check if there is a RefParameter without a condition.
2025-12-26 22:46:30,632 [WARN] IP:2250 - PinAttribute not found: check if there is a RefParameter without a condition.
2025-12-26 22:46:30,634 [WARN] IP:2250 - PinAttribute not found: check if there is a RefParameter without a condition.
2025-12-26 22:46:30,634 [WARN] IP:2250 - PinAttribute not found: check if there is a RefParameter without a condition.
2025-12-26 22:46:30,634 [WARN] IP:2250 - PinAttribute not found: check if there is a RefParameter without a condition.
2025-12-26 22:46:30,634 [WARN] IP:2250 - PinAttribute not found: check if there is a RefParameter without a condition.
2025-12-26 22:46:30,634 [WARN] IP:2250 - PinAttribute not found: check if there is a RefParameter without a condition.
2025-12-26 22:46:30,635 [WARN] IP:2250 - PinAttribute not found: check if there is a RefParameter without a condition.
2025-12-26 22:46:30,635 [WARN] IP:2250 - PinAttribute not found: check if there is a RefParameter without a condition.
2025-12-26 22:46:30,636 [WARN] IP:2250 - PinAttribute not found: check if there is a RefParameter without a condition.
2025-12-26 22:46:30,636 [WARN] IP:2250 - PinAttribute not found: check if there is a RefParameter without a condition.
2025-12-26 22:46:30,637 [WARN] IP:2250 - PinAttribute not found: check if there is a RefParameter without a condition.
2025-12-26 22:46:30,637 [WARN] IP:2250 - PinAttribute not found: check if there is a RefParameter without a condition.
2025-12-26 22:46:30,637 [WARN] IP:2250 - PinAttribute not found: check if there is a RefParameter without a condition.
2025-12-26 22:46:30,638 [WARN] IP:2250 - PinAttribute not found: check if there is a RefParameter without a condition.
2025-12-26 22:46:30,638 [WARN] IP:2250 - PinAttribute not found: check if there is a RefParameter without a condition.
2025-12-26 22:46:30,639 [WARN] IP:2250 - PinAttribute not found: check if there is a RefParameter without a condition.
2025-12-26 22:46:30,639 [WARN] IP:2250 - PinAttribute not found: check if there is a RefParameter without a condition.
2025-12-26 22:46:30,640 [WARN] IP:2250 - PinAttribute not found: check if there is a RefParameter without a condition.
2025-12-26 22:46:30,640 [WARN] IP:2250 - PinAttribute not found: check if there is a RefParameter without a condition.
2025-12-26 22:46:30,640 [WARN] IP:2250 - PinAttribute not found: check if there is a RefParameter without a condition.
2025-12-26 22:46:30,640 [WARN] IP:2250 - PinAttribute not found: check if there is a RefParameter without a condition.
2025-12-26 22:46:30,640 [WARN] IP:2250 - PinAttribute not found: check if there is a RefParameter without a condition.
2025-12-26 22:46:30,642 [WARN] IP:2250 - PinAttribute not found: check if there is a RefParameter without a condition.
2025-12-26 22:46:30,642 [WARN] IP:2250 - PinAttribute not found: check if there is a RefParameter without a condition.
2025-12-26 22:46:30,642 [WARN] IP:2250 - PinAttribute not found: check if there is a RefParameter without a condition.
2025-12-26 22:46:30,642 [WARN] IP:2250 - PinAttribute not found: check if there is a RefParameter without a condition.
2025-12-26 22:46:30,643 [WARN] IP:2250 - PinAttribute not found: check if there is a RefParameter without a condition.
2025-12-26 22:46:30,643 [WARN] IP:2250 - PinAttribute not found: check if there is a RefParameter without a condition.
2025-12-26 22:46:30,643 [WARN] IP:2250 - PinAttribute not found: check if there is a RefParameter without a condition.
2025-12-26 22:46:30,645 [INFO] ImportTextPane:234 - (OptionalMessage_ERROR) IP (BOOTPATH) : Invalid parameter (BootPathName)
2025-12-26 22:46:30,646 [INFO] ImportTextPane:234 - (OptionalMessage_ERROR) IP (RCC) : Invalid parameter (EPOD_VALUE)
2025-12-26 22:46:30,646 [INFO] ImportTextPane:234 - (OptionalMessage_ERROR) IP (RCC) : Invalid parameter (FamilyName)
2025-12-26 22:46:30,646 [INFO] ImportTextPane:234 - (OptionalMessage_ERROR) IP (RCC) : Invalid parameter (LSIRC_VALUE)
2025-12-26 22:46:30,647 [INFO] ImportTextPane:234 - (OptionalMessage_ERROR) IP (RCC) : Parameter (SAI1Freq_Value) has invalid value (806250000)
2025-12-26 22:46:30,647 [INFO] ImportTextPane:234 - (OptionalMessage_ERROR) IP (RCC) : Parameter (SAI2Freq_Value) has invalid value (806250000)
2025-12-26 22:46:30,647 [INFO] ImportTextPane:234 - (OptionalMessage_ERROR) IP (RCC) : Parameter (SPI2Freq_Value) has invalid value (250000000)
2025-12-26 22:46:30,647 [INFO] ImportTextPane:234 - (OptionalMessage_ERROR) IP (RCC) : Parameter (SPI3Freq_Value) has invalid value (250000000)
2025-12-26 22:46:30,647 [INFO] ImportTextPane:234 - (OptionalMessage_ERROR) IP (RCC) : Parameter (SPI4Freq_Value) has invalid value (250000000)
2025-12-26 22:46:30,647 [INFO] ImportTextPane:234 - (OptionalMessage_ERROR) IP (RCC) : Parameter (SPI6Freq_Value) has invalid value (250000000)
2025-12-26 22:46:30,805 [INFO] UtilMem:75 - End LoadConfig() Used Memory: 538248512 Bytes (1073741824)
2025-12-26 22:46:30,887 [WARN] ThirdParty:833 - waiting for thirdparty lock release [change project]
2025-12-26 22:46:30,888 [INFO] ThirdParty:835 - entering critical section [change project]
2025-12-26 22:46:30,888 [INFO] ThirdParty:1030 - CMSIS Pack Vendor :STMicroelectronics X-CUBE-PM33A1 1.0.0
2025-12-26 22:46:30,888 [INFO] ThirdParty:1030 - CMSIS Pack Vendor :STMicroelectronics USBPD 4.1
2025-12-26 22:46:30,888 [INFO] ThirdParty:1030 - CMSIS Pack Vendor :STMicroelectronics X-CUBE-NFC9 1.0.0
2025-12-26 22:46:30,888 [INFO] ThirdParty:1030 - CMSIS Pack Vendor :STMicroelectronics USB_HOST 2.0.0
2025-12-26 22:46:30,888 [INFO] ThirdParty:1030 - CMSIS Pack Vendor :STMicroelectronics FP-SNS-MOTENVWB1 1.4.0
2025-12-26 22:46:30,888 [INFO] ThirdParty:1030 - CMSIS Pack Vendor :STMicroelectronics X-CUBE-AZRTOS-F4 1.1.0
2025-12-26 22:46:30,888 [INFO] ThirdParty:1030 - CMSIS Pack Vendor :STMicroelectronics LIBJPEG 8.0.0
2025-12-26 22:46:30,888 [INFO] ThirdParty:1030 - CMSIS Pack Vendor :STMicroelectronics FP-ATR-ASTRA1 2.0.2
2025-12-26 22:46:30,888 [INFO] ThirdParty:1030 - CMSIS Pack Vendor :wolfSSL I-CUBE-wolfSSL 5.8.2
2025-12-26 22:46:30,888 [INFO] ThirdParty:1030 - CMSIS Pack Vendor :STMicroelectronics X-CUBE-BLE1 7.1.0
2025-12-26 22:46:30,888 [INFO] ThirdParty:1030 - CMSIS Pack Vendor :STMicroelectronics X-CUBE-SMBUS 2.1.0
2025-12-26 22:46:30,888 [INFO] ThirdParty:1030 - CMSIS Pack Vendor :wolfSSL I-CUBE-wolfMQTT 1.19.2
2025-12-26 22:46:30,888 [INFO] ThirdParty:1030 - CMSIS Pack Vendor :STMicroelectronics USB_DEVICE 3.0.0
2025-12-26 22:46:30,888 [INFO] ThirdParty:1030 - CMSIS Pack Vendor :STMicroelectronics X-CUBE-ISPU 2.1.0
2025-12-26 22:46:30,888 [INFO] ThirdParty:1030 - CMSIS Pack Vendor :STMicroelectronics X-CUBE-FREERTOS 1.4.0
2025-12-26 22:46:30,888 [INFO] ThirdParty:1030 - CMSIS Pack Vendor :STMicroelectronics X-CUBE-EEPRMA1 5.2.0
2025-12-26 22:46:30,888 [INFO] ThirdParty:1030 - CMSIS Pack Vendor :STMicroelectronics X-CUBE-IPS 3.2.0
2025-12-26 22:46:30,888 [INFO] ThirdParty:1030 - CMSIS Pack Vendor :STMicroelectronics X-CUBE-BLEMGR 4.1.0
2025-12-26 22:46:30,888 [INFO] ThirdParty:1030 - CMSIS Pack Vendor :STMicroelectronics X-CUBE-AZRTOS-WB 2.0.0
2025-12-26 22:46:30,888 [INFO] ThirdParty:1030 - CMSIS Pack Vendor :STMicroelectronics X-CUBE-NFC12 1.0.0
2025-12-26 22:46:30,888 [INFO] ThirdParty:1030 - CMSIS Pack Vendor :STMicroelectronics X-CUBE-AZRTOS-F7 1.1.0
2025-12-26 22:46:30,888 [INFO] ThirdParty:1030 - CMSIS Pack Vendor :STMicroelectronics X-CUBE-AZRTOS-L5 2.0.0
2025-12-26 22:46:30,888 [INFO] ThirdParty:1030 - CMSIS Pack Vendor :STMicroelectronics USB_DEVICE 2.0.0
2025-12-26 22:46:30,888 [INFO] ThirdParty:1030 - CMSIS Pack Vendor :STMicroelectronics X-CUBE-NFC6 3.1.0
2025-12-26 22:46:30,888 [INFO] ThirdParty:1030 - CMSIS Pack Vendor :STMicroelectronics X-CUBE-ST67W61 1.1.0
2025-12-26 22:46:30,888 [INFO] ThirdParty:1030 - CMSIS Pack Vendor :Cesanta I-CUBE-Mongoose 7.19.0
2025-12-26 22:46:30,888 [INFO] ThirdParty:1030 - CMSIS Pack Vendor :quantropi X-CUBE-qispace-sdk-base 2.1.0
2025-12-26 22:46:30,888 [INFO] ThirdParty:1030 - CMSIS Pack Vendor :STMicroelectronics X-CUBE-MEMS1 12.0.0
2025-12-26 22:46:30,888 [INFO] ThirdParty:1030 - CMSIS Pack Vendor :STMicroelectronics FP-SNS-MOTENV1 5.1.0
2025-12-26 22:46:30,889 [INFO] ThirdParty:1030 - CMSIS Pack Vendor :STMicroelectronics FreeRTOS 0.0.1
2025-12-26 22:46:30,889 [INFO] ThirdParty:1030 - CMSIS Pack Vendor :STMicroelectronics X-CUBE-AZRTOS-G0 1.1.0
2025-12-26 22:46:30,889 [INFO] ThirdParty:1030 - CMSIS Pack Vendor :STMicroelectronics X-CUBE-NFC4 3.0.0
2025-12-26 22:46:30,889 [INFO] ThirdParty:1030 - CMSIS Pack Vendor :STMicroelectronics X-CUBE-SUBG2 5.0.0
2025-12-26 22:46:30,889 [INFO] ThirdParty:1030 - CMSIS Pack Vendor :STMicroelectronics X-CUBE-AZRTOS-H7RS 1.1.0
2025-12-26 22:46:30,889 [INFO] ThirdParty:1030 - CMSIS Pack Vendor :STMicroelectronics STM32_WPAN 1.0.0
2025-12-26 22:46:30,889 [INFO] ThirdParty:1030 - CMSIS Pack Vendor :EmbeddedOffice I-CUBE-FS-RTOS 1.0.1
2025-12-26 22:46:30,889 [INFO] ThirdParty:1030 - CMSIS Pack Vendor :STMicroelectronics lwIP 2.0.3
2025-12-26 22:46:30,889 [INFO] ThirdParty:1030 - CMSIS Pack Vendor :WES I-CUBE-Cesium 1.4.0
2025-12-26 22:46:30,889 [INFO] ThirdParty:1030 - CMSIS Pack Vendor :STMicroelectronics USB_HOST 1.0.0
2025-12-26 22:46:30,889 [INFO] ThirdParty:1030 - CMSIS Pack Vendor :Infineon AIROC-Wi-Fi-Bluetooth-STM32 1.7.1
2025-12-26 22:46:30,889 [INFO] ThirdParty:1030 - CMSIS Pack Vendor :STMicroelectronics X-CUBE-AZRTOS-G4 2.0.0
2025-12-26 22:46:30,889 [INFO] ThirdParty:1030 - CMSIS Pack Vendor :STMicroelectronics X-CUBE-WB05N 2.0.0
2025-12-26 22:46:30,889 [INFO] ThirdParty:1030 - CMSIS Pack Vendor :STMicroelectronics PDM2PCM 3.1.0
2025-12-26 22:46:30,889 [INFO] ThirdParty:1030 - CMSIS Pack Vendor :STMicroelectronics PDM2PCM 3.3.0
2025-12-26 22:46:30,889 [INFO] ThirdParty:1030 - CMSIS Pack Vendor :wolfSSL I-CUBE-wolfTPM 3.8.0
2025-12-26 22:46:30,889 [INFO] ThirdParty:1030 - CMSIS Pack Vendor :STMicroelectronics X-CUBE-AZRTOS-H7 3.4.0
2025-12-26 22:46:30,889 [INFO] ThirdParty:1030 - CMSIS Pack Vendor :STMicroelectronics X-CUBE-DISPLAY 3.0.0
2025-12-26 22:46:30,889 [INFO] ThirdParty:1030 - CMSIS Pack Vendor :wolfSSL I-CUBE-wolfSSH 1.4.20
2025-12-26 22:46:30,889 [INFO] ThirdParty:1030 - CMSIS Pack Vendor :STMicroelectronics X-CUBE-NFC7 2.0.0
2025-12-26 22:46:30,889 [INFO] ThirdParty:1030 - CMSIS Pack Vendor :STMicroelectronics X-CUBE-TCPP 4.2.0
2025-12-26 22:46:30,889 [INFO] ThirdParty:1030 - CMSIS Pack Vendor :RealThread X-CUBE-RT-Thread_Nano 4.1.1
2025-12-26 22:46:30,889 [INFO] ThirdParty:1030 - CMSIS Pack Vendor :STMicroelectronics FP-ATR-SIGFOX1 3.2.0
2025-12-26 22:46:30,889 [INFO] ThirdParty:1030 - CMSIS Pack Vendor :STMicroelectronics X-CUBE-NFC10 1.0.0
2025-12-26 22:46:30,889 [INFO] ThirdParty:1030 - CMSIS Pack Vendor :STMicroelectronics X-CUBE-FREERTOS 1.3.1
2025-12-26 22:46:30,889 [INFO] ThirdParty:1030 - CMSIS Pack Vendor :STMicroelectronics HAL Drivers 0.0.0
2025-12-26 22:46:30,889 [INFO] ThirdParty:1030 - CMSIS Pack Vendor :STMicroelectronics MBEDTLS 2.16.2
2025-12-26 22:46:30,889 [INFO] ThirdParty:1030 - CMSIS Pack Vendor :STMicroelectronics X-CUBE-ST60 1.1.0
2025-12-26 22:46:30,889 [INFO] ThirdParty:1030 - CMSIS Pack Vendor :STMicroelectronics X-CUBE-ALS 1.0.2
2025-12-26 22:46:30,889 [INFO] ThirdParty:1030 - CMSIS Pack Vendor :emotas I-CUBE-CANOPEN 1.3.0
2025-12-26 22:46:30,889 [INFO] ThirdParty:1030 - CMSIS Pack Vendor :STMicroelectronics MBEDTLS 2.14.1
2025-12-26 22:46:30,889 [INFO] ThirdParty:1030 - CMSIS Pack Vendor :STMicroelectronics X-CUBE-GNSS1 7.1.0
2025-12-26 22:46:30,889 [INFO] ThirdParty:1030 - CMSIS Pack Vendor :ITTIA_DB I-CUBE-ITTIADB 8.9.0
2025-12-26 22:46:30,889 [INFO] ThirdParty:1030 - CMSIS Pack Vendor :STMicroelectronics X-CUBE-TOUCHGFX 4.26.0
2025-12-26 22:46:30,889 [INFO] ThirdParty:1030 - CMSIS Pack Vendor :STMicroelectronics X-CUBE-STSE01 1.0.0
2025-12-26 22:46:30,889 [INFO] ThirdParty:1030 - CMSIS Pack Vendor :STMicroelectronics FP-SNS-STBOX1 2.1.0
2025-12-26 22:46:30,889 [INFO] ThirdParty:1030 - CMSIS Pack Vendor :STMicroelectronics X-CUBE-AI 10.2.0
2025-12-26 22:46:30,889 [INFO] ThirdParty:1030 - CMSIS Pack Vendor :STMicroelectronics FP-SNS-STAIOTCFT 1.0.0
2025-12-26 22:46:30,889 [INFO] ThirdParty:1030 - CMSIS Pack Vendor :STMicroelectronics ThreadX 1.0.0
2025-12-26 22:46:30,889 [INFO] ThirdParty:1030 - CMSIS Pack Vendor :STMicroelectronics FP-SNS-SMARTAG2 1.2.0
2025-12-26 22:46:30,889 [INFO] ThirdParty:1030 - CMSIS Pack Vendor :STMicroelectronics FP-SNS-FLIGHT1 5.1.0
2025-12-26 22:46:30,889 [INFO] ThirdParty:1030 - CMSIS Pack Vendor :STMicroelectronics X-CUBE-AZRTOS-WL 2.0.0
2025-12-26 22:46:30,889 [INFO] ThirdParty:1030 - CMSIS Pack Vendor :SEGGER I-CUBE-embOS 1.3.1
2025-12-26 22:46:30,889 [INFO] ThirdParty:1030 - CMSIS Pack Vendor :STMicroelectronics X-CUBE-ALGOBUILD 1.4.0
2025-12-26 22:46:30,889 [INFO] ThirdParty:1030 - CMSIS Pack Vendor :STMicroelectronics X-CUBE-DPower 1.3.0
2025-12-26 22:46:30,889 [INFO] ThirdParty:1030 - CMSIS Pack Vendor :STMicroelectronics X-CUBE-MEMS1 11.3.0
2025-12-26 22:46:30,889 [INFO] ThirdParty:1030 - CMSIS Pack Vendor :STMicroelectronics USB_DEVICE 1.0.0
2025-12-26 22:46:30,889 [INFO] ThirdParty:1030 - CMSIS Pack Vendor :STMicroelectronics X-CUBE-AZRTOS-H7RS 1.2.0
2025-12-26 22:46:30,889 [INFO] ThirdParty:1030 - CMSIS Pack Vendor :STMicroelectronics X-CUBE-AZRTOS-L4 2.0.0
2025-12-26 22:46:30,889 [INFO] ThirdParty:1030 - CMSIS Pack Vendor :STMicroelectronics ThreadX 0.0.2
2025-12-26 22:46:30,889 [INFO] ThirdParty:1030 - CMSIS Pack Vendor :STMicroelectronics lwIP 2.1.2
2025-12-26 22:46:30,889 [INFO] ThirdParty:1030 - CMSIS Pack Vendor :STMicroelectronics X-CUBE-SFXS2LP1 4.0.0
2025-12-26 22:46:30,889 [INFO] ThirdParty:1030 - CMSIS Pack Vendor :STMicroelectronics X-CUBE-BLE2 3.3.0
2025-12-26 22:46:30,889 [INFO] ThirdParty:1030 - CMSIS Pack Vendor :Avnet-IOTCONNECT X-CUBE-iotc-st67-sdk 1.0.0
2025-12-26 22:46:30,889 [INFO] ThirdParty:1030 - CMSIS Pack Vendor :STMicroelectronics X-CUBE-TOF1 3.4.3
2025-12-26 22:46:30,889 [INFO] ThirdParty:1030 - CMSIS Pack Vendor :STMicroelectronics PDM2PCM 3.2.0
2025-12-26 22:46:30,889 [INFO] ThirdParty:841 - exiting critical section [change project]
2025-12-26 22:46:31,300 [INFO] PinOutPanel:1589 - setPackage(No Configuration,No Configuration)
2025-12-26 22:46:31,300 [INFO] PinOutPanel:1589 - setPackage(STM32H563VGTx,LQFP100)
2025-12-26 22:46:31,345 [WARN] IP:2250 - rccPrivilegeSecure not found: check if there is a RefParameter without a condition.
2025-12-26 22:46:31,345 [WARN] IP:2250 - rccSecurity not found: check if there is a RefParameter without a condition.
2025-12-26 22:46:31,462 [WARN] IP:2250 - rccPrivilegeSecure not found: check if there is a RefParameter without a condition.
2025-12-26 22:46:31,462 [WARN] IP:2250 - rccSecurity not found: check if there is a RefParameter without a condition.
2025-12-26 22:46:31,653 [WARN] IP:2250 - rccPrivilegeSecure not found: check if there is a RefParameter without a condition.
2025-12-26 22:46:31,653 [WARN] IP:2250 - rccSecurity not found: check if there is a RefParameter without a condition.
2025-12-26 22:46:31,665 [INFO] UtilMem:75 - Before build in PCC Used Memory: 518965312 Bytes (1073741824)
2025-12-26 22:46:31,960 [INFO] UtilMem:75 - After build in PCC Used Memory: 717146176 Bytes (1073741824)
2025-12-26 22:46:31,980 [INFO] IPUIPlugin:80 - create IPUIPlugin
2025-12-26 22:46:31,980 [INFO] IPUIPlugin:80 - create IPUIPlugin
2025-12-26 22:46:31,980 [INFO] IPUIPlugin:80 - create IPUIPlugin
2025-12-26 22:46:31,980 [INFO] IPUIPlugin:80 - create IPUIPlugin
2025-12-26 22:46:31,980 [INFO] IPUIPlugin:80 - create IPUIPlugin
2025-12-26 22:46:31,980 [INFO] IPUIPlugin:80 - create IPUIPlugin
2025-12-26 22:46:31,980 [INFO] IPUIPlugin:80 - create IPUIPlugin
2025-12-26 22:46:31,980 [INFO] IPUIPlugin:80 - create IPUIPlugin
2025-12-26 22:46:31,980 [INFO] IPUIPlugin:80 - create IPUIPlugin
2025-12-26 22:46:31,981 [INFO] IPUIPlugin:80 - create IPUIPlugin
2025-12-26 22:46:31,981 [INFO] IPUIPlugin:80 - create IPUIPlugin
2025-12-26 22:46:31,981 [INFO] IPUIPlugin:80 - create IPUIPlugin
2025-12-26 22:46:31,981 [INFO] IPUIPlugin:80 - create IPUIPlugin
2025-12-26 22:46:31,981 [INFO] IPUIPlugin:80 - create IPUIPlugin
2025-12-26 22:46:31,981 [INFO] IPUIPlugin:80 - create IPUIPlugin
2025-12-26 22:46:31,981 [INFO] IPUIPlugin:80 - create IPUIPlugin
2025-12-26 22:46:31,981 [INFO] IPUIPlugin:80 - create IPUIPlugin
2025-12-26 22:46:31,981 [INFO] IPUIPlugin:80 - create IPUIPlugin
2025-12-26 22:46:31,981 [INFO] IPUIPlugin:80 - create IPUIPlugin
2025-12-26 22:46:31,981 [INFO] IPUIPlugin:80 - create IPUIPlugin
2025-12-26 22:46:31,981 [INFO] IPUIPlugin:80 - create IPUIPlugin
2025-12-26 22:46:31,981 [INFO] IPUIPlugin:80 - create IPUIPlugin
2025-12-26 22:46:31,982 [INFO] IPUIPlugin:80 - create IPUIPlugin
2025-12-26 22:46:31,982 [INFO] IPUIPlugin:80 - create IPUIPlugin
2025-12-26 22:46:31,982 [INFO] IPUIPlugin:80 - create IPUIPlugin
2025-12-26 22:46:31,982 [INFO] IPUIPlugin:80 - create IPUIPlugin
2025-12-26 22:46:31,982 [INFO] IPUIPlugin:80 - create IPUIPlugin
2025-12-26 22:46:31,982 [INFO] IPUIPlugin:80 - create IPUIPlugin
2025-12-26 22:46:31,982 [INFO] IPUIPlugin:80 - create IPUIPlugin
2025-12-26 22:46:31,982 [INFO] IPUIPlugin:80 - create IPUIPlugin
2025-12-26 22:46:31,982 [INFO] IPUIPlugin:80 - create IPUIPlugin
2025-12-26 22:46:31,982 [INFO] IPUIPlugin:80 - create IPUIPlugin
2025-12-26 22:46:31,982 [INFO] IPUIPlugin:80 - create IPUIPlugin
2025-12-26 22:46:31,982 [INFO] IPUIPlugin:80 - create IPUIPlugin
2025-12-26 22:46:31,983 [INFO] IPUIPlugin:80 - create IPUIPlugin
2025-12-26 22:46:31,983 [INFO] IPUIPlugin:80 - create IPUIPlugin
2025-12-26 22:46:31,983 [INFO] IPUIPlugin:80 - create IPUIPlugin
2025-12-26 22:46:31,983 [INFO] IPUIPlugin:80 - create IPUIPlugin
2025-12-26 22:46:31,983 [INFO] IPUIPlugin:80 - create IPUIPlugin
2025-12-26 22:46:31,984 [INFO] IPUIPlugin:80 - create IPUIPlugin
2025-12-26 22:46:31,984 [INFO] IPUIPlugin:80 - create IPUIPlugin
2025-12-26 22:46:31,984 [INFO] IPUIPlugin:80 - create IPUIPlugin
2025-12-26 22:46:31,984 [INFO] IPUIPlugin:80 - create IPUIPlugin
2025-12-26 22:46:31,984 [INFO] IPUIPlugin:80 - create IPUIPlugin
2025-12-26 22:46:31,984 [INFO] IPUIPlugin:80 - create IPUIPlugin
2025-12-26 22:46:31,984 [INFO] IPUIPlugin:80 - create IPUIPlugin
2025-12-26 22:46:31,984 [INFO] IPUIPlugin:80 - create IPUIPlugin
2025-12-26 22:46:31,984 [INFO] IPUIPlugin:80 - create IPUIPlugin
2025-12-26 22:46:31,985 [INFO] IPUIPlugin:80 - create IPUIPlugin
2025-12-26 22:46:31,985 [INFO] IPUIPlugin:80 - create IPUIPlugin
2025-12-26 22:46:31,985 [INFO] IPUIPlugin:80 - create IPUIPlugin
2025-12-26 22:46:31,985 [INFO] IPUIPlugin:80 - create IPUIPlugin
2025-12-26 22:46:31,985 [INFO] IPUIPlugin:80 - create IPUIPlugin
2025-12-26 22:46:31,985 [INFO] IPUIPlugin:80 - create IPUIPlugin
2025-12-26 22:46:31,985 [INFO] IPUIPlugin:80 - create IPUIPlugin
2025-12-26 22:46:31,985 [INFO] IPUIPlugin:80 - create IPUIPlugin
2025-12-26 22:46:31,985 [INFO] IPUIPlugin:80 - create IPUIPlugin
2025-12-26 22:46:31,985 [INFO] IPUIPlugin:80 - create IPUIPlugin
2025-12-26 22:46:31,986 [INFO] IPUIPlugin:80 - create IPUIPlugin
2025-12-26 22:46:31,986 [INFO] IPUIPlugin:80 - create IPUIPlugin
2025-12-26 22:46:31,986 [INFO] IPUIPlugin:80 - create IPUIPlugin
2025-12-26 22:46:31,986 [INFO] IPUIPlugin:80 - create IPUIPlugin
2025-12-26 22:46:31,986 [INFO] IPUIPlugin:80 - create IPUIPlugin
2025-12-26 22:46:31,986 [INFO] IPUIPlugin:80 - create IPUIPlugin
2025-12-26 22:46:31,986 [INFO] IPUIPlugin:80 - create IPUIPlugin
2025-12-26 22:46:31,986 [INFO] IPUIPlugin:80 - create IPUIPlugin
2025-12-26 22:46:31,986 [INFO] IPUIPlugin:80 - create IPUIPlugin
2025-12-26 22:46:31,987 [INFO] IPUIPlugin:80 - create IPUIPlugin
2025-12-26 22:46:31,987 [INFO] IPUIPlugin:80 - create IPUIPlugin
2025-12-26 22:46:31,987 [INFO] IPUIPlugin:80 - create IPUIPlugin
2025-12-26 22:46:31,987 [INFO] IPUIPlugin:80 - create IPUIPlugin
2025-12-26 22:46:31,987 [INFO] IPUIPlugin:80 - create IPUIPlugin
2025-12-26 22:46:31,987 [INFO] IPUIPlugin:80 - create IPUIPlugin
2025-12-26 22:46:31,987 [INFO] IPUIPlugin:80 - create IPUIPlugin
2025-12-26 22:46:31,987 [INFO] IPUIPlugin:80 - create IPUIPlugin
2025-12-26 22:46:31,987 [INFO] IPUIPlugin:80 - create IPUIPlugin
2025-12-26 22:46:31,987 [INFO] IPUIPlugin:80 - create IPUIPlugin
2025-12-26 22:46:31,987 [INFO] IPUIPlugin:80 - create IPUIPlugin
2025-12-26 22:46:31,987 [INFO] IPUIPlugin:80 - create IPUIPlugin
2025-12-26 22:46:31,987 [INFO] IPUIPlugin:80 - create IPUIPlugin
2025-12-26 22:46:31,987 [INFO] IPUIPlugin:80 - create IPUIPlugin
2025-12-26 22:46:31,987 [INFO] IPUIPlugin:80 - create IPUIPlugin
2025-12-26 22:46:31,988 [INFO] IPUIPlugin:80 - create IPUIPlugin
2025-12-26 22:46:31,988 [INFO] IPUIPlugin:80 - create IPUIPlugin
2025-12-26 22:46:31,988 [INFO] IPUIPlugin:80 - create IPUIPlugin
2025-12-26 22:46:31,988 [INFO] IPUIPlugin:80 - create IPUIPlugin
2025-12-26 22:46:31,988 [INFO] IPUIPlugin:80 - create IPUIPlugin
2025-12-26 22:46:31,988 [INFO] IPUIPlugin:80 - create IPUIPlugin
2025-12-26 22:46:31,988 [INFO] IPUIPlugin:80 - create IPUIPlugin
2025-12-26 22:46:31,989 [INFO] IPUIPlugin:80 - create IPUIPlugin
2025-12-26 22:46:31,989 [INFO] IPUIPlugin:80 - create IPUIPlugin
2025-12-26 22:46:31,989 [INFO] IPUIPlugin:80 - create IPUIPlugin
2025-12-26 22:46:31,989 [INFO] IPUIPlugin:80 - create IPUIPlugin
2025-12-26 22:46:31,989 [INFO] IPUIPlugin:80 - create IPUIPlugin
2025-12-26 22:46:31,989 [INFO] IPUIPlugin:80 - create IPUIPlugin
2025-12-26 22:46:31,990 [INFO] IPUIPlugin:80 - create IPUIPlugin
2025-12-26 22:46:31,990 [INFO] IPUIPlugin:80 - create IPUIPlugin
2025-12-26 22:46:31,990 [INFO] IPUIPlugin:80 - create IPUIPlugin
2025-12-26 22:46:31,990 [INFO] IPUIPlugin:80 - create IPUIPlugin
2025-12-26 22:46:31,990 [INFO] IPUIPlugin:80 - create IPUIPlugin
2025-12-26 22:46:32,005 [INFO] ProjectChoiceTab:3673 - Project Structure = Dual Non Secure / Secure
2025-12-26 22:46:32,059 [INFO] CADModel:165 - CPN selected for project levelSTM32H563VGT6
2025-12-26 22:46:32,059 [INFO] CADModel:114 - Register for checkConnection events
2025-12-26 22:46:32,098 [INFO] OpenFileManager:386 - Restore cursor
2025-12-26 22:46:32,164 [WARN] IP:2250 - DATAEXCHANGEDESRCBYTE_GPDMACH5 not found: check if there is a RefParameter without a condition.
2025-12-26 22:46:32,164 [WARN] IP:2250 - DATAEXCHANGEDESTHALFWORD_GPDMACH5 not found: check if there is a RefParameter without a condition.
2025-12-26 22:46:32,223 [WARN] IP:2250 - PinAttribute not found: check if there is a RefParameter without a condition.
2025-12-26 22:46:32,223 [WARN] IP:2250 - PinAttribute not found: check if there is a RefParameter without a condition.
2025-12-26 22:46:32,223 [WARN] IP:2250 - PinAttribute not found: check if there is a RefParameter without a condition.
2025-12-26 22:46:32,223 [WARN] IP:2250 - PinAttribute not found: check if there is a RefParameter without a condition.
2025-12-26 22:46:32,223 [WARN] IP:2250 - PinAttribute not found: check if there is a RefParameter without a condition.
2025-12-26 22:46:32,223 [WARN] IP:2250 - PinAttribute not found: check if there is a RefParameter without a condition.
2025-12-26 22:46:32,223 [WARN] IP:2250 - PinAttribute not found: check if there is a RefParameter without a condition.
2025-12-26 22:46:32,226 [WARN] IP:2250 - PinAttribute not found: check if there is a RefParameter without a condition.
2025-12-26 22:46:32,226 [WARN] IP:2250 - PinAttribute not found: check if there is a RefParameter without a condition.
2025-12-26 22:46:32,226 [WARN] IP:2250 - PinAttribute not found: check if there is a RefParameter without a condition.
2025-12-26 22:46:32,226 [WARN] IP:2250 - PinAttribute not found: check if there is a RefParameter without a condition.
2025-12-26 22:46:32,226 [WARN] IP:2250 - PinAttribute not found: check if there is a RefParameter without a condition.
2025-12-26 22:46:32,227 [WARN] IP:2250 - PinAttribute not found: check if there is a RefParameter without a condition.
2025-12-26 22:46:32,227 [WARN] IP:2250 - PinAttribute not found: check if there is a RefParameter without a condition.
2025-12-26 22:46:32,227 [WARN] IP:2250 - PinAttribute not found: check if there is a RefParameter without a condition.
2025-12-26 22:46:32,227 [WARN] IP:2250 - PinAttribute not found: check if there is a RefParameter without a condition.
2025-12-26 22:46:32,227 [WARN] IP:2250 - PinAttribute not found: check if there is a RefParameter without a condition.
2025-12-26 22:46:32,227 [WARN] IP:2250 - PinAttribute not found: check if there is a RefParameter without a condition.
2025-12-26 22:46:32,228 [WARN] IP:2250 - PinAttribute not found: check if there is a RefParameter without a condition.
2025-12-26 22:46:32,228 [WARN] IP:2250 - PinAttribute not found: check if there is a RefParameter without a condition.
2025-12-26 22:46:32,228 [WARN] IP:2250 - PinAttribute not found: check if there is a RefParameter without a condition.
2025-12-26 22:46:32,229 [WARN] IP:2250 - PinAttribute not found: check if there is a RefParameter without a condition.
2025-12-26 22:46:32,229 [WARN] IP:2250 - pwrPrivilegeSecure not found: check if there is a RefParameter without a condition.
2025-12-26 22:46:32,229 [WARN] IP:2250 - pwrPrivilegeNSecure not found: check if there is a RefParameter without a condition.
2025-12-26 22:46:32,229 [WARN] IP:2250 - PWR_WKUP1 not found: check if there is a RefParameter without a condition.
2025-12-26 22:46:32,229 [WARN] IP:2250 - PWR_WKUP2 not found: check if there is a RefParameter without a condition.
2025-12-26 22:46:32,229 [WARN] IP:2250 - PWR_WKUP3 not found: check if there is a RefParameter without a condition.
2025-12-26 22:46:32,229 [WARN] IP:2250 - PWR_WKUP4 not found: check if there is a RefParameter without a condition.
2025-12-26 22:46:32,229 [WARN] IP:2250 - PWR_WKUP5 not found: check if there is a RefParameter without a condition.
2025-12-26 22:46:32,229 [WARN] IP:2250 - PWR_WKUP6 not found: check if there is a RefParameter without a condition.
2025-12-26 22:46:32,229 [WARN] IP:2250 - PWR_WKUP7 not found: check if there is a RefParameter without a condition.
2025-12-26 22:46:32,229 [WARN] IP:2250 - PWR_WKUP8 not found: check if there is a RefParameter without a condition.
2025-12-26 22:46:32,229 [WARN] IP:2250 - PWR_LPM not found: check if there is a RefParameter without a condition.
2025-12-26 22:46:32,229 [WARN] IP:2250 - PWR_VB not found: check if there is a RefParameter without a condition.
2025-12-26 22:46:32,229 [WARN] IP:2250 - PWR_IO not found: check if there is a RefParameter without a condition.
2025-12-26 22:46:32,229 [WARN] IP:2250 - PWR_SCM not found: check if there is a RefParameter without a condition.
2025-12-26 22:46:32,229 [WARN] IP:2250 - PWR_VUSB not found: check if there is a RefParameter without a condition.
2025-12-26 22:46:32,229 [WARN] IP:2250 - pwrPrivilegeSecure not found: check if there is a RefParameter without a condition.
2025-12-26 22:46:32,229 [WARN] IP:2250 - pwrPrivilegeNSecure not found: check if there is a RefParameter without a condition.
2025-12-26 22:46:32,229 [WARN] IP:2250 - PWR_WKUP1 not found: check if there is a RefParameter without a condition.
2025-12-26 22:46:32,229 [WARN] IP:2250 - PWR_WKUP2 not found: check if there is a RefParameter without a condition.
2025-12-26 22:46:32,229 [WARN] IP:2250 - PWR_WKUP3 not found: check if there is a RefParameter without a condition.
2025-12-26 22:46:32,229 [WARN] IP:2250 - PWR_WKUP4 not found: check if there is a RefParameter without a condition.
2025-12-26 22:46:32,229 [WARN] IP:2250 - PWR_WKUP5 not found: check if there is a RefParameter without a condition.
2025-12-26 22:46:32,229 [WARN] IP:2250 - PWR_WKUP6 not found: check if there is a RefParameter without a condition.
2025-12-26 22:46:32,229 [WARN] IP:2250 - PWR_WKUP7 not found: check if there is a RefParameter without a condition.
2025-12-26 22:46:32,229 [WARN] IP:2250 - PWR_WKUP8 not found: check if there is a RefParameter without a condition.
2025-12-26 22:46:32,229 [WARN] IP:2250 - PWR_LPM not found: check if there is a RefParameter without a condition.
2025-12-26 22:46:32,229 [WARN] IP:2250 - PWR_VB not found: check if there is a RefParameter without a condition.
2025-12-26 22:46:32,229 [WARN] IP:2250 - PWR_IO not found: check if there is a RefParameter without a condition.
2025-12-26 22:46:32,229 [WARN] IP:2250 - PWR_SCM not found: check if there is a RefParameter without a condition.
2025-12-26 22:46:32,229 [WARN] IP:2250 - PWR_VUSB not found: check if there is a RefParameter without a condition.
2025-12-26 22:46:32,229 [WARN] IP:2250 - PinAttribute not found: check if there is a RefParameter without a condition.
2025-12-26 22:46:32,229 [WARN] IP:2250 - PinAttribute not found: check if there is a RefParameter without a condition.
2025-12-26 22:46:32,229 [WARN] IP:2250 - PinAttribute not found: check if there is a RefParameter without a condition.
2025-12-26 22:46:32,229 [WARN] IP:2250 - PinAttribute not found: check if there is a RefParameter without a condition.
2025-12-26 22:46:32,229 [WARN] IP:2250 - PinAttribute not found: check if there is a RefParameter without a condition.
2025-12-26 22:46:32,229 [WARN] IP:2250 - PinAttribute not found: check if there is a RefParameter without a condition.
2025-12-26 22:46:32,229 [WARN] IP:2250 - PinAttribute not found: check if there is a RefParameter without a condition.
2025-12-26 22:46:32,231 [WARN] IP:2250 - rccPrivilegeSecure not found: check if there is a RefParameter without a condition.
2025-12-26 22:46:32,231 [WARN] IP:2250 - rccSecurity not found: check if there is a RefParameter without a condition.
2025-12-26 22:46:32,239 [WARN] IP:2250 - rccPrivilegeSecure not found: check if there is a RefParameter without a condition.
2025-12-26 22:46:32,239 [WARN] IP:2250 - rccSecurity not found: check if there is a RefParameter without a condition.
2025-12-26 22:46:32,251 [WARN] IP:2250 - PinAttribute not found: check if there is a RefParameter without a condition.
2025-12-26 22:46:32,251 [WARN] IP:2250 - PinAttribute not found: check if there is a RefParameter without a condition.
2025-12-26 22:46:32,252 [WARN] IP:2250 - PinAttribute not found: check if there is a RefParameter without a condition.
2025-12-26 22:46:32,252 [WARN] IP:2250 - PinAttribute not found: check if there is a RefParameter without a condition.
2025-12-26 22:46:32,252 [WARN] IP:2250 - PinAttribute not found: check if there is a RefParameter without a condition.
2025-12-26 22:46:32,252 [WARN] IP:2250 - PinAttribute not found: check if there is a RefParameter without a condition.
2025-12-26 22:46:32,252 [WARN] IP:2250 - PinAttribute not found: check if there is a RefParameter without a condition.
2025-12-26 22:46:32,254 [WARN] IP:2250 - PinAttribute not found: check if there is a RefParameter without a condition.
2025-12-26 22:46:32,254 [WARN] IP:2250 - PinAttribute not found: check if there is a RefParameter without a condition.
2025-12-26 22:46:32,254 [WARN] IP:2250 - PinAttribute not found: check if there is a RefParameter without a condition.
2025-12-26 22:46:32,254 [WARN] IP:2250 - PinAttribute not found: check if there is a RefParameter without a condition.
2025-12-26 22:46:32,254 [WARN] IP:2250 - PinAttribute not found: check if there is a RefParameter without a condition.
2025-12-26 22:46:32,254 [WARN] IP:2250 - PinAttribute not found: check if there is a RefParameter without a condition.
2025-12-26 22:46:32,254 [WARN] IP:2250 - PinAttribute not found: check if there is a RefParameter without a condition.
2025-12-26 22:46:32,266 [WARN] IP:2250 - PinAttribute not found: check if there is a RefParameter without a condition.
2025-12-26 22:46:32,266 [WARN] IP:2250 - PinAttribute not found: check if there is a RefParameter without a condition.
2025-12-26 22:46:32,266 [WARN] IP:2250 - PinAttribute not found: check if there is a RefParameter without a condition.
2025-12-26 22:46:32,267 [WARN] IP:2250 - PinAttribute not found: check if there is a RefParameter without a condition.
2025-12-26 22:46:32,267 [WARN] IP:2250 - PinAttribute not found: check if there is a RefParameter without a condition.
2025-12-26 22:46:32,267 [WARN] IP:2250 - PinAttribute not found: check if there is a RefParameter without a condition.
2025-12-26 22:46:32,267 [WARN] IP:2250 - PinAttribute not found: check if there is a RefParameter without a condition.
2025-12-26 22:46:32,269 [WARN] IP:2250 - PinAttribute not found: check if there is a RefParameter without a condition.
2025-12-26 22:46:32,269 [WARN] IP:2250 - PinAttribute not found: check if there is a RefParameter without a condition.
2025-12-26 22:46:32,269 [WARN] IP:2250 - PinAttribute not found: check if there is a RefParameter without a condition.
2025-12-26 22:46:32,269 [WARN] IP:2250 - PinAttribute not found: check if there is a RefParameter without a condition.
2025-12-26 22:46:32,269 [WARN] IP:2250 - PinAttribute not found: check if there is a RefParameter without a condition.
2025-12-26 22:46:32,269 [WARN] IP:2250 - PinAttribute not found: check if there is a RefParameter without a condition.
2025-12-26 22:46:32,269 [WARN] IP:2250 - PinAttribute not found: check if there is a RefParameter without a condition.
2025-12-26 22:46:32,281 [WARN] IP:2250 - PinAttribute not found: check if there is a RefParameter without a condition.
2025-12-26 22:46:32,282 [WARN] IP:2250 - PinAttribute not found: check if there is a RefParameter without a condition.
2025-12-26 22:46:32,282 [WARN] IP:2250 - PinAttribute not found: check if there is a RefParameter without a condition.
2025-12-26 22:46:32,282 [WARN] IP:2250 - PinAttribute not found: check if there is a RefParameter without a condition.
2025-12-26 22:46:32,282 [WARN] IP:2250 - PinAttribute not found: check if there is a RefParameter without a condition.
2025-12-26 22:46:32,282 [WARN] IP:2250 - PinAttribute not found: check if there is a RefParameter without a condition.
2025-12-26 22:46:32,282 [WARN] IP:2250 - PinAttribute not found: check if there is a RefParameter without a condition.
2025-12-26 22:46:32,284 [WARN] IP:2250 - PinAttribute not found: check if there is a RefParameter without a condition.
2025-12-26 22:46:32,284 [WARN] IP:2250 - PinAttribute not found: check if there is a RefParameter without a condition.
2025-12-26 22:46:32,284 [WARN] IP:2250 - PinAttribute not found: check if there is a RefParameter without a condition.
2025-12-26 22:46:32,284 [WARN] IP:2250 - PinAttribute not found: check if there is a RefParameter without a condition.
2025-12-26 22:46:32,285 [WARN] IP:2250 - PinAttribute not found: check if there is a RefParameter without a condition.
2025-12-26 22:46:32,285 [WARN] IP:2250 - PinAttribute not found: check if there is a RefParameter without a condition.
2025-12-26 22:46:32,285 [WARN] IP:2250 - PinAttribute not found: check if there is a RefParameter without a condition.
2025-12-26 22:46:32,292 [WARN] IP:2250 - PinAttribute not found: check if there is a RefParameter without a condition.
2025-12-26 22:46:32,293 [WARN] IP:2250 - PinAttribute not found: check if there is a RefParameter without a condition.
2025-12-26 22:46:32,293 [WARN] IP:2250 - PinAttribute not found: check if there is a RefParameter without a condition.
2025-12-26 22:46:32,293 [WARN] IP:2250 - PinAttribute not found: check if there is a RefParameter without a condition.
2025-12-26 22:46:32,293 [WARN] IP:2250 - PinAttribute not found: check if there is a RefParameter without a condition.
2025-12-26 22:46:32,293 [WARN] IP:2250 - PinAttribute not found: check if there is a RefParameter without a condition.
2025-12-26 22:46:32,293 [WARN] IP:2250 - PinAttribute not found: check if there is a RefParameter without a condition.
2025-12-26 22:46:32,296 [WARN] IP:2250 - PinAttribute not found: check if there is a RefParameter without a condition.
2025-12-26 22:46:32,296 [WARN] IP:2250 - PinAttribute not found: check if there is a RefParameter without a condition.
2025-12-26 22:46:32,296 [WARN] IP:2250 - PinAttribute not found: check if there is a RefParameter without a condition.
2025-12-26 22:46:32,296 [WARN] IP:2250 - PinAttribute not found: check if there is a RefParameter without a condition.
2025-12-26 22:46:32,296 [WARN] IP:2250 - PinAttribute not found: check if there is a RefParameter without a condition.
2025-12-26 22:46:32,296 [WARN] IP:2250 - PinAttribute not found: check if there is a RefParameter without a condition.
2025-12-26 22:46:32,296 [WARN] IP:2250 - PinAttribute not found: check if there is a RefParameter without a condition.
2025-12-26 22:46:32,306 [WARN] IP:2250 - PinAttribute not found: check if there is a RefParameter without a condition.
2025-12-26 22:46:32,307 [WARN] IP:2250 - PinAttribute not found: check if there is a RefParameter without a condition.
2025-12-26 22:46:32,307 [WARN] IP:2250 - PinAttribute not found: check if there is a RefParameter without a condition.
2025-12-26 22:46:32,307 [WARN] IP:2250 - PinAttribute not found: check if there is a RefParameter without a condition.
2025-12-26 22:46:32,307 [WARN] IP:2250 - PinAttribute not found: check if there is a RefParameter without a condition.
2025-12-26 22:46:32,307 [WARN] IP:2250 - PinAttribute not found: check if there is a RefParameter without a condition.
2025-12-26 22:46:32,307 [WARN] IP:2250 - PinAttribute not found: check if there is a RefParameter without a condition.
2025-12-26 22:46:32,308 [WARN] IP:2250 - PinAttribute not found: check if there is a RefParameter without a condition.
2025-12-26 22:46:32,308 [WARN] IP:2250 - PinAttribute not found: check if there is a RefParameter without a condition.
2025-12-26 22:46:32,308 [WARN] IP:2250 - PinAttribute not found: check if there is a RefParameter without a condition.
2025-12-26 22:46:32,308 [WARN] IP:2250 - PinAttribute not found: check if there is a RefParameter without a condition.
2025-12-26 22:46:32,309 [WARN] IP:2250 - PinAttribute not found: check if there is a RefParameter without a condition.
2025-12-26 22:46:32,309 [WARN] IP:2250 - PinAttribute not found: check if there is a RefParameter without a condition.
2025-12-26 22:46:32,309 [WARN] IP:2250 - PinAttribute not found: check if there is a RefParameter without a condition.
2025-12-26 22:46:32,319 [WARN] IP:2250 - PinAttribute not found: check if there is a RefParameter without a condition.
2025-12-26 22:46:32,319 [WARN] IP:2250 - PinAttribute not found: check if there is a RefParameter without a condition.
2025-12-26 22:46:32,319 [WARN] IP:2250 - PinAttribute not found: check if there is a RefParameter without a condition.
2025-12-26 22:46:32,319 [WARN] IP:2250 - PinAttribute not found: check if there is a RefParameter without a condition.
2025-12-26 22:46:32,319 [WARN] IP:2250 - PinAttribute not found: check if there is a RefParameter without a condition.
2025-12-26 22:46:32,319 [WARN] IP:2250 - PinAttribute not found: check if there is a RefParameter without a condition.
2025-12-26 22:46:32,319 [WARN] IP:2250 - PinAttribute not found: check if there is a RefParameter without a condition.
2025-12-26 22:46:32,321 [WARN] IP:2250 - PinAttribute not found: check if there is a RefParameter without a condition.
2025-12-26 22:46:32,321 [WARN] IP:2250 - PinAttribute not found: check if there is a RefParameter without a condition.
2025-12-26 22:46:32,321 [WARN] IP:2250 - PinAttribute not found: check if there is a RefParameter without a condition.
2025-12-26 22:46:32,321 [WARN] IP:2250 - PinAttribute not found: check if there is a RefParameter without a condition.
2025-12-26 22:46:32,321 [WARN] IP:2250 - PinAttribute not found: check if there is a RefParameter without a condition.
2025-12-26 22:46:32,321 [WARN] IP:2250 - PinAttribute not found: check if there is a RefParameter without a condition.
2025-12-26 22:46:32,321 [WARN] IP:2250 - PinAttribute not found: check if there is a RefParameter without a condition.
2025-12-26 22:46:32,332 [WARN] IP:2250 - PinAttribute not found: check if there is a RefParameter without a condition.
2025-12-26 22:46:32,332 [WARN] IP:2250 - PinAttribute not found: check if there is a RefParameter without a condition.
2025-12-26 22:46:32,332 [WARN] IP:2250 - PinAttribute not found: check if there is a RefParameter without a condition.
2025-12-26 22:46:32,332 [WARN] IP:2250 - PinAttribute not found: check if there is a RefParameter without a condition.
2025-12-26 22:46:32,332 [WARN] IP:2250 - PinAttribute not found: check if there is a RefParameter without a condition.
2025-12-26 22:46:32,332 [WARN] IP:2250 - PinAttribute not found: check if there is a RefParameter without a condition.
2025-12-26 22:46:32,332 [WARN] IP:2250 - PinAttribute not found: check if there is a RefParameter without a condition.
2025-12-26 22:46:32,333 [WARN] IP:2250 - PinAttribute not found: check if there is a RefParameter without a condition.
2025-12-26 22:46:32,333 [WARN] IP:2250 - PinAttribute not found: check if there is a RefParameter without a condition.
2025-12-26 22:46:32,334 [WARN] IP:2250 - PinAttribute not found: check if there is a RefParameter without a condition.
2025-12-26 22:46:32,334 [WARN] IP:2250 - PinAttribute not found: check if there is a RefParameter without a condition.
2025-12-26 22:46:32,334 [WARN] IP:2250 - PinAttribute not found: check if there is a RefParameter without a condition.
2025-12-26 22:46:32,334 [WARN] IP:2250 - PinAttribute not found: check if there is a RefParameter without a condition.
2025-12-26 22:46:32,334 [WARN] IP:2250 - PinAttribute not found: check if there is a RefParameter without a condition.
2025-12-26 22:46:32,335 [WARN] IP:2250 - PinAttribute not found: check if there is a RefParameter without a condition.
2025-12-26 22:46:32,335 [WARN] IP:2250 - PinAttribute not found: check if there is a RefParameter without a condition.
2025-12-26 22:46:32,335 [WARN] IP:2250 - PinAttribute not found: check if there is a RefParameter without a condition.
2025-12-26 22:46:32,335 [WARN] IP:2250 - PinAttribute not found: check if there is a RefParameter without a condition.
2025-12-26 22:46:32,335 [WARN] IP:2250 - PinAttribute not found: check if there is a RefParameter without a condition.
2025-12-26 22:46:32,335 [WARN] IP:2250 - PinAttribute not found: check if there is a RefParameter without a condition.
2025-12-26 22:46:32,335 [WARN] IP:2250 - PinAttribute not found: check if there is a RefParameter without a condition.
2025-12-26 22:46:32,338 [WARN] IP:2250 - DATAEXCHANGEDESRCBYTE_GPDMACH5 not found: check if there is a RefParameter without a condition.
2025-12-26 22:46:32,338 [WARN] IP:2250 - DATAEXCHANGEDESTHALFWORD_GPDMACH5 not found: check if there is a RefParameter without a condition.
2025-12-26 22:46:32,342 [WARN] IP:2250 - DATAEXCHANGEDESRCBYTE_GPDMACH5 not found: check if there is a RefParameter without a condition.
2025-12-26 22:46:32,342 [WARN] IP:2250 - DATAEXCHANGEDESTHALFWORD_GPDMACH5 not found: check if there is a RefParameter without a condition.
2025-12-26 22:46:32,345 [WARN] IP:2250 - PinAttribute not found: check if there is a RefParameter without a condition.
2025-12-26 22:46:32,345 [WARN] IP:2250 - PinAttribute not found: check if there is a RefParameter without a condition.
2025-12-26 22:46:32,345 [WARN] IP:2250 - PinAttribute not found: check if there is a RefParameter without a condition.
2025-12-26 22:46:32,345 [WARN] IP:2250 - PinAttribute not found: check if there is a RefParameter without a condition.
2025-12-26 22:46:32,346 [WARN] IP:2250 - PinAttribute not found: check if there is a RefParameter without a condition.
2025-12-26 22:46:32,346 [WARN] IP:2250 - PinAttribute not found: check if there is a RefParameter without a condition.
2025-12-26 22:46:32,346 [WARN] IP:2250 - PinAttribute not found: check if there is a RefParameter without a condition.
2025-12-26 22:46:32,358 [WARN] IP:2250 - PinAttribute not found: check if there is a RefParameter without a condition.
2025-12-26 22:46:32,359 [WARN] IP:2250 - PinAttribute not found: check if there is a RefParameter without a condition.
2025-12-26 22:46:32,359 [WARN] IP:2250 - PinAttribute not found: check if there is a RefParameter without a condition.
2025-12-26 22:46:32,359 [WARN] IP:2250 - PinAttribute not found: check if there is a RefParameter without a condition.
2025-12-26 22:46:32,359 [WARN] IP:2250 - PinAttribute not found: check if there is a RefParameter without a condition.
2025-12-26 22:46:32,359 [WARN] IP:2250 - PinAttribute not found: check if there is a RefParameter without a condition.
2025-12-26 22:46:32,359 [WARN] IP:2250 - PinAttribute not found: check if there is a RefParameter without a condition.
2025-12-26 22:46:32,386 [WARN] IP:2250 - PinAttribute not found: check if there is a RefParameter without a condition.
2025-12-26 22:46:32,386 [WARN] IP:2250 - PinAttribute not found: check if there is a RefParameter without a condition.
2025-12-26 22:46:32,387 [WARN] IP:2250 - PinAttribute not found: check if there is a RefParameter without a condition.
2025-12-26 22:46:32,387 [WARN] IP:2250 - PinAttribute not found: check if there is a RefParameter without a condition.
2025-12-26 22:46:32,387 [WARN] IP:2250 - PinAttribute not found: check if there is a RefParameter without a condition.
2025-12-26 22:46:32,387 [WARN] IP:2250 - PinAttribute not found: check if there is a RefParameter without a condition.
2025-12-26 22:46:32,387 [WARN] IP:2250 - PinAttribute not found: check if there is a RefParameter without a condition.
2025-12-26 22:46:32,388 [WARN] IP:2250 - PinAttribute not found: check if there is a RefParameter without a condition.
2025-12-26 22:46:32,388 [WARN] IP:2250 - PinAttribute not found: check if there is a RefParameter without a condition.
2025-12-26 22:46:32,388 [WARN] IP:2250 - PinAttribute not found: check if there is a RefParameter without a condition.
2025-12-26 22:46:32,388 [WARN] IP:2250 - PinAttribute not found: check if there is a RefParameter without a condition.
2025-12-26 22:46:32,388 [WARN] IP:2250 - PinAttribute not found: check if there is a RefParameter without a condition.
2025-12-26 22:46:32,388 [WARN] IP:2250 - PinAttribute not found: check if there is a RefParameter without a condition.
2025-12-26 22:46:32,388 [WARN] IP:2250 - PinAttribute not found: check if there is a RefParameter without a condition.
2025-12-26 22:46:32,394 [WARN] IP:2250 - PinAttribute not found: check if there is a RefParameter without a condition.
2025-12-26 22:46:32,394 [WARN] IP:2250 - PinAttribute not found: check if there is a RefParameter without a condition.
2025-12-26 22:46:32,394 [WARN] IP:2250 - PinAttribute not found: check if there is a RefParameter without a condition.
2025-12-26 22:46:32,394 [WARN] IP:2250 - PinAttribute not found: check if there is a RefParameter without a condition.
2025-12-26 22:46:32,394 [WARN] IP:2250 - PinAttribute not found: check if there is a RefParameter without a condition.
2025-12-26 22:46:32,394 [WARN] IP:2250 - PinAttribute not found: check if there is a RefParameter without a condition.
2025-12-26 22:46:32,394 [WARN] IP:2250 - PinAttribute not found: check if there is a RefParameter without a condition.
2025-12-26 22:46:32,395 [WARN] IP:2250 - PinAttribute not found: check if there is a RefParameter without a condition.
2025-12-26 22:46:32,395 [WARN] IP:2250 - PinAttribute not found: check if there is a RefParameter without a condition.
2025-12-26 22:46:32,395 [WARN] IP:2250 - PinAttribute not found: check if there is a RefParameter without a condition.
2025-12-26 22:46:32,395 [WARN] IP:2250 - PinAttribute not found: check if there is a RefParameter without a condition.
2025-12-26 22:46:32,395 [WARN] IP:2250 - PinAttribute not found: check if there is a RefParameter without a condition.
2025-12-26 22:46:32,396 [WARN] IP:2250 - PinAttribute not found: check if there is a RefParameter without a condition.
2025-12-26 22:46:32,396 [WARN] IP:2250 - PinAttribute not found: check if there is a RefParameter without a condition.
2025-12-26 22:46:32,401 [WARN] IP:2250 - PinAttribute not found: check if there is a RefParameter without a condition.
2025-12-26 22:46:32,402 [WARN] IP:2250 - PinAttribute not found: check if there is a RefParameter without a condition.
2025-12-26 22:46:32,402 [WARN] IP:2250 - PinAttribute not found: check if there is a RefParameter without a condition.
2025-12-26 22:46:32,402 [WARN] IP:2250 - PinAttribute not found: check if there is a RefParameter without a condition.
2025-12-26 22:46:32,402 [WARN] IP:2250 - PinAttribute not found: check if there is a RefParameter without a condition.
2025-12-26 22:46:32,402 [WARN] IP:2250 - PinAttribute not found: check if there is a RefParameter without a condition.
2025-12-26 22:46:32,402 [WARN] IP:2250 - PinAttribute not found: check if there is a RefParameter without a condition.
2025-12-26 22:46:32,403 [WARN] IP:2250 - PinAttribute not found: check if there is a RefParameter without a condition.
2025-12-26 22:46:32,403 [WARN] IP:2250 - PinAttribute not found: check if there is a RefParameter without a condition.
2025-12-26 22:46:32,403 [WARN] IP:2250 - PinAttribute not found: check if there is a RefParameter without a condition.
2025-12-26 22:46:32,403 [WARN] IP:2250 - PinAttribute not found: check if there is a RefParameter without a condition.
2025-12-26 22:46:32,403 [WARN] IP:2250 - PinAttribute not found: check if there is a RefParameter without a condition.
2025-12-26 22:46:32,403 [WARN] IP:2250 - PinAttribute not found: check if there is a RefParameter without a condition.
2025-12-26 22:46:32,403 [WARN] IP:2250 - PinAttribute not found: check if there is a RefParameter without a condition.
2025-12-26 22:46:32,409 [WARN] IP:2250 - PinAttribute not found: check if there is a RefParameter without a condition.
2025-12-26 22:46:32,409 [WARN] IP:2250 - PinAttribute not found: check if there is a RefParameter without a condition.
2025-12-26 22:46:32,409 [WARN] IP:2250 - PinAttribute not found: check if there is a RefParameter without a condition.
2025-12-26 22:46:32,409 [WARN] IP:2250 - PinAttribute not found: check if there is a RefParameter without a condition.
2025-12-26 22:46:32,409 [WARN] IP:2250 - PinAttribute not found: check if there is a RefParameter without a condition.
2025-12-26 22:46:32,410 [WARN] IP:2250 - PinAttribute not found: check if there is a RefParameter without a condition.
2025-12-26 22:46:32,410 [WARN] IP:2250 - PinAttribute not found: check if there is a RefParameter without a condition.
2025-12-26 22:46:32,410 [WARN] IP:2250 - PinAttribute not found: check if there is a RefParameter without a condition.
2025-12-26 22:46:32,411 [WARN] IP:2250 - PinAttribute not found: check if there is a RefParameter without a condition.
2025-12-26 22:46:32,411 [WARN] IP:2250 - PinAttribute not found: check if there is a RefParameter without a condition.
2025-12-26 22:46:32,411 [WARN] IP:2250 - PinAttribute not found: check if there is a RefParameter without a condition.
2025-12-26 22:46:32,411 [WARN] IP:2250 - PinAttribute not found: check if there is a RefParameter without a condition.
2025-12-26 22:46:32,411 [WARN] IP:2250 - PinAttribute not found: check if there is a RefParameter without a condition.
2025-12-26 22:46:32,411 [WARN] IP:2250 - PinAttribute not found: check if there is a RefParameter without a condition.
2025-12-26 22:46:32,417 [WARN] IP:2250 - PinAttribute not found: check if there is a RefParameter without a condition.
2025-12-26 22:46:32,417 [WARN] IP:2250 - PinAttribute not found: check if there is a RefParameter without a condition.
2025-12-26 22:46:32,417 [WARN] IP:2250 - PinAttribute not found: check if there is a RefParameter without a condition.
2025-12-26 22:46:32,417 [WARN] IP:2250 - PinAttribute not found: check if there is a RefParameter without a condition.
2025-12-26 22:46:32,417 [WARN] IP:2250 - PinAttribute not found: check if there is a RefParameter without a condition.
2025-12-26 22:46:32,417 [WARN] IP:2250 - PinAttribute not found: check if there is a RefParameter without a condition.
2025-12-26 22:46:32,417 [WARN] IP:2250 - PinAttribute not found: check if there is a RefParameter without a condition.
2025-12-26 22:46:32,418 [WARN] IP:2250 - PinAttribute not found: check if there is a RefParameter without a condition.
2025-12-26 22:46:32,418 [WARN] IP:2250 - PinAttribute not found: check if there is a RefParameter without a condition.
2025-12-26 22:46:32,418 [WARN] IP:2250 - PinAttribute not found: check if there is a RefParameter without a condition.
2025-12-26 22:46:32,418 [WARN] IP:2250 - PinAttribute not found: check if there is a RefParameter without a condition.
2025-12-26 22:46:32,418 [WARN] IP:2250 - PinAttribute not found: check if there is a RefParameter without a condition.
2025-12-26 22:46:32,418 [WARN] IP:2250 - PinAttribute not found: check if there is a RefParameter without a condition.
2025-12-26 22:46:32,418 [WARN] IP:2250 - PinAttribute not found: check if there is a RefParameter without a condition.
2025-12-26 22:46:32,424 [WARN] IP:2250 - PinAttribute not found: check if there is a RefParameter without a condition.
2025-12-26 22:46:32,424 [WARN] IP:2250 - PinAttribute not found: check if there is a RefParameter without a condition.
2025-12-26 22:46:32,424 [WARN] IP:2250 - PinAttribute not found: check if there is a RefParameter without a condition.
2025-12-26 22:46:32,424 [WARN] IP:2250 - PinAttribute not found: check if there is a RefParameter without a condition.
2025-12-26 22:46:32,424 [WARN] IP:2250 - PinAttribute not found: check if there is a RefParameter without a condition.
2025-12-26 22:46:32,424 [WARN] IP:2250 - PinAttribute not found: check if there is a RefParameter without a condition.
2025-12-26 22:46:32,424 [WARN] IP:2250 - PinAttribute not found: check if there is a RefParameter without a condition.
2025-12-26 22:46:32,425 [WARN] IP:2250 - PinAttribute not found: check if there is a RefParameter without a condition.
2025-12-26 22:46:32,425 [WARN] IP:2250 - PinAttribute not found: check if there is a RefParameter without a condition.
2025-12-26 22:46:32,425 [WARN] IP:2250 - PinAttribute not found: check if there is a RefParameter without a condition.
2025-12-26 22:46:32,426 [WARN] IP:2250 - PinAttribute not found: check if there is a RefParameter without a condition.
2025-12-26 22:46:32,426 [WARN] IP:2250 - PinAttribute not found: check if there is a RefParameter without a condition.
2025-12-26 22:46:32,426 [WARN] IP:2250 - PinAttribute not found: check if there is a RefParameter without a condition.
2025-12-26 22:46:32,426 [WARN] IP:2250 - PinAttribute not found: check if there is a RefParameter without a condition.
2025-12-26 22:46:32,431 [WARN] IP:2250 - PinAttribute not found: check if there is a RefParameter without a condition.
2025-12-26 22:46:32,432 [WARN] IP:2250 - PinAttribute not found: check if there is a RefParameter without a condition.
2025-12-26 22:46:32,432 [WARN] IP:2250 - PinAttribute not found: check if there is a RefParameter without a condition.
2025-12-26 22:46:32,432 [WARN] IP:2250 - PinAttribute not found: check if there is a RefParameter without a condition.
2025-12-26 22:46:32,432 [WARN] IP:2250 - PinAttribute not found: check if there is a RefParameter without a condition.
2025-12-26 22:46:32,432 [WARN] IP:2250 - PinAttribute not found: check if there is a RefParameter without a condition.
2025-12-26 22:46:32,432 [WARN] IP:2250 - PinAttribute not found: check if there is a RefParameter without a condition.
2025-12-26 22:46:32,433 [WARN] IP:2250 - PinAttribute not found: check if there is a RefParameter without a condition.
2025-12-26 22:46:32,433 [WARN] IP:2250 - PinAttribute not found: check if there is a RefParameter without a condition.
2025-12-26 22:46:32,433 [WARN] IP:2250 - PinAttribute not found: check if there is a RefParameter without a condition.
2025-12-26 22:46:32,433 [WARN] IP:2250 - PinAttribute not found: check if there is a RefParameter without a condition.
2025-12-26 22:46:32,434 [WARN] IP:2250 - PinAttribute not found: check if there is a RefParameter without a condition.
2025-12-26 22:46:32,434 [WARN] IP:2250 - PinAttribute not found: check if there is a RefParameter without a condition.
2025-12-26 22:46:32,434 [WARN] IP:2250 - PinAttribute not found: check if there is a RefParameter without a condition.
2025-12-26 22:46:32,435 [WARN] IP:2250 - PinAttribute not found: check if there is a RefParameter without a condition.
2025-12-26 22:46:32,435 [WARN] IP:2250 - PinAttribute not found: check if there is a RefParameter without a condition.
2025-12-26 22:46:32,435 [WARN] IP:2250 - PinAttribute not found: check if there is a RefParameter without a condition.
2025-12-26 22:46:32,435 [WARN] IP:2250 - PinAttribute not found: check if there is a RefParameter without a condition.
2025-12-26 22:46:32,435 [WARN] IP:2250 - PinAttribute not found: check if there is a RefParameter without a condition.
2025-12-26 22:46:32,435 [WARN] IP:2250 - PinAttribute not found: check if there is a RefParameter without a condition.
2025-12-26 22:46:32,435 [WARN] IP:2250 - PinAttribute not found: check if there is a RefParameter without a condition.
2025-12-26 22:46:32,436 [WARN] IP:2250 - PinAttribute not found: check if there is a RefParameter without a condition.
2025-12-26 22:46:32,436 [WARN] IP:2250 - PinAttribute not found: check if there is a RefParameter without a condition.
2025-12-26 22:46:32,436 [WARN] IP:2250 - PinAttribute not found: check if there is a RefParameter without a condition.
2025-12-26 22:46:32,436 [WARN] IP:2250 - PinAttribute not found: check if there is a RefParameter without a condition.
2025-12-26 22:46:32,436 [WARN] IP:2250 - PinAttribute not found: check if there is a RefParameter without a condition.
2025-12-26 22:46:32,436 [WARN] IP:2250 - PinAttribute not found: check if there is a RefParameter without a condition.
2025-12-26 22:46:32,436 [WARN] IP:2250 - PinAttribute not found: check if there is a RefParameter without a condition.
2025-12-26 22:46:32,438 [WARN] IP:2250 - PinAttribute not found: check if there is a RefParameter without a condition.
2025-12-26 22:46:32,438 [WARN] IP:2250 - PinAttribute not found: check if there is a RefParameter without a condition.
2025-12-26 22:46:32,438 [WARN] IP:2250 - PinAttribute not found: check if there is a RefParameter without a condition.
2025-12-26 22:46:32,438 [WARN] IP:2250 - PinAttribute not found: check if there is a RefParameter without a condition.
2025-12-26 22:46:32,438 [WARN] IP:2250 - PinAttribute not found: check if there is a RefParameter without a condition.
2025-12-26 22:46:32,438 [WARN] IP:2250 - PinAttribute not found: check if there is a RefParameter without a condition.
2025-12-26 22:46:32,438 [WARN] IP:2250 - PinAttribute not found: check if there is a RefParameter without a condition.
2025-12-26 22:46:32,445 [WARN] IP:2250 - PinAttribute not found: check if there is a RefParameter without a condition.
2025-12-26 22:46:32,445 [WARN] IP:2250 - PinAttribute not found: check if there is a RefParameter without a condition.
2025-12-26 22:46:32,445 [WARN] IP:2250 - PinAttribute not found: check if there is a RefParameter without a condition.
2025-12-26 22:46:32,445 [WARN] IP:2250 - PinAttribute not found: check if there is a RefParameter without a condition.
2025-12-26 22:46:32,445 [WARN] IP:2250 - PinAttribute not found: check if there is a RefParameter without a condition.
2025-12-26 22:46:32,445 [WARN] IP:2250 - PinAttribute not found: check if there is a RefParameter without a condition.
2025-12-26 22:46:32,445 [WARN] IP:2250 - PinAttribute not found: check if there is a RefParameter without a condition.
2025-12-26 22:46:32,446 [WARN] IP:2250 - PinAttribute not found: check if there is a RefParameter without a condition.
2025-12-26 22:46:32,447 [WARN] IP:2250 - PinAttribute not found: check if there is a RefParameter without a condition.
2025-12-26 22:46:32,447 [WARN] IP:2250 - PinAttribute not found: check if there is a RefParameter without a condition.
2025-12-26 22:46:32,447 [WARN] IP:2250 - PinAttribute not found: check if there is a RefParameter without a condition.
2025-12-26 22:46:32,447 [WARN] IP:2250 - PinAttribute not found: check if there is a RefParameter without a condition.
2025-12-26 22:46:32,447 [WARN] IP:2250 - PinAttribute not found: check if there is a RefParameter without a condition.
2025-12-26 22:46:32,447 [WARN] IP:2250 - PinAttribute not found: check if there is a RefParameter without a condition.
2025-12-26 22:46:32,448 [WARN] IP:2250 - PinAttribute not found: check if there is a RefParameter without a condition.
2025-12-26 22:46:32,448 [WARN] IP:2250 - PinAttribute not found: check if there is a RefParameter without a condition.
2025-12-26 22:46:32,448 [WARN] IP:2250 - PinAttribute not found: check if there is a RefParameter without a condition.
2025-12-26 22:46:32,448 [WARN] IP:2250 - PinAttribute not found: check if there is a RefParameter without a condition.
2025-12-26 22:46:32,449 [WARN] IP:2250 - PinAttribute not found: check if there is a RefParameter without a condition.
2025-12-26 22:46:32,449 [WARN] IP:2250 - PinAttribute not found: check if there is a RefParameter without a condition.
2025-12-26 22:46:32,449 [WARN] IP:2250 - PinAttribute not found: check if there is a RefParameter without a condition.
2025-12-26 22:46:32,449 [WARN] IP:2250 - PinAttribute not found: check if there is a RefParameter without a condition.
2025-12-26 22:46:32,450 [WARN] IP:2250 - PinAttribute not found: check if there is a RefParameter without a condition.
2025-12-26 22:46:32,450 [WARN] IP:2250 - PinAttribute not found: check if there is a RefParameter without a condition.
2025-12-26 22:46:32,450 [WARN] IP:2250 - PinAttribute not found: check if there is a RefParameter without a condition.
2025-12-26 22:46:32,450 [WARN] IP:2250 - PinAttribute not found: check if there is a RefParameter without a condition.
2025-12-26 22:46:32,450 [WARN] IP:2250 - PinAttribute not found: check if there is a RefParameter without a condition.
2025-12-26 22:46:32,450 [WARN] IP:2250 - PinAttribute not found: check if there is a RefParameter without a condition.
2025-12-26 22:46:32,450 [WARN] IP:2250 - PinAttribute not found: check if there is a RefParameter without a condition.
2025-12-26 22:46:32,450 [WARN] IP:2250 - PinAttribute not found: check if there is a RefParameter without a condition.
2025-12-26 22:46:32,451 [WARN] IP:2250 - PinAttribute not found: check if there is a RefParameter without a condition.
2025-12-26 22:46:32,451 [WARN] IP:2250 - PinAttribute not found: check if there is a RefParameter without a condition.
2025-12-26 22:46:32,451 [WARN] IP:2250 - PinAttribute not found: check if there is a RefParameter without a condition.
2025-12-26 22:46:32,451 [WARN] IP:2250 - PinAttribute not found: check if there is a RefParameter without a condition.
2025-12-26 22:46:32,451 [WARN] IP:2250 - PinAttribute not found: check if there is a RefParameter without a condition.
2025-12-26 22:46:32,451 [WARN] IP:2250 - PinAttribute not found: check if there is a RefParameter without a condition.
2025-12-26 22:46:32,451 [WARN] IP:2250 - PinAttribute not found: check if there is a RefParameter without a condition.
2025-12-26 22:46:32,451 [WARN] IP:2250 - PinAttribute not found: check if there is a RefParameter without a condition.
2025-12-26 22:46:32,451 [WARN] IP:2250 - PinAttribute not found: check if there is a RefParameter without a condition.
2025-12-26 22:46:32,452 [WARN] IP:2250 - PinAttribute not found: check if there is a RefParameter without a condition.
2025-12-26 22:46:32,452 [WARN] IP:2250 - PinAttribute not found: check if there is a RefParameter without a condition.
2025-12-26 22:46:32,452 [WARN] IP:2250 - PinAttribute not found: check if there is a RefParameter without a condition.
2025-12-26 22:46:32,452 [WARN] IP:2250 - PinAttribute not found: check if there is a RefParameter without a condition.
2025-12-26 22:46:32,452 [WARN] IP:2250 - PinAttribute not found: check if there is a RefParameter without a condition.
2025-12-26 22:46:32,452 [WARN] IP:2250 - PinAttribute not found: check if there is a RefParameter without a condition.
2025-12-26 22:46:32,452 [WARN] IP:2250 - PinAttribute not found: check if there is a RefParameter without a condition.
2025-12-26 22:46:32,452 [WARN] IP:2250 - PinAttribute not found: check if there is a RefParameter without a condition.
2025-12-26 22:46:32,452 [WARN] IP:2250 - PinAttribute not found: check if there is a RefParameter without a condition.
2025-12-26 22:46:32,452 [WARN] IP:2250 - PinAttribute not found: check if there is a RefParameter without a condition.
2025-12-26 22:46:32,452 [WARN] IP:2250 - PinAttribute not found: check if there is a RefParameter without a condition.
2025-12-26 22:46:32,452 [WARN] IP:2250 - PinAttribute not found: check if there is a RefParameter without a condition.
2025-12-26 22:46:32,452 [WARN] IP:2250 - PinAttribute not found: check if there is a RefParameter without a condition.
2025-12-26 22:46:32,452 [WARN] IP:2250 - PinAttribute not found: check if there is a RefParameter without a condition.
2025-12-26 22:46:32,453 [WARN] IP:2250 - PinAttribute not found: check if there is a RefParameter without a condition.
2025-12-26 22:46:32,453 [WARN] IP:2250 - PinAttribute not found: check if there is a RefParameter without a condition.
2025-12-26 22:46:32,453 [WARN] IP:2250 - PinAttribute not found: check if there is a RefParameter without a condition.
2025-12-26 22:46:32,453 [WARN] IP:2250 - PinAttribute not found: check if there is a RefParameter without a condition.
2025-12-26 22:46:32,453 [WARN] IP:2250 - PinAttribute not found: check if there is a RefParameter without a condition.
2025-12-26 22:46:32,453 [WARN] IP:2250 - PinAttribute not found: check if there is a RefParameter without a condition.
2025-12-26 22:46:32,453 [WARN] IP:2250 - PinAttribute not found: check if there is a RefParameter without a condition.
2025-12-26 22:46:32,453 [WARN] IP:2250 - PinAttribute not found: check if there is a RefParameter without a condition.
2025-12-26 22:46:32,453 [WARN] IP:2250 - PinAttribute not found: check if there is a RefParameter without a condition.
2025-12-26 22:46:32,453 [WARN] IP:2250 - PinAttribute not found: check if there is a RefParameter without a condition.
2025-12-26 22:46:32,453 [WARN] IP:2250 - PinAttribute not found: check if there is a RefParameter without a condition.
2025-12-26 22:46:32,454 [WARN] IP:2250 - PinAttribute not found: check if there is a RefParameter without a condition.
2025-12-26 22:46:32,454 [WARN] IP:2250 - PinAttribute not found: check if there is a RefParameter without a condition.
2025-12-26 22:46:32,454 [WARN] IP:2250 - PinAttribute not found: check if there is a RefParameter without a condition.
2025-12-26 22:46:32,454 [WARN] IP:2250 - PinAttribute not found: check if there is a RefParameter without a condition.
2025-12-26 22:46:32,454 [WARN] IP:2250 - PinAttribute not found: check if there is a RefParameter without a condition.
2025-12-26 22:46:32,454 [WARN] IP:2250 - PinAttribute not found: check if there is a RefParameter without a condition.
2025-12-26 22:46:32,454 [WARN] IP:2250 - PinAttribute not found: check if there is a RefParameter without a condition.
2025-12-26 22:46:32,454 [WARN] IP:2250 - PinAttribute not found: check if there is a RefParameter without a condition.
2025-12-26 22:46:32,454 [WARN] IP:2250 - PinAttribute not found: check if there is a RefParameter without a condition.
2025-12-26 22:46:32,454 [WARN] IP:2250 - PinAttribute not found: check if there is a RefParameter without a condition.
2025-12-26 22:46:32,454 [WARN] IP:2250 - PinAttribute not found: check if there is a RefParameter without a condition.
2025-12-26 22:46:32,454 [WARN] IP:2250 - PinAttribute not found: check if there is a RefParameter without a condition.
2025-12-26 22:46:32,455 [WARN] IP:2250 - PinAttribute not found: check if there is a RefParameter without a condition.
2025-12-26 22:46:32,455 [WARN] IP:2250 - PinAttribute not found: check if there is a RefParameter without a condition.
2025-12-26 22:46:32,455 [WARN] IP:2250 - PinAttribute not found: check if there is a RefParameter without a condition.
2025-12-26 22:46:32,455 [WARN] IP:2250 - PinAttribute not found: check if there is a RefParameter without a condition.
2025-12-26 22:46:32,455 [WARN] IP:2250 - PinAttribute not found: check if there is a RefParameter without a condition.
2025-12-26 22:46:32,455 [WARN] IP:2250 - PinAttribute not found: check if there is a RefParameter without a condition.
2025-12-26 22:46:32,455 [WARN] IP:2250 - PinAttribute not found: check if there is a RefParameter without a condition.
2025-12-26 22:46:32,455 [WARN] IP:2250 - PinAttribute not found: check if there is a RefParameter without a condition.
2025-12-26 22:46:32,456 [WARN] IP:2250 - PinAttribute not found: check if there is a RefParameter without a condition.
2025-12-26 22:46:32,456 [WARN] IP:2250 - PinAttribute not found: check if there is a RefParameter without a condition.
2025-12-26 22:46:32,456 [WARN] IP:2250 - PinAttribute not found: check if there is a RefParameter without a condition.
2025-12-26 22:46:32,456 [WARN] IP:2250 - PinAttribute not found: check if there is a RefParameter without a condition.
2025-12-26 22:46:32,456 [WARN] IP:2250 - PinAttribute not found: check if there is a RefParameter without a condition.
2025-12-26 22:46:32,456 [WARN] IP:2250 - PinAttribute not found: check if there is a RefParameter without a condition.
2025-12-26 22:46:32,456 [WARN] IP:2250 - PinAttribute not found: check if there is a RefParameter without a condition.
2025-12-26 22:46:32,456 [WARN] IP:2250 - PinAttribute not found: check if there is a RefParameter without a condition.
2025-12-26 22:46:32,456 [WARN] IP:2250 - PinAttribute not found: check if there is a RefParameter without a condition.
2025-12-26 22:46:32,456 [WARN] IP:2250 - PinAttribute not found: check if there is a RefParameter without a condition.
2025-12-26 22:46:32,456 [WARN] IP:2250 - PinAttribute not found: check if there is a RefParameter without a condition.
2025-12-26 22:46:32,456 [WARN] IP:2250 - PinAttribute not found: check if there is a RefParameter without a condition.
2025-12-26 22:46:32,456 [WARN] IP:2250 - PinAttribute not found: check if there is a RefParameter without a condition.
2025-12-26 22:46:32,456 [WARN] IP:2250 - PinAttribute not found: check if there is a RefParameter without a condition.
2025-12-26 22:46:32,456 [WARN] IP:2250 - PinAttribute not found: check if there is a RefParameter without a condition.
2025-12-26 22:46:32,457 [WARN] IP:2250 - PinAttribute not found: check if there is a RefParameter without a condition.
2025-12-26 22:46:32,457 [WARN] IP:2250 - PinAttribute not found: check if there is a RefParameter without a condition.
2025-12-26 22:46:32,457 [WARN] IP:2250 - PinAttribute not found: check if there is a RefParameter without a condition.
2025-12-26 22:46:32,457 [WARN] IP:2250 - PinAttribute not found: check if there is a RefParameter without a condition.
2025-12-26 22:46:32,457 [WARN] IP:2250 - PinAttribute not found: check if there is a RefParameter without a condition.
2025-12-26 22:46:32,457 [WARN] IP:2250 - PinAttribute not found: check if there is a RefParameter without a condition.
2025-12-26 22:46:32,457 [WARN] IP:2250 - PinAttribute not found: check if there is a RefParameter without a condition.
2025-12-26 22:46:32,457 [WARN] IP:2250 - PinAttribute not found: check if there is a RefParameter without a condition.
2025-12-26 22:46:32,457 [WARN] IP:2250 - PinAttribute not found: check if there is a RefParameter without a condition.
2025-12-26 22:46:32,457 [WARN] IP:2250 - PinAttribute not found: check if there is a RefParameter without a condition.
2025-12-26 22:46:32,457 [WARN] IP:2250 - PinAttribute not found: check if there is a RefParameter without a condition.
2025-12-26 22:46:32,457 [WARN] IP:2250 - PinAttribute not found: check if there is a RefParameter without a condition.
2025-12-26 22:46:32,457 [WARN] IP:2250 - PinAttribute not found: check if there is a RefParameter without a condition.
2025-12-26 22:46:32,457 [WARN] IP:2250 - PinAttribute not found: check if there is a RefParameter without a condition.
2025-12-26 22:46:32,457 [WARN] IP:2250 - PinAttribute not found: check if there is a RefParameter without a condition.
2025-12-26 22:46:32,457 [WARN] IP:2250 - PinAttribute not found: check if there is a RefParameter without a condition.
2025-12-26 22:46:32,458 [WARN] IP:2250 - PinAttribute not found: check if there is a RefParameter without a condition.
2025-12-26 22:46:32,458 [WARN] IP:2250 - PinAttribute not found: check if there is a RefParameter without a condition.
2025-12-26 22:46:32,458 [WARN] IP:2250 - PinAttribute not found: check if there is a RefParameter without a condition.
2025-12-26 22:46:32,458 [WARN] IP:2250 - PinAttribute not found: check if there is a RefParameter without a condition.
2025-12-26 22:46:32,458 [WARN] IP:2250 - PinAttribute not found: check if there is a RefParameter without a condition.
2025-12-26 22:46:32,458 [WARN] IP:2250 - PinAttribute not found: check if there is a RefParameter without a condition.
2025-12-26 22:46:32,458 [WARN] IP:2250 - PinAttribute not found: check if there is a RefParameter without a condition.
2025-12-26 22:46:32,458 [WARN] IP:2250 - PinAttribute not found: check if there is a RefParameter without a condition.
2025-12-26 22:46:32,459 [WARN] IP:2250 - PinAttribute not found: check if there is a RefParameter without a condition.
2025-12-26 22:46:32,459 [WARN] IP:2250 - PinAttribute not found: check if there is a RefParameter without a condition.
2025-12-26 22:46:32,459 [WARN] IP:2250 - PinAttribute not found: check if there is a RefParameter without a condition.
2025-12-26 22:46:37,781 [WARN] IP:2250 - PinAttribute not found: check if there is a RefParameter without a condition.
2025-12-26 22:46:37,781 [WARN] IP:2250 - PinAttribute not found: check if there is a RefParameter without a condition.
2025-12-26 22:46:37,781 [WARN] IP:2250 - PinAttribute not found: check if there is a RefParameter without a condition.
2025-12-26 22:46:37,782 [WARN] IP:2250 - PinAttribute not found: check if there is a RefParameter without a condition.
2025-12-26 22:46:37,782 [WARN] IP:2250 - PinAttribute not found: check if there is a RefParameter without a condition.
2025-12-26 22:46:37,782 [WARN] IP:2250 - PinAttribute not found: check if there is a RefParameter without a condition.
2025-12-26 22:46:37,782 [WARN] IP:2250 - PinAttribute not found: check if there is a RefParameter without a condition.
2025-12-26 22:46:37,782 [WARN] IP:2250 - PinAttribute not found: check if there is a RefParameter without a condition.
2025-12-26 22:46:37,782 [WARN] IP:2250 - PinAttribute not found: check if there is a RefParameter without a condition.
2025-12-26 22:46:37,782 [WARN] IP:2250 - PinAttribute not found: check if there is a RefParameter without a condition.
2025-12-26 22:46:37,782 [WARN] IP:2250 - PinAttribute not found: check if there is a RefParameter without a condition.
2025-12-26 22:46:37,782 [WARN] IP:2250 - PinAttribute not found: check if there is a RefParameter without a condition.
2025-12-26 22:46:37,783 [WARN] IP:2250 - PinAttribute not found: check if there is a RefParameter without a condition.
2025-12-26 22:46:37,783 [WARN] IP:2250 - PinAttribute not found: check if there is a RefParameter without a condition.
2025-12-26 22:46:37,783 [WARN] IP:2250 - PinAttribute not found: check if there is a RefParameter without a condition.
2025-12-26 22:46:37,783 [WARN] IP:2250 - PinAttribute not found: check if there is a RefParameter without a condition.
2025-12-26 22:46:37,783 [WARN] IP:2250 - PinAttribute not found: check if there is a RefParameter without a condition.
2025-12-26 22:46:37,783 [WARN] IP:2250 - PinAttribute not found: check if there is a RefParameter without a condition.
2025-12-26 22:46:37,783 [WARN] IP:2250 - PinAttribute not found: check if there is a RefParameter without a condition.
2025-12-26 22:46:37,783 [WARN] IP:2250 - PinAttribute not found: check if there is a RefParameter without a condition.
2025-12-26 22:46:37,784 [WARN] IP:2250 - PinAttribute not found: check if there is a RefParameter without a condition.
2025-12-26 22:46:37,784 [WARN] IP:2250 - PinAttribute not found: check if there is a RefParameter without a condition.
2025-12-26 22:46:37,784 [WARN] IP:2250 - PinAttribute not found: check if there is a RefParameter without a condition.
2025-12-26 22:46:37,784 [WARN] IP:2250 - PinAttribute not found: check if there is a RefParameter without a condition.
2025-12-26 22:46:37,784 [WARN] IP:2250 - PinAttribute not found: check if there is a RefParameter without a condition.
2025-12-26 22:46:37,784 [WARN] IP:2250 - PinAttribute not found: check if there is a RefParameter without a condition.
2025-12-26 22:46:37,784 [WARN] IP:2250 - PinAttribute not found: check if there is a RefParameter without a condition.
2025-12-26 22:46:37,784 [WARN] IP:2250 - PinAttribute not found: check if there is a RefParameter without a condition.
2025-12-26 22:46:37,785 [WARN] IP:2250 - PinAttribute not found: check if there is a RefParameter without a condition.
2025-12-26 22:46:37,785 [WARN] IP:2250 - PinAttribute not found: check if there is a RefParameter without a condition.
2025-12-26 22:46:37,785 [WARN] IP:2250 - PinAttribute not found: check if there is a RefParameter without a condition.
2025-12-26 22:46:37,785 [WARN] IP:2250 - PinAttribute not found: check if there is a RefParameter without a condition.
2025-12-26 22:46:37,785 [WARN] IP:2250 - PinAttribute not found: check if there is a RefParameter without a condition.
2025-12-26 22:46:37,785 [WARN] IP:2250 - PinAttribute not found: check if there is a RefParameter without a condition.
2025-12-26 22:46:37,785 [WARN] IP:2250 - PinAttribute not found: check if there is a RefParameter without a condition.
2025-12-26 22:46:37,785 [WARN] IP:2250 - PinAttribute not found: check if there is a RefParameter without a condition.
2025-12-26 22:46:37,785 [WARN] IP:2250 - PinAttribute not found: check if there is a RefParameter without a condition.
2025-12-26 22:46:37,786 [WARN] IP:2250 - PinAttribute not found: check if there is a RefParameter without a condition.
2025-12-26 22:46:37,786 [WARN] IP:2250 - PinAttribute not found: check if there is a RefParameter without a condition.
2025-12-26 22:46:37,786 [WARN] IP:2250 - PinAttribute not found: check if there is a RefParameter without a condition.
2025-12-26 22:46:37,786 [WARN] IP:2250 - PinAttribute not found: check if there is a RefParameter without a condition.
2025-12-26 22:46:37,786 [WARN] IP:2250 - PinAttribute not found: check if there is a RefParameter without a condition.
2025-12-26 22:46:37,786 [WARN] IP:2250 - PinAttribute not found: check if there is a RefParameter without a condition.
2025-12-26 22:46:37,786 [WARN] IP:2250 - PinAttribute not found: check if there is a RefParameter without a condition.
2025-12-26 22:46:37,786 [WARN] IP:2250 - PinAttribute not found: check if there is a RefParameter without a condition.
2025-12-26 22:46:37,786 [WARN] IP:2250 - PinAttribute not found: check if there is a RefParameter without a condition.
2025-12-26 22:46:37,787 [WARN] IP:2250 - PinAttribute not found: check if there is a RefParameter without a condition.
2025-12-26 22:46:37,787 [WARN] IP:2250 - PinAttribute not found: check if there is a RefParameter without a condition.
2025-12-26 22:46:37,787 [WARN] IP:2250 - PinAttribute not found: check if there is a RefParameter without a condition.
2025-12-26 22:46:37,787 [WARN] IP:2250 - PinAttribute not found: check if there is a RefParameter without a condition.
2025-12-26 22:46:37,787 [WARN] IP:2250 - PinAttribute not found: check if there is a RefParameter without a condition.
2025-12-26 22:46:37,787 [WARN] IP:2250 - PinAttribute not found: check if there is a RefParameter without a condition.
2025-12-26 22:46:37,787 [WARN] IP:2250 - PinAttribute not found: check if there is a RefParameter without a condition.
2025-12-26 22:46:37,788 [WARN] IP:2250 - PinAttribute not found: check if there is a RefParameter without a condition.
2025-12-26 22:46:37,788 [WARN] IP:2250 - PinAttribute not found: check if there is a RefParameter without a condition.
2025-12-26 22:46:37,788 [WARN] IP:2250 - PinAttribute not found: check if there is a RefParameter without a condition.
2025-12-26 22:46:37,788 [WARN] IP:2250 - PinAttribute not found: check if there is a RefParameter without a condition.
2025-12-26 22:46:37,788 [WARN] IP:2250 - PinAttribute not found: check if there is a RefParameter without a condition.
2025-12-26 22:46:37,788 [WARN] IP:2250 - PinAttribute not found: check if there is a RefParameter without a condition.
2025-12-26 22:46:37,788 [WARN] IP:2250 - PinAttribute not found: check if there is a RefParameter without a condition.
2025-12-26 22:46:37,789 [WARN] IP:2250 - PinAttribute not found: check if there is a RefParameter without a condition.
2025-12-26 22:46:37,789 [WARN] IP:2250 - PinAttribute not found: check if there is a RefParameter without a condition.
2025-12-26 22:46:37,789 [WARN] IP:2250 - PinAttribute not found: check if there is a RefParameter without a condition.
2025-12-26 22:46:37,789 [WARN] IP:2250 - PinAttribute not found: check if there is a RefParameter without a condition.
2025-12-26 22:46:37,789 [WARN] IP:2250 - PinAttribute not found: check if there is a RefParameter without a condition.
2025-12-26 22:46:37,789 [WARN] IP:2250 - PinAttribute not found: check if there is a RefParameter without a condition.
2025-12-26 22:46:37,789 [WARN] IP:2250 - PinAttribute not found: check if there is a RefParameter without a condition.
2025-12-26 22:46:37,789 [WARN] IP:2250 - PinAttribute not found: check if there is a RefParameter without a condition.
2025-12-26 22:46:37,790 [WARN] IP:2250 - PinAttribute not found: check if there is a RefParameter without a condition.
2025-12-26 22:46:37,790 [WARN] IP:2250 - PinAttribute not found: check if there is a RefParameter without a condition.
2025-12-26 22:46:37,790 [WARN] IP:2250 - PinAttribute not found: check if there is a RefParameter without a condition.
2025-12-26 22:46:37,790 [WARN] IP:2250 - PinAttribute not found: check if there is a RefParameter without a condition.
2025-12-26 22:46:37,790 [WARN] IP:2250 - PinAttribute not found: check if there is a RefParameter without a condition.
2025-12-26 22:46:37,791 [INFO] Gpio:278 - dependency for GPIO [DEBUG, RCC, SPI1, UART4]
2025-12-26 22:46:37,800 [WARN] IP:2250 - PinAttribute not found: check if there is a RefParameter without a condition.
2025-12-26 22:46:37,800 [WARN] IP:2250 - PinAttribute not found: check if there is a RefParameter without a condition.
2025-12-26 22:46:37,800 [WARN] IP:2250 - PinAttribute not found: check if there is a RefParameter without a condition.
2025-12-26 22:46:37,800 [WARN] IP:2250 - PinAttribute not found: check if there is a RefParameter without a condition.
2025-12-26 22:46:37,800 [WARN] IP:2250 - PinAttribute not found: check if there is a RefParameter without a condition.
2025-12-26 22:46:37,800 [WARN] IP:2250 - PinAttribute not found: check if there is a RefParameter without a condition.
2025-12-26 22:46:37,800 [WARN] IP:2250 - PinAttribute not found: check if there is a RefParameter without a condition.
2025-12-26 22:46:37,800 [WARN] IP:2250 - PinAttribute not found: check if there is a RefParameter without a condition.
2025-12-26 22:46:37,801 [WARN] IP:2250 - PinAttribute not found: check if there is a RefParameter without a condition.
2025-12-26 22:46:37,801 [WARN] IP:2250 - PinAttribute not found: check if there is a RefParameter without a condition.
2025-12-26 22:46:37,801 [WARN] IP:2250 - PinAttribute not found: check if there is a RefParameter without a condition.
2025-12-26 22:46:37,801 [WARN] IP:2250 - PinAttribute not found: check if there is a RefParameter without a condition.
2025-12-26 22:46:37,801 [WARN] IP:2250 - PinAttribute not found: check if there is a RefParameter without a condition.
2025-12-26 22:46:37,801 [WARN] IP:2250 - PinAttribute not found: check if there is a RefParameter without a condition.
2025-12-26 22:46:37,801 [WARN] IP:2250 - PinAttribute not found: check if there is a RefParameter without a condition.
2025-12-26 22:46:37,801 [WARN] IP:2250 - PinAttribute not found: check if there is a RefParameter without a condition.
2025-12-26 22:46:37,801 [WARN] IP:2250 - PinAttribute not found: check if there is a RefParameter without a condition.
2025-12-26 22:46:37,802 [WARN] IP:2250 - PinAttribute not found: check if there is a RefParameter without a condition.
2025-12-26 22:46:37,802 [WARN] IP:2250 - PinAttribute not found: check if there is a RefParameter without a condition.
2025-12-26 22:46:37,802 [WARN] IP:2250 - PinAttribute not found: check if there is a RefParameter without a condition.
2025-12-26 22:46:37,802 [WARN] IP:2250 - PinAttribute not found: check if there is a RefParameter without a condition.
2025-12-26 22:46:37,802 [WARN] IP:2250 - PinAttribute not found: check if there is a RefParameter without a condition.
2025-12-26 22:46:37,802 [WARN] IP:2250 - PinAttribute not found: check if there is a RefParameter without a condition.
2025-12-26 22:46:37,802 [WARN] IP:2250 - PinAttribute not found: check if there is a RefParameter without a condition.
2025-12-26 22:46:37,802 [WARN] IP:2250 - PinAttribute not found: check if there is a RefParameter without a condition.
2025-12-26 22:46:37,802 [WARN] IP:2250 - PinAttribute not found: check if there is a RefParameter without a condition.
2025-12-26 22:46:37,802 [WARN] IP:2250 - PinAttribute not found: check if there is a RefParameter without a condition.
2025-12-26 22:46:37,803 [WARN] IP:2250 - PinAttribute not found: check if there is a RefParameter without a condition.
2025-12-26 22:46:37,803 [WARN] IP:2250 - PinAttribute not found: check if there is a RefParameter without a condition.
2025-12-26 22:46:37,803 [WARN] IP:2250 - PinAttribute not found: check if there is a RefParameter without a condition.
2025-12-26 22:46:37,803 [WARN] IP:2250 - PinAttribute not found: check if there is a RefParameter without a condition.
2025-12-26 22:46:37,803 [WARN] IP:2250 - PinAttribute not found: check if there is a RefParameter without a condition.
2025-12-26 22:46:37,803 [WARN] IP:2250 - PinAttribute not found: check if there is a RefParameter without a condition.
2025-12-26 22:46:37,803 [WARN] IP:2250 - PinAttribute not found: check if there is a RefParameter without a condition.
2025-12-26 22:46:37,803 [WARN] IP:2250 - PinAttribute not found: check if there is a RefParameter without a condition.
2025-12-26 22:46:37,803 [WARN] IP:2250 - PinAttribute not found: check if there is a RefParameter without a condition.
2025-12-26 22:46:37,803 [WARN] IP:2250 - PinAttribute not found: check if there is a RefParameter without a condition.
2025-12-26 22:46:37,804 [WARN] IP:2250 - PinAttribute not found: check if there is a RefParameter without a condition.
2025-12-26 22:46:37,804 [WARN] IP:2250 - PinAttribute not found: check if there is a RefParameter without a condition.
2025-12-26 22:46:37,804 [WARN] IP:2250 - PinAttribute not found: check if there is a RefParameter without a condition.
2025-12-26 22:46:37,804 [WARN] IP:2250 - PinAttribute not found: check if there is a RefParameter without a condition.
2025-12-26 22:46:37,804 [WARN] IP:2250 - PinAttribute not found: check if there is a RefParameter without a condition.
2025-12-26 22:46:37,804 [WARN] IP:2250 - PinAttribute not found: check if there is a RefParameter without a condition.
2025-12-26 22:46:37,804 [WARN] IP:2250 - PinAttribute not found: check if there is a RefParameter without a condition.
2025-12-26 22:46:37,804 [WARN] IP:2250 - PinAttribute not found: check if there is a RefParameter without a condition.
2025-12-26 22:46:37,805 [WARN] IP:2250 - PinAttribute not found: check if there is a RefParameter without a condition.
2025-12-26 22:46:37,805 [WARN] IP:2250 - PinAttribute not found: check if there is a RefParameter without a condition.
2025-12-26 22:46:37,805 [WARN] IP:2250 - PinAttribute not found: check if there is a RefParameter without a condition.
2025-12-26 22:46:37,805 [WARN] IP:2250 - PinAttribute not found: check if there is a RefParameter without a condition.
2025-12-26 22:46:37,805 [WARN] IP:2250 - PinAttribute not found: check if there is a RefParameter without a condition.
2025-12-26 22:46:37,805 [WARN] IP:2250 - PinAttribute not found: check if there is a RefParameter without a condition.
2025-12-26 22:46:37,805 [WARN] IP:2250 - PinAttribute not found: check if there is a RefParameter without a condition.
2025-12-26 22:46:37,805 [WARN] IP:2250 - PinAttribute not found: check if there is a RefParameter without a condition.
2025-12-26 22:46:37,805 [WARN] IP:2250 - PinAttribute not found: check if there is a RefParameter without a condition.
2025-12-26 22:46:37,806 [WARN] IP:2250 - PinAttribute not found: check if there is a RefParameter without a condition.
2025-12-26 22:46:37,806 [WARN] IP:2250 - PinAttribute not found: check if there is a RefParameter without a condition.
2025-12-26 22:46:37,806 [WARN] IP:2250 - PinAttribute not found: check if there is a RefParameter without a condition.
2025-12-26 22:46:37,806 [WARN] IP:2250 - PinAttribute not found: check if there is a RefParameter without a condition.
2025-12-26 22:46:37,806 [WARN] IP:2250 - PinAttribute not found: check if there is a RefParameter without a condition.
2025-12-26 22:46:37,806 [WARN] IP:2250 - PinAttribute not found: check if there is a RefParameter without a condition.
2025-12-26 22:46:37,806 [WARN] IP:2250 - PinAttribute not found: check if there is a RefParameter without a condition.
2025-12-26 22:46:37,806 [WARN] IP:2250 - PinAttribute not found: check if there is a RefParameter without a condition.
2025-12-26 22:46:37,806 [WARN] IP:2250 - PinAttribute not found: check if there is a RefParameter without a condition.
2025-12-26 22:46:37,807 [WARN] IP:2250 - PinAttribute not found: check if there is a RefParameter without a condition.
2025-12-26 22:46:37,807 [WARN] IP:2250 - PinAttribute not found: check if there is a RefParameter without a condition.
2025-12-26 22:46:37,807 [WARN] IP:2250 - PinAttribute not found: check if there is a RefParameter without a condition.
2025-12-26 22:46:37,807 [WARN] IP:2250 - PinAttribute not found: check if there is a RefParameter without a condition.
2025-12-26 22:46:37,807 [WARN] IP:2250 - PinAttribute not found: check if there is a RefParameter without a condition.
2025-12-26 22:46:37,807 [WARN] IP:2250 - PinAttribute not found: check if there is a RefParameter without a condition.
2025-12-26 22:46:37,807 [WARN] IP:2250 - PinAttribute not found: check if there is a RefParameter without a condition.
2025-12-26 22:46:37,807 [WARN] IP:2250 - PinAttribute not found: check if there is a RefParameter without a condition.
2025-12-26 22:46:37,807 [WARN] IP:2250 - PinAttribute not found: check if there is a RefParameter without a condition.
2025-12-26 22:46:37,808 [WARN] IP:2250 - PinAttribute not found: check if there is a RefParameter without a condition.
2025-12-26 22:46:37,815 [WARN] IP:2250 - PinAttribute not found: check if there is a RefParameter without a condition.
2025-12-26 22:46:37,815 [WARN] IP:2250 - PinAttribute not found: check if there is a RefParameter without a condition.
2025-12-26 22:46:37,815 [WARN] IP:2250 - PinAttribute not found: check if there is a RefParameter without a condition.
2025-12-26 22:46:37,815 [WARN] IP:2250 - PinAttribute not found: check if there is a RefParameter without a condition.
2025-12-26 22:46:37,815 [WARN] IP:2250 - PinAttribute not found: check if there is a RefParameter without a condition.
2025-12-26 22:46:37,815 [WARN] IP:2250 - PinAttribute not found: check if there is a RefParameter without a condition.
2025-12-26 22:46:37,815 [WARN] IP:2250 - PinAttribute not found: check if there is a RefParameter without a condition.
2025-12-26 22:46:37,816 [WARN] IP:2250 - PinAttribute not found: check if there is a RefParameter without a condition.
2025-12-26 22:46:37,817 [WARN] IP:2250 - PinAttribute not found: check if there is a RefParameter without a condition.
2025-12-26 22:46:37,817 [WARN] IP:2250 - PinAttribute not found: check if there is a RefParameter without a condition.
2025-12-26 22:46:37,817 [WARN] IP:2250 - PinAttribute not found: check if there is a RefParameter without a condition.
2025-12-26 22:46:37,817 [WARN] IP:2250 - PinAttribute not found: check if there is a RefParameter without a condition.
2025-12-26 22:46:37,817 [WARN] IP:2250 - PinAttribute not found: check if there is a RefParameter without a condition.
2025-12-26 22:46:37,817 [WARN] IP:2250 - PinAttribute not found: check if there is a RefParameter without a condition.
2025-12-26 22:46:37,820 [WARN] IP:2250 - PinAttribute not found: check if there is a RefParameter without a condition.
2025-12-26 22:46:37,821 [WARN] IP:2250 - PinAttribute not found: check if there is a RefParameter without a condition.
2025-12-26 22:46:37,821 [WARN] IP:2250 - PinAttribute not found: check if there is a RefParameter without a condition.
2025-12-26 22:46:37,821 [WARN] IP:2250 - PinAttribute not found: check if there is a RefParameter without a condition.
2025-12-26 22:46:37,821 [WARN] IP:2250 - PinAttribute not found: check if there is a RefParameter without a condition.
2025-12-26 22:46:37,821 [WARN] IP:2250 - PinAttribute not found: check if there is a RefParameter without a condition.
2025-12-26 22:46:37,821 [WARN] IP:2250 - PinAttribute not found: check if there is a RefParameter without a condition.
2025-12-26 22:46:47,241 [INFO] NvicIntPanel:101 - NVIC parent = com.st.microxplorer.plugins.ip.nvic.MultiNvicIntPanel[,2,27,1026x720,layout=javax.swing.BoxLayout,alignmentX=0.0,alignmentY=0.0,border=,flags=9,maximumSize=,minimumSize=,preferredSize=]
2025-12-26 22:46:47,241 [WARN] IP:2250 - PinAttribute not found: check if there is a RefParameter without a condition.
2025-12-26 22:46:47,241 [WARN] IP:2250 - PinAttribute not found: check if there is a RefParameter without a condition.
2025-12-26 22:46:47,241 [WARN] IP:2250 - PinAttribute not found: check if there is a RefParameter without a condition.
2025-12-26 22:46:47,242 [WARN] IP:2250 - PinAttribute not found: check if there is a RefParameter without a condition.
2025-12-26 22:46:47,242 [WARN] IP:2250 - PinAttribute not found: check if there is a RefParameter without a condition.
2025-12-26 22:46:47,242 [WARN] IP:2250 - PinAttribute not found: check if there is a RefParameter without a condition.
2025-12-26 22:46:47,242 [WARN] IP:2250 - PinAttribute not found: check if there is a RefParameter without a condition.
2025-12-26 22:46:51,146 [WARN] IP:2250 - PinAttribute not found: check if there is a RefParameter without a condition.
2025-12-26 22:46:51,146 [WARN] IP:2250 - PinAttribute not found: check if there is a RefParameter without a condition.
2025-12-26 22:46:51,147 [WARN] IP:2250 - PinAttribute not found: check if there is a RefParameter without a condition.
2025-12-26 22:46:51,147 [WARN] IP:2250 - PinAttribute not found: check if there is a RefParameter without a condition.
2025-12-26 22:46:51,147 [WARN] IP:2250 - PinAttribute not found: check if there is a RefParameter without a condition.
2025-12-26 22:46:51,147 [WARN] IP:2250 - PinAttribute not found: check if there is a RefParameter without a condition.
2025-12-26 22:46:51,147 [WARN] IP:2250 - PinAttribute not found: check if there is a RefParameter without a condition.
2025-12-26 22:46:51,148 [WARN] IP:2250 - PinAttribute not found: check if there is a RefParameter without a condition.
2025-12-26 22:46:51,148 [WARN] IP:2250 - PinAttribute not found: check if there is a RefParameter without a condition.
2025-12-26 22:46:51,148 [WARN] IP:2250 - PinAttribute not found: check if there is a RefParameter without a condition.
2025-12-26 22:46:51,148 [WARN] IP:2250 - PinAttribute not found: check if there is a RefParameter without a condition.
2025-12-26 22:46:51,148 [WARN] IP:2250 - PinAttribute not found: check if there is a RefParameter without a condition.
2025-12-26 22:46:51,148 [WARN] IP:2250 - PinAttribute not found: check if there is a RefParameter without a condition.
2025-12-26 22:46:51,149 [WARN] IP:2250 - PinAttribute not found: check if there is a RefParameter without a condition.
2025-12-26 22:46:51,150 [WARN] IP:2250 - PinAttribute not found: check if there is a RefParameter without a condition.
2025-12-26 22:46:51,150 [WARN] IP:2250 - PinAttribute not found: check if there is a RefParameter without a condition.
2025-12-26 22:46:51,150 [WARN] IP:2250 - PinAttribute not found: check if there is a RefParameter without a condition.
2025-12-26 22:46:51,150 [WARN] IP:2250 - PinAttribute not found: check if there is a RefParameter without a condition.
2025-12-26 22:46:51,150 [WARN] IP:2250 - PinAttribute not found: check if there is a RefParameter without a condition.
2025-12-26 22:46:51,150 [WARN] IP:2250 - PinAttribute not found: check if there is a RefParameter without a condition.
2025-12-26 22:46:51,150 [WARN] IP:2250 - PinAttribute not found: check if there is a RefParameter without a condition.
2025-12-26 22:46:51,152 [WARN] IP:2250 - PinAttribute not found: check if there is a RefParameter without a condition.
2025-12-26 22:46:51,152 [WARN] IP:2250 - PinAttribute not found: check if there is a RefParameter without a condition.
2025-12-26 22:46:51,152 [WARN] IP:2250 - PinAttribute not found: check if there is a RefParameter without a condition.
2025-12-26 22:46:51,153 [WARN] IP:2250 - PinAttribute not found: check if there is a RefParameter without a condition.
2025-12-26 22:46:51,153 [WARN] IP:2250 - PinAttribute not found: check if there is a RefParameter without a condition.
2025-12-26 22:46:51,153 [WARN] IP:2250 - PinAttribute not found: check if there is a RefParameter without a condition.
2025-12-26 22:46:51,153 [WARN] IP:2250 - PinAttribute not found: check if there is a RefParameter without a condition.
2025-12-26 22:46:51,153 [WARN] IP:2250 - PinAttribute not found: check if there is a RefParameter without a condition.
2025-12-26 22:46:51,153 [WARN] IP:2250 - PinAttribute not found: check if there is a RefParameter without a condition.
2025-12-26 22:46:51,153 [WARN] IP:2250 - PinAttribute not found: check if there is a RefParameter without a condition.
2025-12-26 22:46:51,153 [WARN] IP:2250 - PinAttribute not found: check if there is a RefParameter without a condition.
2025-12-26 22:46:51,153 [WARN] IP:2250 - PinAttribute not found: check if there is a RefParameter without a condition.
2025-12-26 22:46:51,153 [WARN] IP:2250 - PinAttribute not found: check if there is a RefParameter without a condition.
2025-12-26 22:46:51,153 [WARN] IP:2250 - PinAttribute not found: check if there is a RefParameter without a condition.
2025-12-26 22:46:51,154 [WARN] IP:2250 - PinAttribute not found: check if there is a RefParameter without a condition.
2025-12-26 22:46:51,154 [WARN] IP:2250 - PinAttribute not found: check if there is a RefParameter without a condition.
2025-12-26 22:46:51,154 [WARN] IP:2250 - PinAttribute not found: check if there is a RefParameter without a condition.
2025-12-26 22:46:51,154 [WARN] IP:2250 - PinAttribute not found: check if there is a RefParameter without a condition.
2025-12-26 22:46:51,154 [WARN] IP:2250 - PinAttribute not found: check if there is a RefParameter without a condition.
2025-12-26 22:46:51,154 [WARN] IP:2250 - PinAttribute not found: check if there is a RefParameter without a condition.
2025-12-26 22:46:51,154 [WARN] IP:2250 - PinAttribute not found: check if there is a RefParameter without a condition.
2025-12-26 22:46:51,154 [WARN] IP:2250 - PinAttribute not found: check if there is a RefParameter without a condition.
2025-12-26 22:46:51,155 [WARN] IP:2250 - PinAttribute not found: check if there is a RefParameter without a condition.
2025-12-26 22:46:51,155 [WARN] IP:2250 - PinAttribute not found: check if there is a RefParameter without a condition.
2025-12-26 22:46:51,155 [WARN] IP:2250 - PinAttribute not found: check if there is a RefParameter without a condition.
2025-12-26 22:46:51,155 [WARN] IP:2250 - PinAttribute not found: check if there is a RefParameter without a condition.
2025-12-26 22:46:51,155 [WARN] IP:2250 - PinAttribute not found: check if there is a RefParameter without a condition.
2025-12-26 22:46:51,155 [WARN] IP:2250 - PinAttribute not found: check if there is a RefParameter without a condition.
2025-12-26 22:46:51,155 [WARN] IP:2250 - PinAttribute not found: check if there is a RefParameter without a condition.
2025-12-26 22:46:51,155 [WARN] IP:2250 - PinAttribute not found: check if there is a RefParameter without a condition.
2025-12-26 22:46:51,155 [WARN] IP:2250 - PinAttribute not found: check if there is a RefParameter without a condition.
2025-12-26 22:46:51,155 [WARN] IP:2250 - PinAttribute not found: check if there is a RefParameter without a condition.
2025-12-26 22:46:51,156 [WARN] IP:2250 - PinAttribute not found: check if there is a RefParameter without a condition.
2025-12-26 22:46:51,156 [WARN] IP:2250 - PinAttribute not found: check if there is a RefParameter without a condition.
2025-12-26 22:46:51,156 [WARN] IP:2250 - PinAttribute not found: check if there is a RefParameter without a condition.
2025-12-26 22:46:51,156 [WARN] IP:2250 - PinAttribute not found: check if there is a RefParameter without a condition.
2025-12-26 22:46:51,156 [WARN] IP:2250 - PinAttribute not found: check if there is a RefParameter without a condition.
2025-12-26 22:46:51,156 [WARN] IP:2250 - PinAttribute not found: check if there is a RefParameter without a condition.
2025-12-26 22:46:51,156 [WARN] IP:2250 - PinAttribute not found: check if there is a RefParameter without a condition.
2025-12-26 22:46:51,156 [WARN] IP:2250 - PinAttribute not found: check if there is a RefParameter without a condition.
2025-12-26 22:46:51,156 [WARN] IP:2250 - PinAttribute not found: check if there is a RefParameter without a condition.
2025-12-26 22:46:51,156 [WARN] IP:2250 - PinAttribute not found: check if there is a RefParameter without a condition.
2025-12-26 22:46:51,157 [WARN] IP:2250 - PinAttribute not found: check if there is a RefParameter without a condition.
2025-12-26 22:46:51,157 [WARN] IP:2250 - PinAttribute not found: check if there is a RefParameter without a condition.
2025-12-26 22:46:51,157 [WARN] IP:2250 - PinAttribute not found: check if there is a RefParameter without a condition.
2025-12-26 22:46:51,157 [WARN] IP:2250 - PinAttribute not found: check if there is a RefParameter without a condition.
2025-12-26 22:46:51,157 [WARN] IP:2250 - PinAttribute not found: check if there is a RefParameter without a condition.
2025-12-26 22:46:51,157 [WARN] IP:2250 - PinAttribute not found: check if there is a RefParameter without a condition.
2025-12-26 22:46:51,157 [WARN] IP:2250 - PinAttribute not found: check if there is a RefParameter without a condition.
2025-12-26 22:46:51,157 [WARN] IP:2250 - PinAttribute not found: check if there is a RefParameter without a condition.
2025-12-26 22:46:51,157 [WARN] IP:2250 - PinAttribute not found: check if there is a RefParameter without a condition.
2025-12-26 22:46:51,157 [WARN] IP:2250 - PinAttribute not found: check if there is a RefParameter without a condition.
2025-12-26 22:46:51,158 [WARN] IP:2250 - PinAttribute not found: check if there is a RefParameter without a condition.
2025-12-26 22:46:51,158 [WARN] IP:2250 - PinAttribute not found: check if there is a RefParameter without a condition.
2025-12-26 22:46:51,158 [WARN] IP:2250 - PinAttribute not found: check if there is a RefParameter without a condition.
2025-12-26 22:46:51,158 [WARN] IP:2250 - PinAttribute not found: check if there is a RefParameter without a condition.
2025-12-26 22:46:51,158 [WARN] IP:2250 - PinAttribute not found: check if there is a RefParameter without a condition.
2025-12-26 22:46:51,158 [WARN] IP:2250 - PinAttribute not found: check if there is a RefParameter without a condition.
2025-12-26 22:46:51,158 [WARN] IP:2250 - PinAttribute not found: check if there is a RefParameter without a condition.
2025-12-26 22:46:51,158 [WARN] IP:2250 - PinAttribute not found: check if there is a RefParameter without a condition.
2025-12-26 22:46:51,158 [WARN] IP:2250 - PinAttribute not found: check if there is a RefParameter without a condition.
2025-12-26 22:46:51,159 [WARN] IP:2250 - PinAttribute not found: check if there is a RefParameter without a condition.
2025-12-26 22:46:51,159 [WARN] IP:2250 - PinAttribute not found: check if there is a RefParameter without a condition.
2025-12-26 22:46:51,159 [WARN] IP:2250 - PinAttribute not found: check if there is a RefParameter without a condition.
2025-12-26 22:46:51,159 [WARN] IP:2250 - PinAttribute not found: check if there is a RefParameter without a condition.
2025-12-26 22:46:51,159 [WARN] IP:2250 - PinAttribute not found: check if there is a RefParameter without a condition.
2025-12-26 22:46:51,159 [WARN] IP:2250 - PinAttribute not found: check if there is a RefParameter without a condition.
2025-12-26 22:46:51,159 [WARN] IP:2250 - PinAttribute not found: check if there is a RefParameter without a condition.
2025-12-26 22:46:51,159 [WARN] IP:2250 - PinAttribute not found: check if there is a RefParameter without a condition.
2025-12-26 22:46:51,159 [WARN] IP:2250 - PinAttribute not found: check if there is a RefParameter without a condition.
2025-12-26 22:46:51,160 [WARN] IP:2250 - PinAttribute not found: check if there is a RefParameter without a condition.
2025-12-26 22:46:51,160 [WARN] IP:2250 - PinAttribute not found: check if there is a RefParameter without a condition.
2025-12-26 22:46:51,160 [WARN] IP:2250 - PinAttribute not found: check if there is a RefParameter without a condition.
2025-12-26 22:46:51,168 [WARN] IP:2250 - rccPrivilegeSecure not found: check if there is a RefParameter without a condition.
2025-12-26 22:46:51,168 [WARN] IP:2250 - rccSecurity not found: check if there is a RefParameter without a condition.
2025-12-26 22:46:51,197 [WARN] IP:2250 - PinAttribute not found: check if there is a RefParameter without a condition.
2025-12-26 22:46:51,197 [WARN] IP:2250 - PinAttribute not found: check if there is a RefParameter without a condition.
2025-12-26 22:46:51,197 [WARN] IP:2250 - PinAttribute not found: check if there is a RefParameter without a condition.
2025-12-26 22:46:51,197 [WARN] IP:2250 - PinAttribute not found: check if there is a RefParameter without a condition.
2025-12-26 22:46:51,197 [WARN] IP:2250 - PinAttribute not found: check if there is a RefParameter without a condition.
2025-12-26 22:46:51,198 [WARN] IP:2250 - PinAttribute not found: check if there is a RefParameter without a condition.
2025-12-26 22:46:51,198 [WARN] IP:2250 - PinAttribute not found: check if there is a RefParameter without a condition.
2025-12-26 22:46:51,199 [WARN] IP:2250 - PinAttribute not found: check if there is a RefParameter without a condition.
2025-12-26 22:46:51,199 [WARN] IP:2250 - PinAttribute not found: check if there is a RefParameter without a condition.
2025-12-26 22:46:51,199 [WARN] IP:2250 - PinAttribute not found: check if there is a RefParameter without a condition.
2025-12-26 22:46:51,199 [WARN] IP:2250 - PinAttribute not found: check if there is a RefParameter without a condition.
2025-12-26 22:46:51,199 [WARN] IP:2250 - PinAttribute not found: check if there is a RefParameter without a condition.
2025-12-26 22:46:51,199 [WARN] IP:2250 - PinAttribute not found: check if there is a RefParameter without a condition.
2025-12-26 22:46:51,199 [WARN] IP:2250 - PinAttribute not found: check if there is a RefParameter without a condition.
2025-12-26 22:47:01,784 [WARN] IP:2250 - PinAttribute not found: check if there is a RefParameter without a condition.
2025-12-26 22:47:01,784 [WARN] IP:2250 - PinAttribute not found: check if there is a RefParameter without a condition.
2025-12-26 22:47:01,784 [WARN] IP:2250 - PinAttribute not found: check if there is a RefParameter without a condition.
2025-12-26 22:47:01,784 [WARN] IP:2250 - PinAttribute not found: check if there is a RefParameter without a condition.
2025-12-26 22:47:01,784 [WARN] IP:2250 - PinAttribute not found: check if there is a RefParameter without a condition.
2025-12-26 22:47:01,784 [WARN] IP:2250 - PinAttribute not found: check if there is a RefParameter without a condition.
2025-12-26 22:47:01,784 [WARN] IP:2250 - PinAttribute not found: check if there is a RefParameter without a condition.
2025-12-26 22:47:01,795 [WARN] IP:2250 - PinAttribute not found: check if there is a RefParameter without a condition.
2025-12-26 22:47:01,796 [WARN] IP:2250 - PinAttribute not found: check if there is a RefParameter without a condition.
2025-12-26 22:47:01,796 [WARN] IP:2250 - PinAttribute not found: check if there is a RefParameter without a condition.
2025-12-26 22:47:01,796 [WARN] IP:2250 - PinAttribute not found: check if there is a RefParameter without a condition.
2025-12-26 22:47:01,796 [WARN] IP:2250 - PinAttribute not found: check if there is a RefParameter without a condition.
2025-12-26 22:47:01,796 [WARN] IP:2250 - PinAttribute not found: check if there is a RefParameter without a condition.
2025-12-26 22:47:01,796 [WARN] IP:2250 - PinAttribute not found: check if there is a RefParameter without a condition.
2025-12-26 22:47:01,824 [WARN] IP:2250 - PinAttribute not found: check if there is a RefParameter without a condition.
2025-12-26 22:47:01,824 [WARN] IP:2250 - PinAttribute not found: check if there is a RefParameter without a condition.
2025-12-26 22:47:01,824 [WARN] IP:2250 - PinAttribute not found: check if there is a RefParameter without a condition.
2025-12-26 22:47:01,824 [WARN] IP:2250 - PinAttribute not found: check if there is a RefParameter without a condition.
2025-12-26 22:47:01,824 [WARN] IP:2250 - PinAttribute not found: check if there is a RefParameter without a condition.
2025-12-26 22:47:01,824 [WARN] IP:2250 - PinAttribute not found: check if there is a RefParameter without a condition.
2025-12-26 22:47:01,824 [WARN] IP:2250 - PinAttribute not found: check if there is a RefParameter without a condition.
2025-12-26 22:47:01,826 [WARN] IP:2250 - PinAttribute not found: check if there is a RefParameter without a condition.
2025-12-26 22:47:01,826 [WARN] IP:2250 - PinAttribute not found: check if there is a RefParameter without a condition.
2025-12-26 22:47:01,826 [WARN] IP:2250 - PinAttribute not found: check if there is a RefParameter without a condition.
2025-12-26 22:47:01,826 [WARN] IP:2250 - PinAttribute not found: check if there is a RefParameter without a condition.
2025-12-26 22:47:01,826 [WARN] IP:2250 - PinAttribute not found: check if there is a RefParameter without a condition.
2025-12-26 22:47:01,826 [WARN] IP:2250 - PinAttribute not found: check if there is a RefParameter without a condition.
2025-12-26 22:47:01,826 [WARN] IP:2250 - PinAttribute not found: check if there is a RefParameter without a condition.
