2025-12-27 00:04:25,616 [WARN] IP:2250 - PinAttribute not found: check if there is a RefParameter without a condition.
2025-12-27 00:04:25,618 [WARN] IP:2250 - PinAttribute not found: check if there is a RefParameter without a condition.
2025-12-27 00:04:25,619 [WARN] IP:2250 - PinAttribute not found: check if there is a RefParameter without a condition.
2025-12-27 00:04:25,619 [WARN] IP:2250 - PinAttribute not found: check if there is a RefParameter without a condition.
2025-12-27 00:04:25,620 [WARN] IP:2250 - PinAttribute not found: check if there is a RefParameter without a condition.
2025-12-27 00:04:25,621 [WARN] IP:2250 - PinAttribute not found: check if there is a RefParameter without a condition.
2025-12-27 00:04:25,621 [WARN] IP:2250 - PinAttribute not found: check if there is a RefParameter without a condition.
2025-12-27 00:04:25,622 [WARN] IP:2250 - PinAttribute not found: check if there is a RefParameter without a condition.
2025-12-27 00:04:25,623 [WARN] IP:2250 - PinAttribute not found: check if there is a RefParameter without a condition.
2025-12-27 00:04:25,623 [WARN] IP:2250 - PinAttribute not found: check if there is a RefParameter without a condition.
2025-12-27 00:04:25,624 [WARN] IP:2250 - PinAttribute not found: check if there is a RefParameter without a condition.
2025-12-27 00:04:25,624 [WARN] IP:2250 - PinAttribute not found: check if there is a RefParameter without a condition.
2025-12-27 00:04:25,625 [WARN] IP:2250 - PinAttribute not found: check if there is a RefParameter without a condition.
2025-12-27 00:04:25,625 [WARN] IP:2250 - PinAttribute not found: check if there is a RefParameter without a condition.
2025-12-27 00:04:25,626 [WARN] IP:2250 - PinAttribute not found: check if there is a RefParameter without a condition.
2025-12-27 00:04:25,626 [WARN] IP:2250 - PinAttribute not found: check if there is a RefParameter without a condition.
2025-12-27 00:04:25,627 [WARN] IP:2250 - PinAttribute not found: check if there is a RefParameter without a condition.
2025-12-27 00:04:25,628 [WARN] IP:2250 - PinAttribute not found: check if there is a RefParameter without a condition.
2025-12-27 00:04:25,629 [WARN] IP:2250 - PinAttribute not found: check if there is a RefParameter without a condition.
2025-12-27 00:04:25,630 [WARN] IP:2250 - PinAttribute not found: check if there is a RefParameter without a condition.
2025-12-27 00:04:25,630 [WARN] IP:2250 - PinAttribute not found: check if there is a RefParameter without a condition.
2025-12-27 00:04:25,631 [WARN] IP:2250 - PinAttribute not found: check if there is a RefParameter without a condition.
2025-12-27 00:04:25,632 [WARN] IP:2250 - PinAttribute not found: check if there is a RefParameter without a condition.
2025-12-27 00:04:25,632 [WARN] IP:2250 - PinAttribute not found: check if there is a RefParameter without a condition.
2025-12-27 00:04:25,633 [WARN] IP:2250 - PinAttribute not found: check if there is a RefParameter without a condition.
2025-12-27 00:04:25,633 [WARN] IP:2250 - PinAttribute not found: check if there is a RefParameter without a condition.
2025-12-27 00:04:25,634 [WARN] IP:2250 - PinAttribute not found: check if there is a RefParameter without a condition.
2025-12-27 00:04:25,634 [WARN] IP:2250 - PinAttribute not found: check if there is a RefParameter without a condition.
2025-12-27 00:04:25,635 [WARN] IP:2250 - PinAttribute not found: check if there is a RefParameter without a condition.
2025-12-27 00:04:25,635 [WARN] IP:2250 - PinAttribute not found: check if there is a RefParameter without a condition.
2025-12-27 00:04:25,636 [WARN] IP:2250 - PinAttribute not found: check if there is a RefParameter without a condition.
2025-12-27 00:04:25,636 [WARN] IP:2250 - PinAttribute not found: check if there is a RefParameter without a condition.
2025-12-27 00:04:25,637 [WARN] IP:2250 - PinAttribute not found: check if there is a RefParameter without a condition.
2025-12-27 00:04:25,637 [WARN] IP:2250 - PinAttribute not found: check if there is a RefParameter without a condition.
2025-12-27 00:04:25,637 [WARN] IP:2250 - PinAttribute not found: check if there is a RefParameter without a condition.
2025-12-27 00:04:25,638 [WARN] IP:2250 - PinAttribute not found: check if there is a RefParameter without a condition.
2025-12-27 00:04:25,638 [WARN] IP:2250 - PinAttribute not found: check if there is a RefParameter without a condition.
2025-12-27 00:04:25,639 [WARN] IP:2250 - PinAttribute not found: check if there is a RefParameter without a condition.
2025-12-27 00:04:25,639 [WARN] IP:2250 - PinAttribute not found: check if there is a RefParameter without a condition.
2025-12-27 00:04:25,640 [WARN] IP:2250 - PinAttribute not found: check if there is a RefParameter without a condition.
2025-12-27 00:04:25,640 [WARN] IP:2250 - PinAttribute not found: check if there is a RefParameter without a condition.
2025-12-27 00:04:25,641 [WARN] IP:2250 - PinAttribute not found: check if there is a RefParameter without a condition.
2025-12-27 00:04:25,641 [WARN] IP:2250 - PinAttribute not found: check if there is a RefParameter without a condition.
2025-12-27 00:04:25,642 [WARN] IP:2250 - PinAttribute not found: check if there is a RefParameter without a condition.
2025-12-27 00:04:25,642 [WARN] IP:2250 - PinAttribute not found: check if there is a RefParameter without a condition.
2025-12-27 00:04:25,643 [WARN] IP:2250 - PinAttribute not found: check if there is a RefParameter without a condition.
2025-12-27 00:04:25,643 [WARN] IP:2250 - PinAttribute not found: check if there is a RefParameter without a condition.
2025-12-27 00:04:25,644 [WARN] IP:2250 - PinAttribute not found: check if there is a RefParameter without a condition.
2025-12-27 00:04:25,644 [WARN] IP:2250 - PinAttribute not found: check if there is a RefParameter without a condition.
2025-12-27 00:04:25,645 [WARN] IP:2250 - PinAttribute not found: check if there is a RefParameter without a condition.
2025-12-27 00:04:25,645 [WARN] IP:2250 - PinAttribute not found: check if there is a RefParameter without a condition.
2025-12-27 00:04:25,646 [WARN] IP:2250 - PinAttribute not found: check if there is a RefParameter without a condition.
2025-12-27 00:04:25,646 [WARN] IP:2250 - PinAttribute not found: check if there is a RefParameter without a condition.
2025-12-27 00:04:25,647 [WARN] IP:2250 - PinAttribute not found: check if there is a RefParameter without a condition.
2025-12-27 00:04:25,647 [WARN] IP:2250 - PinAttribute not found: check if there is a RefParameter without a condition.
2025-12-27 00:04:25,648 [WARN] IP:2250 - PinAttribute not found: check if there is a RefParameter without a condition.
2025-12-27 00:04:25,649 [WARN] IP:2250 - PinAttribute not found: check if there is a RefParameter without a condition.
2025-12-27 00:04:25,650 [WARN] IP:2250 - PinAttribute not found: check if there is a RefParameter without a condition.
2025-12-27 00:04:25,650 [WARN] IP:2250 - PinAttribute not found: check if there is a RefParameter without a condition.
2025-12-27 00:04:25,651 [WARN] IP:2250 - PinAttribute not found: check if there is a RefParameter without a condition.
2025-12-27 00:04:25,652 [WARN] IP:2250 - PinAttribute not found: check if there is a RefParameter without a condition.
2025-12-27 00:04:25,652 [WARN] IP:2250 - PinAttribute not found: check if there is a RefParameter without a condition.
2025-12-27 00:04:25,653 [WARN] IP:2250 - PinAttribute not found: check if there is a RefParameter without a condition.
2025-12-27 00:04:25,654 [WARN] IP:2250 - PinAttribute not found: check if there is a RefParameter without a condition.
2025-12-27 00:04:25,654 [WARN] IP:2250 - PinAttribute not found: check if there is a RefParameter without a condition.
2025-12-27 00:04:25,655 [WARN] IP:2250 - PinAttribute not found: check if there is a RefParameter without a condition.
2025-12-27 00:04:25,655 [WARN] IP:2250 - PinAttribute not found: check if there is a RefParameter without a condition.
2025-12-27 00:04:25,656 [WARN] IP:2250 - PinAttribute not found: check if there is a RefParameter without a condition.
2025-12-27 00:04:25,656 [WARN] IP:2250 - PinAttribute not found: check if there is a RefParameter without a condition.
2025-12-27 00:04:25,656 [WARN] IP:2250 - PinAttribute not found: check if there is a RefParameter without a condition.
2025-12-27 00:04:25,656 [WARN] IP:2250 - PinAttribute not found: check if there is a RefParameter without a condition.
2025-12-27 00:04:25,657 [WARN] IP:2250 - PinAttribute not found: check if there is a RefParameter without a condition.
2025-12-27 00:04:25,657 [WARN] IP:2250 - PinAttribute not found: check if there is a RefParameter without a condition.
2025-12-27 00:04:25,660 [INFO] Gpio:278 - dependency for GPIO [DEBUG, RCC, SPI1, UART4]
2025-12-27 00:04:25,674 [WARN] IP:2250 - PinAttribute not found: check if there is a RefParameter without a condition.
2025-12-27 00:04:25,675 [WARN] IP:2250 - PinAttribute not found: check if there is a RefParameter without a condition.
2025-12-27 00:04:25,675 [WARN] IP:2250 - PinAttribute not found: check if there is a RefParameter without a condition.
2025-12-27 00:04:25,675 [WARN] IP:2250 - PinAttribute not found: check if there is a RefParameter without a condition.
2025-12-27 00:04:25,675 [WARN] IP:2250 - PinAttribute not found: check if there is a RefParameter without a condition.
2025-12-27 00:04:25,675 [WARN] IP:2250 - PinAttribute not found: check if there is a RefParameter without a condition.
2025-12-27 00:04:25,675 [WARN] IP:2250 - PinAttribute not found: check if there is a RefParameter without a condition.
2025-12-27 00:04:25,676 [WARN] IP:2250 - PinAttribute not found: check if there is a RefParameter without a condition.
2025-12-27 00:04:25,676 [WARN] IP:2250 - PinAttribute not found: check if there is a RefParameter without a condition.
2025-12-27 00:04:25,676 [WARN] IP:2250 - PinAttribute not found: check if there is a RefParameter without a condition.
2025-12-27 00:04:25,676 [WARN] IP:2250 - PinAttribute not found: check if there is a RefParameter without a condition.
2025-12-27 00:04:25,676 [WARN] IP:2250 - PinAttribute not found: check if there is a RefParameter without a condition.
2025-12-27 00:04:25,677 [WARN] IP:2250 - PinAttribute not found: check if there is a RefParameter without a condition.
2025-12-27 00:04:25,677 [WARN] IP:2250 - PinAttribute not found: check if there is a RefParameter without a condition.
2025-12-27 00:04:25,677 [WARN] IP:2250 - PinAttribute not found: check if there is a RefParameter without a condition.
2025-12-27 00:04:25,677 [WARN] IP:2250 - PinAttribute not found: check if there is a RefParameter without a condition.
2025-12-27 00:04:25,678 [WARN] IP:2250 - PinAttribute not found: check if there is a RefParameter without a condition.
2025-12-27 00:04:25,678 [WARN] IP:2250 - PinAttribute not found: check if there is a RefParameter without a condition.
2025-12-27 00:04:25,679 [WARN] IP:2250 - PinAttribute not found: check if there is a RefParameter without a condition.
2025-12-27 00:04:25,679 [WARN] IP:2250 - PinAttribute not found: check if there is a RefParameter without a condition.
2025-12-27 00:04:25,679 [WARN] IP:2250 - PinAttribute not found: check if there is a RefParameter without a condition.
2025-12-27 00:04:25,680 [WARN] IP:2250 - PinAttribute not found: check if there is a RefParameter without a condition.
2025-12-27 00:04:25,680 [WARN] IP:2250 - PinAttribute not found: check if there is a RefParameter without a condition.
2025-12-27 00:04:25,680 [WARN] IP:2250 - PinAttribute not found: check if there is a RefParameter without a condition.
2025-12-27 00:04:25,680 [WARN] IP:2250 - PinAttribute not found: check if there is a RefParameter without a condition.
2025-12-27 00:04:25,680 [WARN] IP:2250 - PinAttribute not found: check if there is a RefParameter without a condition.
2025-12-27 00:04:25,681 [WARN] IP:2250 - PinAttribute not found: check if there is a RefParameter without a condition.
2025-12-27 00:04:25,681 [WARN] IP:2250 - PinAttribute not found: check if there is a RefParameter without a condition.
2025-12-27 00:04:25,681 [WARN] IP:2250 - PinAttribute not found: check if there is a RefParameter without a condition.
2025-12-27 00:04:25,681 [WARN] IP:2250 - PinAttribute not found: check if there is a RefParameter without a condition.
2025-12-27 00:04:25,682 [WARN] IP:2250 - PinAttribute not found: check if there is a RefParameter without a condition.
2025-12-27 00:04:25,682 [WARN] IP:2250 - PinAttribute not found: check if there is a RefParameter without a condition.
2025-12-27 00:04:25,682 [WARN] IP:2250 - PinAttribute not found: check if there is a RefParameter without a condition.
2025-12-27 00:04:25,682 [WARN] IP:2250 - PinAttribute not found: check if there is a RefParameter without a condition.
2025-12-27 00:04:25,683 [WARN] IP:2250 - PinAttribute not found: check if there is a RefParameter without a condition.
2025-12-27 00:04:25,683 [WARN] IP:2250 - PinAttribute not found: check if there is a RefParameter without a condition.
2025-12-27 00:04:25,683 [WARN] IP:2250 - PinAttribute not found: check if there is a RefParameter without a condition.
2025-12-27 00:04:25,686 [WARN] IP:2250 - PinAttribute not found: check if there is a RefParameter without a condition.
2025-12-27 00:04:25,686 [WARN] IP:2250 - PinAttribute not found: check if there is a RefParameter without a condition.
2025-12-27 00:04:25,687 [WARN] IP:2250 - PinAttribute not found: check if there is a RefParameter without a condition.
2025-12-27 00:04:25,687 [WARN] IP:2250 - PinAttribute not found: check if there is a RefParameter without a condition.
2025-12-27 00:04:25,687 [WARN] IP:2250 - PinAttribute not found: check if there is a RefParameter without a condition.
2025-12-27 00:04:25,688 [WARN] IP:2250 - PinAttribute not found: check if there is a RefParameter without a condition.
2025-12-27 00:04:25,688 [WARN] IP:2250 - PinAttribute not found: check if there is a RefParameter without a condition.
2025-12-27 00:04:25,688 [WARN] IP:2250 - PinAttribute not found: check if there is a RefParameter without a condition.
2025-12-27 00:04:25,688 [WARN] IP:2250 - PinAttribute not found: check if there is a RefParameter without a condition.
2025-12-27 00:04:25,689 [WARN] IP:2250 - PinAttribute not found: check if there is a RefParameter without a condition.
2025-12-27 00:04:25,689 [WARN] IP:2250 - PinAttribute not found: check if there is a RefParameter without a condition.
2025-12-27 00:04:25,689 [WARN] IP:2250 - PinAttribute not found: check if there is a RefParameter without a condition.
2025-12-27 00:04:25,689 [WARN] IP:2250 - PinAttribute not found: check if there is a RefParameter without a condition.
2025-12-27 00:04:25,690 [WARN] IP:2250 - PinAttribute not found: check if there is a RefParameter without a condition.
2025-12-27 00:04:25,690 [WARN] IP:2250 - PinAttribute not found: check if there is a RefParameter without a condition.
2025-12-27 00:04:25,690 [WARN] IP:2250 - PinAttribute not found: check if there is a RefParameter without a condition.
2025-12-27 00:04:25,690 [WARN] IP:2250 - PinAttribute not found: check if there is a RefParameter without a condition.
2025-12-27 00:04:25,690 [WARN] IP:2250 - PinAttribute not found: check if there is a RefParameter without a condition.
2025-12-27 00:04:25,690 [WARN] IP:2250 - PinAttribute not found: check if there is a RefParameter without a condition.
2025-12-27 00:04:25,690 [WARN] IP:2250 - PinAttribute not found: check if there is a RefParameter without a condition.
2025-12-27 00:04:25,691 [WARN] IP:2250 - PinAttribute not found: check if there is a RefParameter without a condition.
2025-12-27 00:04:25,691 [WARN] IP:2250 - PinAttribute not found: check if there is a RefParameter without a condition.
2025-12-27 00:04:25,691 [WARN] IP:2250 - PinAttribute not found: check if there is a RefParameter without a condition.
2025-12-27 00:04:25,691 [WARN] IP:2250 - PinAttribute not found: check if there is a RefParameter without a condition.
2025-12-27 00:04:25,691 [WARN] IP:2250 - PinAttribute not found: check if there is a RefParameter without a condition.
2025-12-27 00:04:25,691 [WARN] IP:2250 - PinAttribute not found: check if there is a RefParameter without a condition.
2025-12-27 00:04:25,691 [WARN] IP:2250 - PinAttribute not found: check if there is a RefParameter without a condition.
2025-12-27 00:04:25,692 [WARN] IP:2250 - PinAttribute not found: check if there is a RefParameter without a condition.
2025-12-27 00:04:25,692 [WARN] IP:2250 - PinAttribute not found: check if there is a RefParameter without a condition.
2025-12-27 00:04:25,692 [WARN] IP:2250 - PinAttribute not found: check if there is a RefParameter without a condition.
2025-12-27 00:04:25,692 [WARN] IP:2250 - PinAttribute not found: check if there is a RefParameter without a condition.
2025-12-27 00:04:25,692 [WARN] IP:2250 - PinAttribute not found: check if there is a RefParameter without a condition.
2025-12-27 00:04:25,692 [WARN] IP:2250 - PinAttribute not found: check if there is a RefParameter without a condition.
2025-12-27 00:04:25,693 [WARN] IP:2250 - PinAttribute not found: check if there is a RefParameter without a condition.
2025-12-27 00:04:25,693 [WARN] IP:2250 - PinAttribute not found: check if there is a RefParameter without a condition.
2025-12-27 00:04:25,693 [WARN] IP:2250 - PinAttribute not found: check if there is a RefParameter without a condition.
2025-12-27 00:04:25,724 [WARN] IP:2250 - PinAttribute not found: check if there is a RefParameter without a condition.
2025-12-27 00:04:25,725 [WARN] IP:2250 - PinAttribute not found: check if there is a RefParameter without a condition.
2025-12-27 00:04:25,725 [WARN] IP:2250 - PinAttribute not found: check if there is a RefParameter without a condition.
2025-12-27 00:04:25,725 [WARN] IP:2250 - PinAttribute not found: check if there is a RefParameter without a condition.
2025-12-27 00:04:25,725 [WARN] IP:2250 - PinAttribute not found: check if there is a RefParameter without a condition.
2025-12-27 00:04:25,725 [WARN] IP:2250 - PinAttribute not found: check if there is a RefParameter without a condition.
2025-12-27 00:04:25,725 [WARN] IP:2250 - PinAttribute not found: check if there is a RefParameter without a condition.
2025-12-27 00:04:25,731 [WARN] IP:2250 - PinAttribute not found: check if there is a RefParameter without a condition.
2025-12-27 00:04:25,731 [WARN] IP:2250 - PinAttribute not found: check if there is a RefParameter without a condition.
2025-12-27 00:04:25,731 [WARN] IP:2250 - PinAttribute not found: check if there is a RefParameter without a condition.
2025-12-27 00:04:25,731 [WARN] IP:2250 - PinAttribute not found: check if there is a RefParameter without a condition.
2025-12-27 00:04:25,731 [WARN] IP:2250 - PinAttribute not found: check if there is a RefParameter without a condition.
2025-12-27 00:04:25,731 [WARN] IP:2250 - PinAttribute not found: check if there is a RefParameter without a condition.
2025-12-27 00:04:25,731 [WARN] IP:2250 - PinAttribute not found: check if there is a RefParameter without a condition.
2025-12-27 00:04:25,749 [WARN] IP:2250 - PinAttribute not found: check if there is a RefParameter without a condition.
2025-12-27 00:04:25,749 [WARN] IP:2250 - PinAttribute not found: check if there is a RefParameter without a condition.
2025-12-27 00:04:25,749 [WARN] IP:2250 - PinAttribute not found: check if there is a RefParameter without a condition.
2025-12-27 00:04:25,749 [WARN] IP:2250 - PinAttribute not found: check if there is a RefParameter without a condition.
2025-12-27 00:04:25,749 [WARN] IP:2250 - PinAttribute not found: check if there is a RefParameter without a condition.
2025-12-27 00:04:25,750 [WARN] IP:2250 - PinAttribute not found: check if there is a RefParameter without a condition.
2025-12-27 00:04:25,750 [WARN] IP:2250 - PinAttribute not found: check if there is a RefParameter without a condition.
2025-12-27 00:04:29,535 [WARN] IP:2250 - PinAttribute not found: check if there is a RefParameter without a condition.
2025-12-27 00:04:31,756 [WARN] IP:2250 - PinAttribute not found: check if there is a RefParameter without a condition.
2025-12-27 00:04:31,775 [WARN] IP:2250 - PinAttribute not found: check if there is a RefParameter without a condition.
2025-12-27 00:04:31,780 [WARN] IP:2250 - PinAttribute not found: check if there is a RefParameter without a condition.
2025-12-27 00:04:31,791 [WARN] IP:2250 - PinAttribute not found: check if there is a RefParameter without a condition.
2025-12-27 00:04:31,800 [WARN] IP:2250 - PinAttribute not found: check if there is a RefParameter without a condition.
2025-12-27 00:04:31,819 [WARN] IP:2250 - PinAttribute not found: check if there is a RefParameter without a condition.
2025-12-27 00:04:31,820 [WARN] IP:2250 - PinAttribute not found: check if there is a RefParameter without a condition.
2025-12-27 00:04:31,833 [WARN] IP:2250 - PinAttribute not found: check if there is a RefParameter without a condition.
2025-12-27 00:04:31,841 [WARN] IP:2250 - PinAttribute not found: check if there is a RefParameter without a condition.
2025-12-27 09:57:42,985 [INFO] MainUpdater:2872 - connection check result : 10
2025-12-27 09:57:42,987 [INFO] MainUpdater:2872 - connection check result : 10
2025-12-27 09:57:43,094 [INFO] MicroXplorer:468 - Change Database Path : 
2025-12-27 09:57:43,096 [INFO] MicroXplorer:498 - Change Database Version : DB.6.0.150
2025-12-27 09:57:43,128 [INFO] ProjectChoiceTab:3673 - Project Structure = Dual Non Secure / Secure
2025-12-27 09:57:43,129 [ERROR] ProjectManagerView:395 - 
java.lang.NullPointerException: Cannot invoke "javax.swing.JTextField.getText()" because the return value of "java.util.List.get(int)" is null
	at com.st.microxplorer.plugins.projectmanager.gui.ProjectChoiceTab$9.caretUpdate(ProjectChoiceTab.java:2706) ~[filemanager.jar:?]
	at javax.swing.text.JTextComponent.fireCaretUpdate(JTextComponent.java:408) ~[?:?]
	at javax.swing.text.JTextComponent$MutableCaretEvent.fire(JTextComponent.java:4484) ~[?:?]
	at javax.swing.text.JTextComponent$MutableCaretEvent.stateChanged(JTextComponent.java:4506) ~[?:?]
	at javax.swing.text.DefaultCaret.fireStateChanged(DefaultCaret.java:857) ~[?:?]
	at javax.swing.text.DefaultCaret.changeCaretPosition(DefaultCaret.java:1343) ~[?:?]
	at javax.swing.text.DefaultCaret.handleSetDot(DefaultCaret.java:1242) ~[?:?]
	at javax.swing.text.DefaultCaret.setDot(DefaultCaret.java:1223) ~[?:?]
	at javax.swing.text.DefaultCaret$Handler.insertUpdate(DefaultCaret.java:1819) ~[?:?]
	at javax.swing.text.AbstractDocument.fireInsertUpdate(AbstractDocument.java:227) ~[?:?]
	at javax.swing.text.AbstractDocument.handleInsertString(AbstractDocument.java:781) ~[?:?]
	at javax.swing.text.AbstractDocument.insertString(AbstractDocument.java:740) ~[?:?]
	at javax.swing.text.PlainDocument.insertString(PlainDocument.java:131) ~[?:?]
	at javax.swing.text.AbstractDocument.replace(AbstractDocument.java:699) ~[?:?]
	at javax.swing.text.JTextComponent.setText(JTextComponent.java:1725) ~[?:?]
	at com.st.microxplorer.plugins.projectmanager.gui.ProjectChoiceTab.createHeapStackFields(ProjectChoiceTab.java:993) ~[filemanager.jar:?]
	at com.st.microxplorer.plugins.projectmanager.gui.ProjectChoiceTab.buildLinkSettingsPanel(ProjectChoiceTab.java:3813) ~[filemanager.jar:?]
	at com.st.microxplorer.plugins.projectmanager.gui.ProjectChoiceTab.defineWindowsFields(ProjectChoiceTab.java:1987) ~[filemanager.jar:?]
	at com.st.microxplorer.plugins.projectmanager.gui.ProjectChoiceTab.updateSettings(ProjectChoiceTab.java:558) ~[filemanager.jar:?]
	at com.st.microxplorer.plugins.projectmanager.gui.ProjectSettingsPanel.UpdateDialog(ProjectSettingsPanel.java:247) ~[filemanager.jar:?]
	at com.st.microxplorer.plugins.projectmanager.ProjectManagerView.propertyChange(ProjectManagerView.java:392) ~[filemanager.jar:?]
	at java.beans.PropertyChangeSupport.fire(PropertyChangeSupport.java:343) ~[?:?]
	at java.beans.PropertyChangeSupport.firePropertyChange(PropertyChangeSupport.java:335) ~[?:?]
	at java.beans.PropertyChangeSupport.firePropertyChange(PropertyChangeSupport.java:268) ~[?:?]
	at com.st.microxplorer.util.MXPropertyChangeSupport.firePropertyChange(MXPropertyChangeSupport.java:54) ~[STM32CubeMX.jar:?]
	at com.st.microxplorer.mxsystem.MxSystem.closeConfig(MxSystem.java:899) ~[STM32CubeMX.jar:?]
	at com.st.microxplorer.maingui.MainPanel.closeConfig(MainPanel.java:792) ~[STM32CubeMX.jar:?]
	at com.st.microxplorer.plugins.filemanager.engine.OpenFileManager.loadConfigurationFile(OpenFileManager.java:288) ~[filemanager.jar:?]
	at com.st.microxplorer.plugins.filemanager.engine.MainFileManager.userLoadConfig(MainFileManager.java:364) ~[filemanager.jar:?]
	at com.st.microxplorer.plugins.filemanager.engine.MainFileManager.userLoadConfig(MainFileManager.java:342) ~[filemanager.jar:?]
	at com.st.microxplorer.plugins.filemanager.FileManagerView.getSpecificTask(FileManagerView.java:264) ~[filemanager.jar:?]
	at com.st.stm32cube.common.mx.editor.CubeMxEditor.getMxTabbedPaneInstance(CubeMxEditor.java:1198) ~[com.st.stm32cube.common.mx_6.15.0.202507011659/:?]
	at com.st.stm32cube.common.mx.editor.CubeMxEditor$12$1.createSwingComponent(CubeMxEditor.java:1068) ~[com.st.stm32cube.common.mx_6.15.0.202507011659/:?]
	at com.st.stm32cube.common.mx.oss.core.awtswtbridge.EmbeddedSwingComposite.doComponentCreation(EmbeddedSwingComposite.java:492) ~[com.st.stm32cube.common.mx.oss_6.15.0.202507011659/:?]
	at com.st.stm32cube.common.mx.oss.core.awtswtbridge.EmbeddedSwingComposite$4.run(EmbeddedSwingComposite.java:291) ~[com.st.stm32cube.common.mx.oss_6.15.0.202507011659/:?]
	at com.st.stm32cube.common.mx.oss.core.awtswtbridge.AwtEnvironment$2.run(AwtEnvironment.java:166) ~[com.st.stm32cube.common.mx.oss_6.15.0.202507011659/:?]
	at java.awt.event.InvocationEvent.dispatch(InvocationEvent.java:318) ~[?:?]
	at java.awt.EventQueue.dispatchEventImpl(EventQueue.java:773) ~[?:?]
	at java.awt.EventQueue$4.run(EventQueue.java:720) ~[?:?]
	at java.awt.EventQueue$4.run(EventQueue.java:714) ~[?:?]
	at java.security.AccessController.doPrivileged(AccessController.java:400) ~[?:?]
	at java.security.ProtectionDomain$JavaSecurityAccessImpl.doIntersectionPrivilege(ProtectionDomain.java:87) ~[?:?]
	at java.awt.EventQueue.dispatchEvent(EventQueue.java:742) ~[?:?]
	at java.awt.EventDispatchThread.pumpOneEventForFilters(EventDispatchThread.java:203) ~[?:?]
	at java.awt.EventDispatchThread.pumpEventsForFilter(EventDispatchThread.java:124) ~[?:?]
	at java.awt.EventDispatchThread.pumpEventsForHierarchy(EventDispatchThread.java:113) ~[?:?]
	at java.awt.EventDispatchThread.pumpEvents(EventDispatchThread.java:109) ~[?:?]
	at java.awt.EventDispatchThread.pumpEvents(EventDispatchThread.java:101) ~[?:?]
	at java.awt.EventDispatchThread.run(EventDispatchThread.java:90) ~[?:?]
2025-12-27 09:57:43,131 [WARN] ThirdParty:871 - waiting for thirdparty lock release [close project]
2025-12-27 09:57:43,131 [INFO] ThirdParty:873 - entering critical section [close project]
2025-12-27 09:57:43,131 [INFO] ThirdParty:883 - exiting critical section [close project]
2025-12-27 09:57:43,134 [INFO] PinOutPanel:1589 - setPackage(No Configuration,No Configuration)
2025-12-27 09:57:43,142 [INFO] UtilMem:75 - Begin LoadConfig() Used Memory: 416799040 Bytes (1073741824)
2025-12-27 09:57:43,144 [INFO] MicroXplorer:468 - Change Database Path : 
2025-12-27 09:57:43,144 [INFO] MicroXplorer:498 - Change Database Version : DB.6.0.150
2025-12-27 09:57:43,144 [INFO] OpenFileManager:355 - Change cursor
2025-12-27 09:57:43,162 [INFO] Mcu:2029 - Initializing MCU STM32H563VGTx STM32H563VGTx STM32H563VGT6
2025-12-27 09:57:43,771 [WARN] Context:803 - Trying to add IP SBS in context CortexM33 not assigned to a contextSplit
2025-12-27 09:57:44,835 [WARN] Context:803 - Trying to add IP BOOTPATH in context CortexM33 not assigned to a contextSplit
2025-12-27 09:57:44,848 [INFO] Context:786 - Trying to add GPIOservice into a context  which must be forbidden
2025-12-27 09:57:44,849 [INFO] Context:786 - Trying to add GPIOservice into a context  which must be forbidden
2025-12-27 09:57:44,849 [INFO] Context:786 - Trying to add GPIOservice into a context  which must be forbidden
2025-12-27 09:57:44,849 [WARN] Context:803 - Trying to add IP GPIO in context CortexM33 not assigned to a contextSplit
2025-12-27 09:57:45,549 [INFO] ImportTextPane:234 - (OptionalMessage_ERROR) Pin102 (VP_RIF_VS_RIF1) cannot be retrieved for this MCU
2025-12-27 09:57:45,602 [WARN] ModelIntegratedComponent:63 - No mode defined for component null
2025-12-27 09:57:45,602 [WARN] ModelIntegratedComponent:63 - No mode defined for component null
2025-12-27 09:57:45,602 [WARN] ModelIntegratedComponent:63 - No mode defined for component null
2025-12-27 09:57:45,603 [WARN] ModelIntegratedComponent:63 - No mode defined for component null
2025-12-27 09:57:45,603 [WARN] ModelIntegratedComponent:63 - No mode defined for component null
2025-12-27 09:57:45,603 [WARN] ModelIntegratedComponent:63 - No mode defined for component null
2025-12-27 09:57:45,603 [WARN] ModelIntegratedComponent:63 - No mode defined for component null
2025-12-27 09:57:45,603 [WARN] ModelIntegratedComponent:63 - No mode defined for component null
2025-12-27 09:57:45,603 [WARN] ModelIntegratedComponent:63 - No mode defined for component null
2025-12-27 09:57:45,603 [WARN] ModelIntegratedComponent:63 - No mode defined for component null
2025-12-27 09:57:45,603 [WARN] ModelIntegratedComponent:63 - No mode defined for component null
2025-12-27 09:57:45,603 [WARN] ModelIntegratedComponent:63 - No mode defined for component null
2025-12-27 09:57:45,603 [WARN] ModelIntegratedComponent:63 - No mode defined for component null
2025-12-27 09:57:45,603 [WARN] ModelIntegratedComponent:63 - No mode defined for component null
2025-12-27 09:57:45,603 [WARN] ModelIntegratedComponent:63 - No mode defined for component null
2025-12-27 09:57:45,603 [WARN] ModelIntegratedComponent:63 - No mode defined for component null
2025-12-27 09:57:45,603 [WARN] ModelIntegratedComponent:63 - No mode defined for component null
2025-12-27 09:57:45,603 [WARN] ModelIntegratedComponent:63 - No mode defined for component null
2025-12-27 09:57:45,603 [WARN] ModelIntegratedComponent:63 - No mode defined for component null
2025-12-27 09:57:45,603 [WARN] ModelIntegratedComponent:63 - No mode defined for component null
2025-12-27 09:57:45,603 [WARN] ModelIntegratedComponent:63 - No mode defined for component null
2025-12-27 09:57:45,603 [WARN] ModelIntegratedComponent:63 - No mode defined for component null
2025-12-27 09:57:45,603 [WARN] ModelIntegratedComponent:63 - No mode defined for component null
2025-12-27 09:57:45,603 [WARN] ModelIntegratedComponent:63 - No mode defined for component null
2025-12-27 09:57:45,603 [WARN] ModelIntegratedComponent:63 - No mode defined for component null
2025-12-27 09:57:45,603 [WARN] ModelIntegratedComponent:63 - No mode defined for component null
2025-12-27 09:57:45,605 [WARN] ModelIntegratedComponent:63 - No mode defined for component null
2025-12-27 09:57:45,605 [WARN] ModelIntegratedComponent:63 - No mode defined for component null
2025-12-27 09:57:45,605 [WARN] ModelIntegratedComponent:63 - No mode defined for component null
2025-12-27 09:57:45,605 [WARN] ModelIntegratedComponent:63 - No mode defined for component null
2025-12-27 09:57:45,605 [WARN] ModelIntegratedComponent:63 - No mode defined for component null
2025-12-27 09:57:45,605 [WARN] ModelIntegratedComponent:63 - No mode defined for component null
2025-12-27 09:57:45,605 [WARN] ModelIntegratedComponent:63 - No mode defined for component null
2025-12-27 09:57:45,605 [WARN] ModelIntegratedComponent:63 - No mode defined for component null
2025-12-27 09:57:45,605 [WARN] ModelIntegratedComponent:63 - No mode defined for component null
2025-12-27 09:57:45,605 [WARN] ModelPack:524 - Component already loaded: STMicroelectronics:HAL Drivers:0.0.0:STMicroelectronics:Device:STMicro_Driver:XSPI:HAL::0.0.1:HAL_XSPI
2025-12-27 09:57:45,607 [INFO] RtosManager:558 - Registered RTOS mode: class=RTOS, group=ThreadX, mode=Core, owner=THREADX
2025-12-27 09:57:45,643 [INFO] ThirdPartyModel:298 - Start build external matchings
2025-12-27 09:57:45,823 [INFO] ThirdPartyModel:316 - End build external matchings
2025-12-27 09:57:45,834 [WARN] IP:2250 - PinAttribute not found: check if there is a RefParameter without a condition.
2025-12-27 09:57:45,835 [WARN] IP:2250 - PinAttribute not found: check if there is a RefParameter without a condition.
2025-12-27 09:57:45,835 [WARN] IP:2250 - PinAttribute not found: check if there is a RefParameter without a condition.
2025-12-27 09:57:45,835 [WARN] IP:2250 - PinAttribute not found: check if there is a RefParameter without a condition.
2025-12-27 09:57:45,836 [WARN] IP:2250 - PinAttribute not found: check if there is a RefParameter without a condition.
2025-12-27 09:57:45,836 [WARN] IP:2250 - PinAttribute not found: check if there is a RefParameter without a condition.
2025-12-27 09:57:45,836 [WARN] IP:2250 - PinAttribute not found: check if there is a RefParameter without a condition.
2025-12-27 09:57:45,838 [WARN] IP:2250 - PinAttribute not found: check if there is a RefParameter without a condition.
2025-12-27 09:57:45,838 [WARN] IP:2250 - PinAttribute not found: check if there is a RefParameter without a condition.
2025-12-27 09:57:45,838 [WARN] IP:2250 - PinAttribute not found: check if there is a RefParameter without a condition.
2025-12-27 09:57:45,838 [WARN] IP:2250 - PinAttribute not found: check if there is a RefParameter without a condition.
2025-12-27 09:57:45,838 [WARN] IP:2250 - PinAttribute not found: check if there is a RefParameter without a condition.
2025-12-27 09:57:45,839 [WARN] IP:2250 - PinAttribute not found: check if there is a RefParameter without a condition.
2025-12-27 09:57:45,839 [WARN] IP:2250 - PinAttribute not found: check if there is a RefParameter without a condition.
2025-12-27 09:57:45,840 [WARN] IP:2250 - PinAttribute not found: check if there is a RefParameter without a condition.
2025-12-27 09:57:45,840 [WARN] IP:2250 - PinAttribute not found: check if there is a RefParameter without a condition.
2025-12-27 09:57:45,841 [WARN] IP:2250 - PinAttribute not found: check if there is a RefParameter without a condition.
2025-12-27 09:57:45,841 [WARN] IP:2250 - PinAttribute not found: check if there is a RefParameter without a condition.
2025-12-27 09:57:45,841 [WARN] IP:2250 - PinAttribute not found: check if there is a RefParameter without a condition.
2025-12-27 09:57:45,841 [WARN] IP:2250 - PinAttribute not found: check if there is a RefParameter without a condition.
2025-12-27 09:57:45,841 [WARN] IP:2250 - PinAttribute not found: check if there is a RefParameter without a condition.
2025-12-27 09:57:45,843 [WARN] IP:2250 - PinAttribute not found: check if there is a RefParameter without a condition.
2025-12-27 09:57:45,843 [WARN] IP:2250 - PinAttribute not found: check if there is a RefParameter without a condition.
2025-12-27 09:57:45,843 [WARN] IP:2250 - PinAttribute not found: check if there is a RefParameter without a condition.
2025-12-27 09:57:45,843 [WARN] IP:2250 - PinAttribute not found: check if there is a RefParameter without a condition.
2025-12-27 09:57:45,843 [WARN] IP:2250 - PinAttribute not found: check if there is a RefParameter without a condition.
2025-12-27 09:57:45,844 [WARN] IP:2250 - PinAttribute not found: check if there is a RefParameter without a condition.
2025-12-27 09:57:45,844 [WARN] IP:2250 - PinAttribute not found: check if there is a RefParameter without a condition.
2025-12-27 09:57:45,845 [WARN] IP:2250 - PinAttribute not found: check if there is a RefParameter without a condition.
2025-12-27 09:57:45,845 [WARN] IP:2250 - PinAttribute not found: check if there is a RefParameter without a condition.
2025-12-27 09:57:45,845 [WARN] IP:2250 - PinAttribute not found: check if there is a RefParameter without a condition.
2025-12-27 09:57:45,845 [WARN] IP:2250 - PinAttribute not found: check if there is a RefParameter without a condition.
2025-12-27 09:57:45,846 [WARN] IP:2250 - PinAttribute not found: check if there is a RefParameter without a condition.
2025-12-27 09:57:45,846 [WARN] IP:2250 - PinAttribute not found: check if there is a RefParameter without a condition.
2025-12-27 09:57:45,846 [WARN] IP:2250 - PinAttribute not found: check if there is a RefParameter without a condition.
2025-12-27 09:57:45,847 [WARN] IP:2250 - PinAttribute not found: check if there is a RefParameter without a condition.
2025-12-27 09:57:45,847 [WARN] IP:2250 - PinAttribute not found: check if there is a RefParameter without a condition.
2025-12-27 09:57:45,847 [WARN] IP:2250 - PinAttribute not found: check if there is a RefParameter without a condition.
2025-12-27 09:57:45,847 [WARN] IP:2250 - PinAttribute not found: check if there is a RefParameter without a condition.
2025-12-27 09:57:45,848 [WARN] IP:2250 - PinAttribute not found: check if there is a RefParameter without a condition.
2025-12-27 09:57:45,848 [WARN] IP:2250 - PinAttribute not found: check if there is a RefParameter without a condition.
2025-12-27 09:57:45,848 [WARN] IP:2250 - PinAttribute not found: check if there is a RefParameter without a condition.
2025-12-27 09:57:45,849 [WARN] IP:2250 - PinAttribute not found: check if there is a RefParameter without a condition.
2025-12-27 09:57:45,850 [WARN] IP:2250 - PinAttribute not found: check if there is a RefParameter without a condition.
2025-12-27 09:57:45,850 [WARN] IP:2250 - PinAttribute not found: check if there is a RefParameter without a condition.
2025-12-27 09:57:45,850 [WARN] IP:2250 - PinAttribute not found: check if there is a RefParameter without a condition.
2025-12-27 09:57:45,850 [WARN] IP:2250 - PinAttribute not found: check if there is a RefParameter without a condition.
2025-12-27 09:57:45,850 [WARN] IP:2250 - PinAttribute not found: check if there is a RefParameter without a condition.
2025-12-27 09:57:45,850 [WARN] IP:2250 - PinAttribute not found: check if there is a RefParameter without a condition.
2025-12-27 09:57:45,852 [INFO] ImportTextPane:234 - (OptionalMessage_ERROR) IP (BOOTPATH) : Invalid parameter (BootPathName)
2025-12-27 09:57:45,853 [INFO] ImportTextPane:234 - (OptionalMessage_ERROR) IP (RCC) : Invalid parameter (EPOD_VALUE)
2025-12-27 09:57:45,853 [INFO] ImportTextPane:234 - (OptionalMessage_ERROR) IP (RCC) : Invalid parameter (FamilyName)
2025-12-27 09:57:45,854 [INFO] ImportTextPane:234 - (OptionalMessage_ERROR) IP (RCC) : Invalid parameter (LSIRC_VALUE)
2025-12-27 09:57:45,855 [INFO] ImportTextPane:234 - (OptionalMessage_ERROR) IP (RCC) : Parameter (SAI1Freq_Value) has invalid value (806250000)
2025-12-27 09:57:45,855 [INFO] ImportTextPane:234 - (OptionalMessage_ERROR) IP (RCC) : Parameter (SAI2Freq_Value) has invalid value (806250000)
2025-12-27 09:57:45,855 [INFO] ImportTextPane:234 - (OptionalMessage_ERROR) IP (RCC) : Parameter (SPI2Freq_Value) has invalid value (250000000)
2025-12-27 09:57:45,855 [INFO] ImportTextPane:234 - (OptionalMessage_ERROR) IP (RCC) : Parameter (SPI3Freq_Value) has invalid value (250000000)
2025-12-27 09:57:45,855 [INFO] ImportTextPane:234 - (OptionalMessage_ERROR) IP (RCC) : Parameter (SPI4Freq_Value) has invalid value (250000000)
2025-12-27 09:57:45,855 [INFO] ImportTextPane:234 - (OptionalMessage_ERROR) IP (RCC) : Parameter (SPI6Freq_Value) has invalid value (250000000)
2025-12-27 09:57:46,009 [INFO] UtilMem:75 - End LoadConfig() Used Memory: 970768576 Bytes (1073741824)
2025-12-27 09:57:46,035 [WARN] ThirdParty:833 - waiting for thirdparty lock release [change project]
2025-12-27 09:57:46,036 [INFO] ThirdParty:835 - entering critical section [change project]
2025-12-27 09:57:46,036 [INFO] ThirdParty:1030 - CMSIS Pack Vendor :STMicroelectronics X-CUBE-PM33A1 1.0.0
2025-12-27 09:57:46,036 [INFO] ThirdParty:1030 - CMSIS Pack Vendor :STMicroelectronics USBPD 4.1
2025-12-27 09:57:46,036 [INFO] ThirdParty:1030 - CMSIS Pack Vendor :STMicroelectronics X-CUBE-NFC9 1.0.0
2025-12-27 09:57:46,036 [INFO] ThirdParty:1030 - CMSIS Pack Vendor :STMicroelectronics USB_HOST 2.0.0
2025-12-27 09:57:46,036 [INFO] ThirdParty:1030 - CMSIS Pack Vendor :STMicroelectronics FP-SNS-MOTENVWB1 1.4.0
2025-12-27 09:57:46,037 [INFO] ThirdParty:1030 - CMSIS Pack Vendor :STMicroelectronics X-CUBE-AZRTOS-F4 1.1.0
2025-12-27 09:57:46,037 [INFO] ThirdParty:1030 - CMSIS Pack Vendor :STMicroelectronics LIBJPEG 8.0.0
2025-12-27 09:57:46,037 [INFO] ThirdParty:1030 - CMSIS Pack Vendor :STMicroelectronics FP-ATR-ASTRA1 2.0.2
2025-12-27 09:57:46,037 [INFO] ThirdParty:1030 - CMSIS Pack Vendor :wolfSSL I-CUBE-wolfSSL 5.8.2
2025-12-27 09:57:46,037 [INFO] ThirdParty:1030 - CMSIS Pack Vendor :STMicroelectronics X-CUBE-BLE1 7.1.0
2025-12-27 09:57:46,037 [INFO] ThirdParty:1030 - CMSIS Pack Vendor :STMicroelectronics X-CUBE-SMBUS 2.1.0
2025-12-27 09:57:46,037 [INFO] ThirdParty:1030 - CMSIS Pack Vendor :wolfSSL I-CUBE-wolfMQTT 1.19.2
2025-12-27 09:57:46,037 [INFO] ThirdParty:1030 - CMSIS Pack Vendor :STMicroelectronics USB_DEVICE 3.0.0
2025-12-27 09:57:46,037 [INFO] ThirdParty:1030 - CMSIS Pack Vendor :STMicroelectronics X-CUBE-ISPU 2.1.0
2025-12-27 09:57:46,037 [INFO] ThirdParty:1030 - CMSIS Pack Vendor :STMicroelectronics X-CUBE-FREERTOS 1.4.0
2025-12-27 09:57:46,037 [INFO] ThirdParty:1030 - CMSIS Pack Vendor :STMicroelectronics X-CUBE-EEPRMA1 5.2.0
2025-12-27 09:57:46,037 [INFO] ThirdParty:1030 - CMSIS Pack Vendor :STMicroelectronics X-CUBE-IPS 3.2.0
2025-12-27 09:57:46,037 [INFO] ThirdParty:1030 - CMSIS Pack Vendor :STMicroelectronics X-CUBE-BLEMGR 4.1.0
2025-12-27 09:57:46,037 [INFO] ThirdParty:1030 - CMSIS Pack Vendor :STMicroelectronics X-CUBE-AZRTOS-WB 2.0.0
2025-12-27 09:57:46,037 [INFO] ThirdParty:1030 - CMSIS Pack Vendor :STMicroelectronics X-CUBE-NFC12 1.0.0
2025-12-27 09:57:46,037 [INFO] ThirdParty:1030 - CMSIS Pack Vendor :STMicroelectronics X-CUBE-AZRTOS-F7 1.1.0
2025-12-27 09:57:46,037 [INFO] ThirdParty:1030 - CMSIS Pack Vendor :STMicroelectronics X-CUBE-AZRTOS-L5 2.0.0
2025-12-27 09:57:46,037 [INFO] ThirdParty:1030 - CMSIS Pack Vendor :STMicroelectronics USB_DEVICE 2.0.0
2025-12-27 09:57:46,037 [INFO] ThirdParty:1030 - CMSIS Pack Vendor :STMicroelectronics X-CUBE-NFC6 3.1.0
2025-12-27 09:57:46,037 [INFO] ThirdParty:1030 - CMSIS Pack Vendor :STMicroelectronics X-CUBE-ST67W61 1.1.0
2025-12-27 09:57:46,037 [INFO] ThirdParty:1030 - CMSIS Pack Vendor :Cesanta I-CUBE-Mongoose 7.19.0
2025-12-27 09:57:46,037 [INFO] ThirdParty:1030 - CMSIS Pack Vendor :quantropi X-CUBE-qispace-sdk-base 2.1.0
2025-12-27 09:57:46,037 [INFO] ThirdParty:1030 - CMSIS Pack Vendor :STMicroelectronics X-CUBE-MEMS1 12.0.0
2025-12-27 09:57:46,037 [INFO] ThirdParty:1030 - CMSIS Pack Vendor :STMicroelectronics FP-SNS-MOTENV1 5.1.0
2025-12-27 09:57:46,037 [INFO] ThirdParty:1030 - CMSIS Pack Vendor :STMicroelectronics FreeRTOS 0.0.1
2025-12-27 09:57:46,037 [INFO] ThirdParty:1030 - CMSIS Pack Vendor :STMicroelectronics X-CUBE-AZRTOS-G0 1.1.0
2025-12-27 09:57:46,037 [INFO] ThirdParty:1030 - CMSIS Pack Vendor :STMicroelectronics X-CUBE-NFC4 3.0.0
2025-12-27 09:57:46,037 [INFO] ThirdParty:1030 - CMSIS Pack Vendor :STMicroelectronics X-CUBE-SUBG2 5.0.0
2025-12-27 09:57:46,037 [INFO] ThirdParty:1030 - CMSIS Pack Vendor :STMicroelectronics X-CUBE-AZRTOS-H7RS 1.1.0
2025-12-27 09:57:46,037 [INFO] ThirdParty:1030 - CMSIS Pack Vendor :STMicroelectronics STM32_WPAN 1.0.0
2025-12-27 09:57:46,037 [INFO] ThirdParty:1030 - CMSIS Pack Vendor :EmbeddedOffice I-CUBE-FS-RTOS 1.0.1
2025-12-27 09:57:46,037 [INFO] ThirdParty:1030 - CMSIS Pack Vendor :STMicroelectronics lwIP 2.0.3
2025-12-27 09:57:46,037 [INFO] ThirdParty:1030 - CMSIS Pack Vendor :WES I-CUBE-Cesium 1.4.0
2025-12-27 09:57:46,037 [INFO] ThirdParty:1030 - CMSIS Pack Vendor :STMicroelectronics USB_HOST 1.0.0
2025-12-27 09:57:46,037 [INFO] ThirdParty:1030 - CMSIS Pack Vendor :Infineon AIROC-Wi-Fi-Bluetooth-STM32 1.7.1
2025-12-27 09:57:46,037 [INFO] ThirdParty:1030 - CMSIS Pack Vendor :STMicroelectronics X-CUBE-AZRTOS-G4 2.0.0
2025-12-27 09:57:46,037 [INFO] ThirdParty:1030 - CMSIS Pack Vendor :STMicroelectronics X-CUBE-WB05N 2.0.0
2025-12-27 09:57:46,037 [INFO] ThirdParty:1030 - CMSIS Pack Vendor :STMicroelectronics PDM2PCM 3.1.0
2025-12-27 09:57:46,037 [INFO] ThirdParty:1030 - CMSIS Pack Vendor :STMicroelectronics PDM2PCM 3.3.0
2025-12-27 09:57:46,037 [INFO] ThirdParty:1030 - CMSIS Pack Vendor :wolfSSL I-CUBE-wolfTPM 3.8.0
2025-12-27 09:57:46,037 [INFO] ThirdParty:1030 - CMSIS Pack Vendor :STMicroelectronics X-CUBE-AZRTOS-H7 3.4.0
2025-12-27 09:57:46,037 [INFO] ThirdParty:1030 - CMSIS Pack Vendor :STMicroelectronics X-CUBE-DISPLAY 3.0.0
2025-12-27 09:57:46,037 [INFO] ThirdParty:1030 - CMSIS Pack Vendor :wolfSSL I-CUBE-wolfSSH 1.4.20
2025-12-27 09:57:46,037 [INFO] ThirdParty:1030 - CMSIS Pack Vendor :STMicroelectronics X-CUBE-NFC7 2.0.0
2025-12-27 09:57:46,037 [INFO] ThirdParty:1030 - CMSIS Pack Vendor :STMicroelectronics X-CUBE-TCPP 4.2.0
2025-12-27 09:57:46,037 [INFO] ThirdParty:1030 - CMSIS Pack Vendor :RealThread X-CUBE-RT-Thread_Nano 4.1.1
2025-12-27 09:57:46,037 [INFO] ThirdParty:1030 - CMSIS Pack Vendor :STMicroelectronics FP-ATR-SIGFOX1 3.2.0
2025-12-27 09:57:46,037 [INFO] ThirdParty:1030 - CMSIS Pack Vendor :STMicroelectronics X-CUBE-NFC10 1.0.0
2025-12-27 09:57:46,037 [INFO] ThirdParty:1030 - CMSIS Pack Vendor :STMicroelectronics X-CUBE-FREERTOS 1.3.1
2025-12-27 09:57:46,037 [INFO] ThirdParty:1030 - CMSIS Pack Vendor :STMicroelectronics HAL Drivers 0.0.0
2025-12-27 09:57:46,037 [INFO] ThirdParty:1030 - CMSIS Pack Vendor :STMicroelectronics MBEDTLS 2.16.2
2025-12-27 09:57:46,037 [INFO] ThirdParty:1030 - CMSIS Pack Vendor :STMicroelectronics X-CUBE-ST60 1.1.0
2025-12-27 09:57:46,037 [INFO] ThirdParty:1030 - CMSIS Pack Vendor :STMicroelectronics X-CUBE-ALS 1.0.2
2025-12-27 09:57:46,037 [INFO] ThirdParty:1030 - CMSIS Pack Vendor :emotas I-CUBE-CANOPEN 1.3.0
2025-12-27 09:57:46,038 [INFO] ThirdParty:1030 - CMSIS Pack Vendor :STMicroelectronics MBEDTLS 2.14.1
2025-12-27 09:57:46,038 [INFO] ThirdParty:1030 - CMSIS Pack Vendor :STMicroelectronics X-CUBE-GNSS1 7.1.0
2025-12-27 09:57:46,038 [INFO] ThirdParty:1030 - CMSIS Pack Vendor :ITTIA_DB I-CUBE-ITTIADB 8.9.0
2025-12-27 09:57:46,038 [INFO] ThirdParty:1030 - CMSIS Pack Vendor :STMicroelectronics X-CUBE-TOUCHGFX 4.26.0
2025-12-27 09:57:46,038 [INFO] ThirdParty:1030 - CMSIS Pack Vendor :STMicroelectronics X-CUBE-STSE01 1.0.0
2025-12-27 09:57:46,038 [INFO] ThirdParty:1030 - CMSIS Pack Vendor :STMicroelectronics FP-SNS-STBOX1 2.1.0
2025-12-27 09:57:46,038 [INFO] ThirdParty:1030 - CMSIS Pack Vendor :STMicroelectronics X-CUBE-AI 10.2.0
2025-12-27 09:57:46,038 [INFO] ThirdParty:1030 - CMSIS Pack Vendor :STMicroelectronics FP-SNS-STAIOTCFT 1.0.0
2025-12-27 09:57:46,038 [INFO] ThirdParty:1030 - CMSIS Pack Vendor :STMicroelectronics ThreadX 1.0.0
2025-12-27 09:57:46,038 [INFO] ThirdParty:1030 - CMSIS Pack Vendor :STMicroelectronics FP-SNS-SMARTAG2 1.2.0
2025-12-27 09:57:46,038 [INFO] ThirdParty:1030 - CMSIS Pack Vendor :STMicroelectronics FP-SNS-FLIGHT1 5.1.0
2025-12-27 09:57:46,038 [INFO] ThirdParty:1030 - CMSIS Pack Vendor :STMicroelectronics X-CUBE-AZRTOS-WL 2.0.0
2025-12-27 09:57:46,038 [INFO] ThirdParty:1030 - CMSIS Pack Vendor :SEGGER I-CUBE-embOS 1.3.1
2025-12-27 09:57:46,038 [INFO] ThirdParty:1030 - CMSIS Pack Vendor :STMicroelectronics X-CUBE-ALGOBUILD 1.4.0
2025-12-27 09:57:46,038 [INFO] ThirdParty:1030 - CMSIS Pack Vendor :STMicroelectronics X-CUBE-DPower 1.3.0
2025-12-27 09:57:46,038 [INFO] ThirdParty:1030 - CMSIS Pack Vendor :STMicroelectronics X-CUBE-MEMS1 11.3.0
2025-12-27 09:57:46,038 [INFO] ThirdParty:1030 - CMSIS Pack Vendor :STMicroelectronics USB_DEVICE 1.0.0
2025-12-27 09:57:46,038 [INFO] ThirdParty:1030 - CMSIS Pack Vendor :STMicroelectronics X-CUBE-AZRTOS-H7RS 1.2.0
2025-12-27 09:57:46,038 [INFO] ThirdParty:1030 - CMSIS Pack Vendor :STMicroelectronics X-CUBE-AZRTOS-L4 2.0.0
2025-12-27 09:57:46,038 [INFO] ThirdParty:1030 - CMSIS Pack Vendor :STMicroelectronics ThreadX 0.0.2
2025-12-27 09:57:46,038 [INFO] ThirdParty:1030 - CMSIS Pack Vendor :STMicroelectronics lwIP 2.1.2
2025-12-27 09:57:46,038 [INFO] ThirdParty:1030 - CMSIS Pack Vendor :STMicroelectronics X-CUBE-SFXS2LP1 4.0.0
2025-12-27 09:57:46,038 [INFO] ThirdParty:1030 - CMSIS Pack Vendor :STMicroelectronics X-CUBE-BLE2 3.3.0
2025-12-27 09:57:46,038 [INFO] ThirdParty:1030 - CMSIS Pack Vendor :Avnet-IOTCONNECT X-CUBE-iotc-st67-sdk 1.0.0
2025-12-27 09:57:46,038 [INFO] ThirdParty:1030 - CMSIS Pack Vendor :STMicroelectronics X-CUBE-TOF1 3.4.3
2025-12-27 09:57:46,038 [INFO] ThirdParty:1030 - CMSIS Pack Vendor :STMicroelectronics PDM2PCM 3.2.0
2025-12-27 09:57:46,038 [INFO] ThirdParty:841 - exiting critical section [change project]
2025-12-27 09:57:46,389 [INFO] PinOutPanel:1589 - setPackage(No Configuration,No Configuration)
2025-12-27 09:57:46,390 [INFO] PinOutPanel:1589 - setPackage(STM32H563VGTx,LQFP100)
2025-12-27 09:57:46,433 [WARN] IP:2250 - rccPrivilegeSecure not found: check if there is a RefParameter without a condition.
2025-12-27 09:57:46,433 [WARN] IP:2250 - rccSecurity not found: check if there is a RefParameter without a condition.
2025-12-27 09:57:46,543 [WARN] IP:2250 - rccPrivilegeSecure not found: check if there is a RefParameter without a condition.
2025-12-27 09:57:46,543 [WARN] IP:2250 - rccSecurity not found: check if there is a RefParameter without a condition.
2025-12-27 09:57:46,719 [WARN] IP:2250 - rccPrivilegeSecure not found: check if there is a RefParameter without a condition.
2025-12-27 09:57:46,719 [WARN] IP:2250 - rccSecurity not found: check if there is a RefParameter without a condition.
2025-12-27 09:57:46,731 [INFO] UtilMem:75 - Before build in PCC Used Memory: 937509256 Bytes (1073741824)
2025-12-27 09:57:47,092 [INFO] UtilMem:75 - After build in PCC Used Memory: 765545320 Bytes (1073741824)
2025-12-27 09:57:47,108 [INFO] IPUIPlugin:80 - create IPUIPlugin
2025-12-27 09:57:47,108 [INFO] IPUIPlugin:80 - create IPUIPlugin
2025-12-27 09:57:47,109 [INFO] IPUIPlugin:80 - create IPUIPlugin
2025-12-27 09:57:47,109 [INFO] IPUIPlugin:80 - create IPUIPlugin
2025-12-27 09:57:47,109 [INFO] IPUIPlugin:80 - create IPUIPlugin
2025-12-27 09:57:47,109 [INFO] IPUIPlugin:80 - create IPUIPlugin
2025-12-27 09:57:47,109 [INFO] IPUIPlugin:80 - create IPUIPlugin
2025-12-27 09:57:47,109 [INFO] IPUIPlugin:80 - create IPUIPlugin
2025-12-27 09:57:47,109 [INFO] IPUIPlugin:80 - create IPUIPlugin
2025-12-27 09:57:47,109 [INFO] IPUIPlugin:80 - create IPUIPlugin
2025-12-27 09:57:47,109 [INFO] IPUIPlugin:80 - create IPUIPlugin
2025-12-27 09:57:47,109 [INFO] IPUIPlugin:80 - create IPUIPlugin
2025-12-27 09:57:47,109 [INFO] IPUIPlugin:80 - create IPUIPlugin
2025-12-27 09:57:47,109 [INFO] IPUIPlugin:80 - create IPUIPlugin
2025-12-27 09:57:47,109 [INFO] IPUIPlugin:80 - create IPUIPlugin
2025-12-27 09:57:47,109 [INFO] IPUIPlugin:80 - create IPUIPlugin
2025-12-27 09:57:47,109 [INFO] IPUIPlugin:80 - create IPUIPlugin
2025-12-27 09:57:47,109 [INFO] IPUIPlugin:80 - create IPUIPlugin
2025-12-27 09:57:47,109 [INFO] IPUIPlugin:80 - create IPUIPlugin
2025-12-27 09:57:47,109 [INFO] IPUIPlugin:80 - create IPUIPlugin
2025-12-27 09:57:47,109 [INFO] IPUIPlugin:80 - create IPUIPlugin
2025-12-27 09:57:47,109 [INFO] IPUIPlugin:80 - create IPUIPlugin
2025-12-27 09:57:47,110 [INFO] IPUIPlugin:80 - create IPUIPlugin
2025-12-27 09:57:47,110 [INFO] IPUIPlugin:80 - create IPUIPlugin
2025-12-27 09:57:47,110 [INFO] IPUIPlugin:80 - create IPUIPlugin
2025-12-27 09:57:47,110 [INFO] IPUIPlugin:80 - create IPUIPlugin
2025-12-27 09:57:47,110 [INFO] IPUIPlugin:80 - create IPUIPlugin
2025-12-27 09:57:47,110 [INFO] IPUIPlugin:80 - create IPUIPlugin
2025-12-27 09:57:47,110 [INFO] IPUIPlugin:80 - create IPUIPlugin
2025-12-27 09:57:47,110 [INFO] IPUIPlugin:80 - create IPUIPlugin
2025-12-27 09:57:47,110 [INFO] IPUIPlugin:80 - create IPUIPlugin
2025-12-27 09:57:47,110 [INFO] IPUIPlugin:80 - create IPUIPlugin
2025-12-27 09:57:47,110 [INFO] IPUIPlugin:80 - create IPUIPlugin
2025-12-27 09:57:47,110 [INFO] IPUIPlugin:80 - create IPUIPlugin
2025-12-27 09:57:47,111 [INFO] IPUIPlugin:80 - create IPUIPlugin
2025-12-27 09:57:47,111 [INFO] IPUIPlugin:80 - create IPUIPlugin
2025-12-27 09:57:47,111 [INFO] IPUIPlugin:80 - create IPUIPlugin
2025-12-27 09:57:47,111 [INFO] IPUIPlugin:80 - create IPUIPlugin
2025-12-27 09:57:47,111 [INFO] IPUIPlugin:80 - create IPUIPlugin
2025-12-27 09:57:47,111 [INFO] IPUIPlugin:80 - create IPUIPlugin
2025-12-27 09:57:47,111 [INFO] IPUIPlugin:80 - create IPUIPlugin
2025-12-27 09:57:47,111 [INFO] IPUIPlugin:80 - create IPUIPlugin
2025-12-27 09:57:47,111 [INFO] IPUIPlugin:80 - create IPUIPlugin
2025-12-27 09:57:47,112 [INFO] IPUIPlugin:80 - create IPUIPlugin
2025-12-27 09:57:47,112 [INFO] IPUIPlugin:80 - create IPUIPlugin
2025-12-27 09:57:47,112 [INFO] IPUIPlugin:80 - create IPUIPlugin
2025-12-27 09:57:47,112 [INFO] IPUIPlugin:80 - create IPUIPlugin
2025-12-27 09:57:47,112 [INFO] IPUIPlugin:80 - create IPUIPlugin
2025-12-27 09:57:47,112 [INFO] IPUIPlugin:80 - create IPUIPlugin
2025-12-27 09:57:47,112 [INFO] IPUIPlugin:80 - create IPUIPlugin
2025-12-27 09:57:47,112 [INFO] IPUIPlugin:80 - create IPUIPlugin
2025-12-27 09:57:47,112 [INFO] IPUIPlugin:80 - create IPUIPlugin
2025-12-27 09:57:47,112 [INFO] IPUIPlugin:80 - create IPUIPlugin
2025-12-27 09:57:47,113 [INFO] IPUIPlugin:80 - create IPUIPlugin
2025-12-27 09:57:47,113 [INFO] IPUIPlugin:80 - create IPUIPlugin
2025-12-27 09:57:47,113 [INFO] IPUIPlugin:80 - create IPUIPlugin
2025-12-27 09:57:47,113 [INFO] IPUIPlugin:80 - create IPUIPlugin
2025-12-27 09:57:47,113 [INFO] IPUIPlugin:80 - create IPUIPlugin
2025-12-27 09:57:47,113 [INFO] IPUIPlugin:80 - create IPUIPlugin
2025-12-27 09:57:47,113 [INFO] IPUIPlugin:80 - create IPUIPlugin
2025-12-27 09:57:47,113 [INFO] IPUIPlugin:80 - create IPUIPlugin
2025-12-27 09:57:47,113 [INFO] IPUIPlugin:80 - create IPUIPlugin
2025-12-27 09:57:47,113 [INFO] IPUIPlugin:80 - create IPUIPlugin
2025-12-27 09:57:47,113 [INFO] IPUIPlugin:80 - create IPUIPlugin
2025-12-27 09:57:47,113 [INFO] IPUIPlugin:80 - create IPUIPlugin
2025-12-27 09:57:47,114 [INFO] IPUIPlugin:80 - create IPUIPlugin
2025-12-27 09:57:47,114 [INFO] IPUIPlugin:80 - create IPUIPlugin
2025-12-27 09:57:47,114 [INFO] IPUIPlugin:80 - create IPUIPlugin
2025-12-27 09:57:47,114 [INFO] IPUIPlugin:80 - create IPUIPlugin
2025-12-27 09:57:47,114 [INFO] IPUIPlugin:80 - create IPUIPlugin
2025-12-27 09:57:47,114 [INFO] IPUIPlugin:80 - create IPUIPlugin
2025-12-27 09:57:47,114 [INFO] IPUIPlugin:80 - create IPUIPlugin
2025-12-27 09:57:47,114 [INFO] IPUIPlugin:80 - create IPUIPlugin
2025-12-27 09:57:47,114 [INFO] IPUIPlugin:80 - create IPUIPlugin
2025-12-27 09:57:47,114 [INFO] IPUIPlugin:80 - create IPUIPlugin
2025-12-27 09:57:47,114 [INFO] IPUIPlugin:80 - create IPUIPlugin
2025-12-27 09:57:47,114 [INFO] IPUIPlugin:80 - create IPUIPlugin
2025-12-27 09:57:47,114 [INFO] IPUIPlugin:80 - create IPUIPlugin
2025-12-27 09:57:47,114 [INFO] IPUIPlugin:80 - create IPUIPlugin
2025-12-27 09:57:47,114 [INFO] IPUIPlugin:80 - create IPUIPlugin
2025-12-27 09:57:47,114 [INFO] IPUIPlugin:80 - create IPUIPlugin
2025-12-27 09:57:47,115 [INFO] IPUIPlugin:80 - create IPUIPlugin
2025-12-27 09:57:47,115 [INFO] IPUIPlugin:80 - create IPUIPlugin
2025-12-27 09:57:47,115 [INFO] IPUIPlugin:80 - create IPUIPlugin
2025-12-27 09:57:47,115 [INFO] IPUIPlugin:80 - create IPUIPlugin
2025-12-27 09:57:47,115 [INFO] IPUIPlugin:80 - create IPUIPlugin
2025-12-27 09:57:47,115 [INFO] IPUIPlugin:80 - create IPUIPlugin
2025-12-27 09:57:47,115 [INFO] IPUIPlugin:80 - create IPUIPlugin
2025-12-27 09:57:47,116 [INFO] IPUIPlugin:80 - create IPUIPlugin
2025-12-27 09:57:47,116 [INFO] IPUIPlugin:80 - create IPUIPlugin
2025-12-27 09:57:47,116 [INFO] IPUIPlugin:80 - create IPUIPlugin
2025-12-27 09:57:47,116 [INFO] IPUIPlugin:80 - create IPUIPlugin
2025-12-27 09:57:47,116 [INFO] IPUIPlugin:80 - create IPUIPlugin
2025-12-27 09:57:47,116 [INFO] IPUIPlugin:80 - create IPUIPlugin
2025-12-27 09:57:47,117 [INFO] IPUIPlugin:80 - create IPUIPlugin
2025-12-27 09:57:47,117 [INFO] IPUIPlugin:80 - create IPUIPlugin
2025-12-27 09:57:47,117 [INFO] IPUIPlugin:80 - create IPUIPlugin
2025-12-27 09:57:47,117 [INFO] IPUIPlugin:80 - create IPUIPlugin
2025-12-27 09:57:47,117 [INFO] IPUIPlugin:80 - create IPUIPlugin
2025-12-27 09:57:47,117 [INFO] IPUIPlugin:80 - create IPUIPlugin
2025-12-27 09:57:47,126 [INFO] ProjectChoiceTab:3673 - Project Structure = Dual Non Secure / Secure
2025-12-27 09:57:47,173 [INFO] CADModel:165 - CPN selected for project levelSTM32H563VGT6
2025-12-27 09:57:47,173 [INFO] CADModel:114 - Register for checkConnection events
2025-12-27 09:57:47,218 [INFO] OpenFileManager:386 - Restore cursor
2025-12-27 09:57:47,289 [WARN] IP:2250 - DATAEXCHANGEDESRCBYTE_GPDMACH5 not found: check if there is a RefParameter without a condition.
2025-12-27 09:57:47,289 [WARN] IP:2250 - DATAEXCHANGEDESTHALFWORD_GPDMACH5 not found: check if there is a RefParameter without a condition.
2025-12-27 09:57:47,347 [WARN] IP:2250 - PinAttribute not found: check if there is a RefParameter without a condition.
2025-12-27 09:57:47,347 [WARN] IP:2250 - PinAttribute not found: check if there is a RefParameter without a condition.
2025-12-27 09:57:47,347 [WARN] IP:2250 - PinAttribute not found: check if there is a RefParameter without a condition.
2025-12-27 09:57:47,347 [WARN] IP:2250 - PinAttribute not found: check if there is a RefParameter without a condition.
2025-12-27 09:57:47,347 [WARN] IP:2250 - PinAttribute not found: check if there is a RefParameter without a condition.
2025-12-27 09:57:47,347 [WARN] IP:2250 - PinAttribute not found: check if there is a RefParameter without a condition.
2025-12-27 09:57:47,347 [WARN] IP:2250 - PinAttribute not found: check if there is a RefParameter without a condition.
2025-12-27 09:57:47,350 [WARN] IP:2250 - PinAttribute not found: check if there is a RefParameter without a condition.
2025-12-27 09:57:47,350 [WARN] IP:2250 - PinAttribute not found: check if there is a RefParameter without a condition.
2025-12-27 09:57:47,350 [WARN] IP:2250 - PinAttribute not found: check if there is a RefParameter without a condition.
2025-12-27 09:57:47,350 [WARN] IP:2250 - PinAttribute not found: check if there is a RefParameter without a condition.
2025-12-27 09:57:47,350 [WARN] IP:2250 - PinAttribute not found: check if there is a RefParameter without a condition.
2025-12-27 09:57:47,350 [WARN] IP:2250 - PinAttribute not found: check if there is a RefParameter without a condition.
2025-12-27 09:57:47,350 [WARN] IP:2250 - PinAttribute not found: check if there is a RefParameter without a condition.
2025-12-27 09:57:47,350 [WARN] IP:2250 - PinAttribute not found: check if there is a RefParameter without a condition.
2025-12-27 09:57:47,350 [WARN] IP:2250 - PinAttribute not found: check if there is a RefParameter without a condition.
2025-12-27 09:57:47,350 [WARN] IP:2250 - PinAttribute not found: check if there is a RefParameter without a condition.
2025-12-27 09:57:47,351 [WARN] IP:2250 - PinAttribute not found: check if there is a RefParameter without a condition.
2025-12-27 09:57:47,352 [WARN] IP:2250 - PinAttribute not found: check if there is a RefParameter without a condition.
2025-12-27 09:57:47,352 [WARN] IP:2250 - PinAttribute not found: check if there is a RefParameter without a condition.
2025-12-27 09:57:47,352 [WARN] IP:2250 - PinAttribute not found: check if there is a RefParameter without a condition.
2025-12-27 09:57:47,352 [WARN] IP:2250 - PinAttribute not found: check if there is a RefParameter without a condition.
2025-12-27 09:57:47,353 [WARN] IP:2250 - pwrPrivilegeSecure not found: check if there is a RefParameter without a condition.
2025-12-27 09:57:47,353 [WARN] IP:2250 - pwrPrivilegeNSecure not found: check if there is a RefParameter without a condition.
2025-12-27 09:57:47,353 [WARN] IP:2250 - PWR_WKUP1 not found: check if there is a RefParameter without a condition.
2025-12-27 09:57:47,353 [WARN] IP:2250 - PWR_WKUP2 not found: check if there is a RefParameter without a condition.
2025-12-27 09:57:47,353 [WARN] IP:2250 - PWR_WKUP3 not found: check if there is a RefParameter without a condition.
2025-12-27 09:57:47,353 [WARN] IP:2250 - PWR_WKUP4 not found: check if there is a RefParameter without a condition.
2025-12-27 09:57:47,353 [WARN] IP:2250 - PWR_WKUP5 not found: check if there is a RefParameter without a condition.
2025-12-27 09:57:47,353 [WARN] IP:2250 - PWR_WKUP6 not found: check if there is a RefParameter without a condition.
2025-12-27 09:57:47,353 [WARN] IP:2250 - PWR_WKUP7 not found: check if there is a RefParameter without a condition.
2025-12-27 09:57:47,353 [WARN] IP:2250 - PWR_WKUP8 not found: check if there is a RefParameter without a condition.
2025-12-27 09:57:47,353 [WARN] IP:2250 - PWR_LPM not found: check if there is a RefParameter without a condition.
2025-12-27 09:57:47,353 [WARN] IP:2250 - PWR_VB not found: check if there is a RefParameter without a condition.
2025-12-27 09:57:47,353 [WARN] IP:2250 - PWR_IO not found: check if there is a RefParameter without a condition.
2025-12-27 09:57:47,353 [WARN] IP:2250 - PWR_SCM not found: check if there is a RefParameter without a condition.
2025-12-27 09:57:47,353 [WARN] IP:2250 - PWR_VUSB not found: check if there is a RefParameter without a condition.
2025-12-27 09:57:47,353 [WARN] IP:2250 - pwrPrivilegeSecure not found: check if there is a RefParameter without a condition.
2025-12-27 09:57:47,353 [WARN] IP:2250 - pwrPrivilegeNSecure not found: check if there is a RefParameter without a condition.
2025-12-27 09:57:47,353 [WARN] IP:2250 - PWR_WKUP1 not found: check if there is a RefParameter without a condition.
2025-12-27 09:57:47,353 [WARN] IP:2250 - PWR_WKUP2 not found: check if there is a RefParameter without a condition.
2025-12-27 09:57:47,353 [WARN] IP:2250 - PWR_WKUP3 not found: check if there is a RefParameter without a condition.
2025-12-27 09:57:47,353 [WARN] IP:2250 - PWR_WKUP4 not found: check if there is a RefParameter without a condition.
2025-12-27 09:57:47,353 [WARN] IP:2250 - PWR_WKUP5 not found: check if there is a RefParameter without a condition.
2025-12-27 09:57:47,353 [WARN] IP:2250 - PWR_WKUP6 not found: check if there is a RefParameter without a condition.
2025-12-27 09:57:47,353 [WARN] IP:2250 - PWR_WKUP7 not found: check if there is a RefParameter without a condition.
2025-12-27 09:57:47,353 [WARN] IP:2250 - PWR_WKUP8 not found: check if there is a RefParameter without a condition.
2025-12-27 09:57:47,353 [WARN] IP:2250 - PWR_LPM not found: check if there is a RefParameter without a condition.
2025-12-27 09:57:47,353 [WARN] IP:2250 - PWR_VB not found: check if there is a RefParameter without a condition.
2025-12-27 09:57:47,353 [WARN] IP:2250 - PWR_IO not found: check if there is a RefParameter without a condition.
2025-12-27 09:57:47,353 [WARN] IP:2250 - PWR_SCM not found: check if there is a RefParameter without a condition.
2025-12-27 09:57:47,353 [WARN] IP:2250 - PWR_VUSB not found: check if there is a RefParameter without a condition.
2025-12-27 09:57:47,353 [WARN] IP:2250 - PinAttribute not found: check if there is a RefParameter without a condition.
2025-12-27 09:57:47,353 [WARN] IP:2250 - PinAttribute not found: check if there is a RefParameter without a condition.
2025-12-27 09:57:47,353 [WARN] IP:2250 - PinAttribute not found: check if there is a RefParameter without a condition.
2025-12-27 09:57:47,353 [WARN] IP:2250 - PinAttribute not found: check if there is a RefParameter without a condition.
2025-12-27 09:57:47,353 [WARN] IP:2250 - PinAttribute not found: check if there is a RefParameter without a condition.
2025-12-27 09:57:47,353 [WARN] IP:2250 - PinAttribute not found: check if there is a RefParameter without a condition.
2025-12-27 09:57:47,353 [WARN] IP:2250 - PinAttribute not found: check if there is a RefParameter without a condition.
2025-12-27 09:57:47,356 [WARN] IP:2250 - rccPrivilegeSecure not found: check if there is a RefParameter without a condition.
2025-12-27 09:57:47,356 [WARN] IP:2250 - rccSecurity not found: check if there is a RefParameter without a condition.
2025-12-27 09:57:47,365 [WARN] IP:2250 - rccPrivilegeSecure not found: check if there is a RefParameter without a condition.
2025-12-27 09:57:47,365 [WARN] IP:2250 - rccSecurity not found: check if there is a RefParameter without a condition.
2025-12-27 09:57:47,374 [WARN] IP:2250 - PinAttribute not found: check if there is a RefParameter without a condition.
2025-12-27 09:57:47,374 [WARN] IP:2250 - PinAttribute not found: check if there is a RefParameter without a condition.
2025-12-27 09:57:47,374 [WARN] IP:2250 - PinAttribute not found: check if there is a RefParameter without a condition.
2025-12-27 09:57:47,374 [WARN] IP:2250 - PinAttribute not found: check if there is a RefParameter without a condition.
2025-12-27 09:57:47,374 [WARN] IP:2250 - PinAttribute not found: check if there is a RefParameter without a condition.
2025-12-27 09:57:47,374 [WARN] IP:2250 - PinAttribute not found: check if there is a RefParameter without a condition.
2025-12-27 09:57:47,374 [WARN] IP:2250 - PinAttribute not found: check if there is a RefParameter without a condition.
2025-12-27 09:57:47,375 [WARN] IP:2250 - PinAttribute not found: check if there is a RefParameter without a condition.
2025-12-27 09:57:47,376 [WARN] IP:2250 - PinAttribute not found: check if there is a RefParameter without a condition.
2025-12-27 09:57:47,376 [WARN] IP:2250 - PinAttribute not found: check if there is a RefParameter without a condition.
2025-12-27 09:57:47,376 [WARN] IP:2250 - PinAttribute not found: check if there is a RefParameter without a condition.
2025-12-27 09:57:47,376 [WARN] IP:2250 - PinAttribute not found: check if there is a RefParameter without a condition.
2025-12-27 09:57:47,376 [WARN] IP:2250 - PinAttribute not found: check if there is a RefParameter without a condition.
2025-12-27 09:57:47,376 [WARN] IP:2250 - PinAttribute not found: check if there is a RefParameter without a condition.
2025-12-27 09:57:47,383 [WARN] IP:2250 - PinAttribute not found: check if there is a RefParameter without a condition.
2025-12-27 09:57:47,383 [WARN] IP:2250 - PinAttribute not found: check if there is a RefParameter without a condition.
2025-12-27 09:57:47,383 [WARN] IP:2250 - PinAttribute not found: check if there is a RefParameter without a condition.
2025-12-27 09:57:47,384 [WARN] IP:2250 - PinAttribute not found: check if there is a RefParameter without a condition.
2025-12-27 09:57:47,384 [WARN] IP:2250 - PinAttribute not found: check if there is a RefParameter without a condition.
2025-12-27 09:57:47,384 [WARN] IP:2250 - PinAttribute not found: check if there is a RefParameter without a condition.
2025-12-27 09:57:47,384 [WARN] IP:2250 - PinAttribute not found: check if there is a RefParameter without a condition.
2025-12-27 09:57:47,385 [WARN] IP:2250 - PinAttribute not found: check if there is a RefParameter without a condition.
2025-12-27 09:57:47,386 [WARN] IP:2250 - PinAttribute not found: check if there is a RefParameter without a condition.
2025-12-27 09:57:47,386 [WARN] IP:2250 - PinAttribute not found: check if there is a RefParameter without a condition.
2025-12-27 09:57:47,386 [WARN] IP:2250 - PinAttribute not found: check if there is a RefParameter without a condition.
2025-12-27 09:57:47,386 [WARN] IP:2250 - PinAttribute not found: check if there is a RefParameter without a condition.
2025-12-27 09:57:47,386 [WARN] IP:2250 - PinAttribute not found: check if there is a RefParameter without a condition.
2025-12-27 09:57:47,386 [WARN] IP:2250 - PinAttribute not found: check if there is a RefParameter without a condition.
2025-12-27 09:57:47,394 [WARN] IP:2250 - PinAttribute not found: check if there is a RefParameter without a condition.
2025-12-27 09:57:47,394 [WARN] IP:2250 - PinAttribute not found: check if there is a RefParameter without a condition.
2025-12-27 09:57:47,394 [WARN] IP:2250 - PinAttribute not found: check if there is a RefParameter without a condition.
2025-12-27 09:57:47,394 [WARN] IP:2250 - PinAttribute not found: check if there is a RefParameter without a condition.
2025-12-27 09:57:47,394 [WARN] IP:2250 - PinAttribute not found: check if there is a RefParameter without a condition.
2025-12-27 09:57:47,394 [WARN] IP:2250 - PinAttribute not found: check if there is a RefParameter without a condition.
2025-12-27 09:57:47,394 [WARN] IP:2250 - PinAttribute not found: check if there is a RefParameter without a condition.
2025-12-27 09:57:47,396 [WARN] IP:2250 - PinAttribute not found: check if there is a RefParameter without a condition.
2025-12-27 09:57:47,396 [WARN] IP:2250 - PinAttribute not found: check if there is a RefParameter without a condition.
2025-12-27 09:57:47,396 [WARN] IP:2250 - PinAttribute not found: check if there is a RefParameter without a condition.
2025-12-27 09:57:47,396 [WARN] IP:2250 - PinAttribute not found: check if there is a RefParameter without a condition.
2025-12-27 09:57:47,396 [WARN] IP:2250 - PinAttribute not found: check if there is a RefParameter without a condition.
2025-12-27 09:57:47,396 [WARN] IP:2250 - PinAttribute not found: check if there is a RefParameter without a condition.
2025-12-27 09:57:47,396 [WARN] IP:2250 - PinAttribute not found: check if there is a RefParameter without a condition.
2025-12-27 09:57:47,404 [WARN] IP:2250 - PinAttribute not found: check if there is a RefParameter without a condition.
2025-12-27 09:57:47,404 [WARN] IP:2250 - PinAttribute not found: check if there is a RefParameter without a condition.
2025-12-27 09:57:47,404 [WARN] IP:2250 - PinAttribute not found: check if there is a RefParameter without a condition.
2025-12-27 09:57:47,404 [WARN] IP:2250 - PinAttribute not found: check if there is a RefParameter without a condition.
2025-12-27 09:57:47,404 [WARN] IP:2250 - PinAttribute not found: check if there is a RefParameter without a condition.
2025-12-27 09:57:47,404 [WARN] IP:2250 - PinAttribute not found: check if there is a RefParameter without a condition.
2025-12-27 09:57:47,405 [WARN] IP:2250 - PinAttribute not found: check if there is a RefParameter without a condition.
2025-12-27 09:57:47,406 [WARN] IP:2250 - PinAttribute not found: check if there is a RefParameter without a condition.
2025-12-27 09:57:47,407 [WARN] IP:2250 - PinAttribute not found: check if there is a RefParameter without a condition.
2025-12-27 09:57:47,407 [WARN] IP:2250 - PinAttribute not found: check if there is a RefParameter without a condition.
2025-12-27 09:57:47,407 [WARN] IP:2250 - PinAttribute not found: check if there is a RefParameter without a condition.
2025-12-27 09:57:47,407 [WARN] IP:2250 - PinAttribute not found: check if there is a RefParameter without a condition.
2025-12-27 09:57:47,407 [WARN] IP:2250 - PinAttribute not found: check if there is a RefParameter without a condition.
2025-12-27 09:57:47,407 [WARN] IP:2250 - PinAttribute not found: check if there is a RefParameter without a condition.
2025-12-27 09:57:47,414 [WARN] IP:2250 - PinAttribute not found: check if there is a RefParameter without a condition.
2025-12-27 09:57:47,414 [WARN] IP:2250 - PinAttribute not found: check if there is a RefParameter without a condition.
2025-12-27 09:57:47,414 [WARN] IP:2250 - PinAttribute not found: check if there is a RefParameter without a condition.
2025-12-27 09:57:47,415 [WARN] IP:2250 - PinAttribute not found: check if there is a RefParameter without a condition.
2025-12-27 09:57:47,415 [WARN] IP:2250 - PinAttribute not found: check if there is a RefParameter without a condition.
2025-12-27 09:57:47,415 [WARN] IP:2250 - PinAttribute not found: check if there is a RefParameter without a condition.
2025-12-27 09:57:47,415 [WARN] IP:2250 - PinAttribute not found: check if there is a RefParameter without a condition.
2025-12-27 09:57:47,416 [WARN] IP:2250 - PinAttribute not found: check if there is a RefParameter without a condition.
2025-12-27 09:57:47,416 [WARN] IP:2250 - PinAttribute not found: check if there is a RefParameter without a condition.
2025-12-27 09:57:47,416 [WARN] IP:2250 - PinAttribute not found: check if there is a RefParameter without a condition.
2025-12-27 09:57:47,416 [WARN] IP:2250 - PinAttribute not found: check if there is a RefParameter without a condition.
2025-12-27 09:57:47,416 [WARN] IP:2250 - PinAttribute not found: check if there is a RefParameter without a condition.
2025-12-27 09:57:47,416 [WARN] IP:2250 - PinAttribute not found: check if there is a RefParameter without a condition.
2025-12-27 09:57:47,416 [WARN] IP:2250 - PinAttribute not found: check if there is a RefParameter without a condition.
2025-12-27 09:57:47,424 [WARN] IP:2250 - PinAttribute not found: check if there is a RefParameter without a condition.
2025-12-27 09:57:47,424 [WARN] IP:2250 - PinAttribute not found: check if there is a RefParameter without a condition.
2025-12-27 09:57:47,424 [WARN] IP:2250 - PinAttribute not found: check if there is a RefParameter without a condition.
2025-12-27 09:57:47,424 [WARN] IP:2250 - PinAttribute not found: check if there is a RefParameter without a condition.
2025-12-27 09:57:47,424 [WARN] IP:2250 - PinAttribute not found: check if there is a RefParameter without a condition.
2025-12-27 09:57:47,424 [WARN] IP:2250 - PinAttribute not found: check if there is a RefParameter without a condition.
2025-12-27 09:57:47,424 [WARN] IP:2250 - PinAttribute not found: check if there is a RefParameter without a condition.
2025-12-27 09:57:47,426 [WARN] IP:2250 - PinAttribute not found: check if there is a RefParameter without a condition.
2025-12-27 09:57:47,426 [WARN] IP:2250 - PinAttribute not found: check if there is a RefParameter without a condition.
2025-12-27 09:57:47,426 [WARN] IP:2250 - PinAttribute not found: check if there is a RefParameter without a condition.
2025-12-27 09:57:47,426 [WARN] IP:2250 - PinAttribute not found: check if there is a RefParameter without a condition.
2025-12-27 09:57:47,426 [WARN] IP:2250 - PinAttribute not found: check if there is a RefParameter without a condition.
2025-12-27 09:57:47,426 [WARN] IP:2250 - PinAttribute not found: check if there is a RefParameter without a condition.
2025-12-27 09:57:47,426 [WARN] IP:2250 - PinAttribute not found: check if there is a RefParameter without a condition.
2025-12-27 09:57:47,434 [WARN] IP:2250 - PinAttribute not found: check if there is a RefParameter without a condition.
2025-12-27 09:57:47,434 [WARN] IP:2250 - PinAttribute not found: check if there is a RefParameter without a condition.
2025-12-27 09:57:47,434 [WARN] IP:2250 - PinAttribute not found: check if there is a RefParameter without a condition.
2025-12-27 09:57:47,434 [WARN] IP:2250 - PinAttribute not found: check if there is a RefParameter without a condition.
2025-12-27 09:57:47,434 [WARN] IP:2250 - PinAttribute not found: check if there is a RefParameter without a condition.
2025-12-27 09:57:47,435 [WARN] IP:2250 - PinAttribute not found: check if there is a RefParameter without a condition.
2025-12-27 09:57:47,435 [WARN] IP:2250 - PinAttribute not found: check if there is a RefParameter without a condition.
2025-12-27 09:57:47,436 [WARN] IP:2250 - PinAttribute not found: check if there is a RefParameter without a condition.
2025-12-27 09:57:47,436 [WARN] IP:2250 - PinAttribute not found: check if there is a RefParameter without a condition.
2025-12-27 09:57:47,436 [WARN] IP:2250 - PinAttribute not found: check if there is a RefParameter without a condition.
2025-12-27 09:57:47,436 [WARN] IP:2250 - PinAttribute not found: check if there is a RefParameter without a condition.
2025-12-27 09:57:47,436 [WARN] IP:2250 - PinAttribute not found: check if there is a RefParameter without a condition.
2025-12-27 09:57:47,436 [WARN] IP:2250 - PinAttribute not found: check if there is a RefParameter without a condition.
2025-12-27 09:57:47,436 [WARN] IP:2250 - PinAttribute not found: check if there is a RefParameter without a condition.
2025-12-27 09:57:47,437 [WARN] IP:2250 - PinAttribute not found: check if there is a RefParameter without a condition.
2025-12-27 09:57:47,437 [WARN] IP:2250 - PinAttribute not found: check if there is a RefParameter without a condition.
2025-12-27 09:57:47,438 [WARN] IP:2250 - PinAttribute not found: check if there is a RefParameter without a condition.
2025-12-27 09:57:47,438 [WARN] IP:2250 - PinAttribute not found: check if there is a RefParameter without a condition.
2025-12-27 09:57:47,438 [WARN] IP:2250 - PinAttribute not found: check if there is a RefParameter without a condition.
2025-12-27 09:57:47,438 [WARN] IP:2250 - PinAttribute not found: check if there is a RefParameter without a condition.
2025-12-27 09:57:47,438 [WARN] IP:2250 - PinAttribute not found: check if there is a RefParameter without a condition.
2025-12-27 09:57:47,440 [WARN] IP:2250 - DATAEXCHANGEDESRCBYTE_GPDMACH5 not found: check if there is a RefParameter without a condition.
2025-12-27 09:57:47,440 [WARN] IP:2250 - DATAEXCHANGEDESTHALFWORD_GPDMACH5 not found: check if there is a RefParameter without a condition.
2025-12-27 09:57:47,445 [WARN] IP:2250 - DATAEXCHANGEDESRCBYTE_GPDMACH5 not found: check if there is a RefParameter without a condition.
2025-12-27 09:57:47,445 [WARN] IP:2250 - DATAEXCHANGEDESTHALFWORD_GPDMACH5 not found: check if there is a RefParameter without a condition.
2025-12-27 09:57:47,448 [WARN] IP:2250 - PinAttribute not found: check if there is a RefParameter without a condition.
2025-12-27 09:57:47,448 [WARN] IP:2250 - PinAttribute not found: check if there is a RefParameter without a condition.
2025-12-27 09:57:47,448 [WARN] IP:2250 - PinAttribute not found: check if there is a RefParameter without a condition.
2025-12-27 09:57:47,448 [WARN] IP:2250 - PinAttribute not found: check if there is a RefParameter without a condition.
2025-12-27 09:57:47,448 [WARN] IP:2250 - PinAttribute not found: check if there is a RefParameter without a condition.
2025-12-27 09:57:47,448 [WARN] IP:2250 - PinAttribute not found: check if there is a RefParameter without a condition.
2025-12-27 09:57:47,448 [WARN] IP:2250 - PinAttribute not found: check if there is a RefParameter without a condition.
2025-12-27 09:57:47,461 [WARN] IP:2250 - PinAttribute not found: check if there is a RefParameter without a condition.
2025-12-27 09:57:47,461 [WARN] IP:2250 - PinAttribute not found: check if there is a RefParameter without a condition.
2025-12-27 09:57:47,461 [WARN] IP:2250 - PinAttribute not found: check if there is a RefParameter without a condition.
2025-12-27 09:57:47,462 [WARN] IP:2250 - PinAttribute not found: check if there is a RefParameter without a condition.
2025-12-27 09:57:47,462 [WARN] IP:2250 - PinAttribute not found: check if there is a RefParameter without a condition.
2025-12-27 09:57:47,462 [WARN] IP:2250 - PinAttribute not found: check if there is a RefParameter without a condition.
2025-12-27 09:57:47,462 [WARN] IP:2250 - PinAttribute not found: check if there is a RefParameter without a condition.
2025-12-27 09:57:47,469 [WARN] IP:2250 - PinAttribute not found: check if there is a RefParameter without a condition.
2025-12-27 09:57:47,469 [WARN] IP:2250 - PinAttribute not found: check if there is a RefParameter without a condition.
2025-12-27 09:57:47,469 [WARN] IP:2250 - PinAttribute not found: check if there is a RefParameter without a condition.
2025-12-27 09:57:47,469 [WARN] IP:2250 - PinAttribute not found: check if there is a RefParameter without a condition.
2025-12-27 09:57:47,469 [WARN] IP:2250 - PinAttribute not found: check if there is a RefParameter without a condition.
2025-12-27 09:57:47,469 [WARN] IP:2250 - PinAttribute not found: check if there is a RefParameter without a condition.
2025-12-27 09:57:47,469 [WARN] IP:2250 - PinAttribute not found: check if there is a RefParameter without a condition.
2025-12-27 09:57:47,471 [WARN] IP:2250 - PinAttribute not found: check if there is a RefParameter without a condition.
2025-12-27 09:57:47,471 [WARN] IP:2250 - PinAttribute not found: check if there is a RefParameter without a condition.
2025-12-27 09:57:47,471 [WARN] IP:2250 - PinAttribute not found: check if there is a RefParameter without a condition.
2025-12-27 09:57:47,471 [WARN] IP:2250 - PinAttribute not found: check if there is a RefParameter without a condition.
2025-12-27 09:57:47,471 [WARN] IP:2250 - PinAttribute not found: check if there is a RefParameter without a condition.
2025-12-27 09:57:47,471 [WARN] IP:2250 - PinAttribute not found: check if there is a RefParameter without a condition.
2025-12-27 09:57:47,471 [WARN] IP:2250 - PinAttribute not found: check if there is a RefParameter without a condition.
2025-12-27 09:57:47,477 [WARN] IP:2250 - PinAttribute not found: check if there is a RefParameter without a condition.
2025-12-27 09:57:47,477 [WARN] IP:2250 - PinAttribute not found: check if there is a RefParameter without a condition.
2025-12-27 09:57:47,477 [WARN] IP:2250 - PinAttribute not found: check if there is a RefParameter without a condition.
2025-12-27 09:57:47,477 [WARN] IP:2250 - PinAttribute not found: check if there is a RefParameter without a condition.
2025-12-27 09:57:47,478 [WARN] IP:2250 - PinAttribute not found: check if there is a RefParameter without a condition.
2025-12-27 09:57:47,478 [WARN] IP:2250 - PinAttribute not found: check if there is a RefParameter without a condition.
2025-12-27 09:57:47,478 [WARN] IP:2250 - PinAttribute not found: check if there is a RefParameter without a condition.
2025-12-27 09:57:47,479 [WARN] IP:2250 - PinAttribute not found: check if there is a RefParameter without a condition.
2025-12-27 09:57:47,479 [WARN] IP:2250 - PinAttribute not found: check if there is a RefParameter without a condition.
2025-12-27 09:57:47,479 [WARN] IP:2250 - PinAttribute not found: check if there is a RefParameter without a condition.
2025-12-27 09:57:47,479 [WARN] IP:2250 - PinAttribute not found: check if there is a RefParameter without a condition.
2025-12-27 09:57:47,479 [WARN] IP:2250 - PinAttribute not found: check if there is a RefParameter without a condition.
2025-12-27 09:57:47,479 [WARN] IP:2250 - PinAttribute not found: check if there is a RefParameter without a condition.
2025-12-27 09:57:47,479 [WARN] IP:2250 - PinAttribute not found: check if there is a RefParameter without a condition.
2025-12-27 09:57:47,485 [WARN] IP:2250 - PinAttribute not found: check if there is a RefParameter without a condition.
2025-12-27 09:57:47,485 [WARN] IP:2250 - PinAttribute not found: check if there is a RefParameter without a condition.
2025-12-27 09:57:47,485 [WARN] IP:2250 - PinAttribute not found: check if there is a RefParameter without a condition.
2025-12-27 09:57:47,485 [WARN] IP:2250 - PinAttribute not found: check if there is a RefParameter without a condition.
2025-12-27 09:57:47,486 [WARN] IP:2250 - PinAttribute not found: check if there is a RefParameter without a condition.
2025-12-27 09:57:47,486 [WARN] IP:2250 - PinAttribute not found: check if there is a RefParameter without a condition.
2025-12-27 09:57:47,486 [WARN] IP:2250 - PinAttribute not found: check if there is a RefParameter without a condition.
2025-12-27 09:57:47,487 [WARN] IP:2250 - PinAttribute not found: check if there is a RefParameter without a condition.
2025-12-27 09:57:47,487 [WARN] IP:2250 - PinAttribute not found: check if there is a RefParameter without a condition.
2025-12-27 09:57:47,487 [WARN] IP:2250 - PinAttribute not found: check if there is a RefParameter without a condition.
2025-12-27 09:57:47,487 [WARN] IP:2250 - PinAttribute not found: check if there is a RefParameter without a condition.
2025-12-27 09:57:47,487 [WARN] IP:2250 - PinAttribute not found: check if there is a RefParameter without a condition.
2025-12-27 09:57:47,487 [WARN] IP:2250 - PinAttribute not found: check if there is a RefParameter without a condition.
2025-12-27 09:57:47,487 [WARN] IP:2250 - PinAttribute not found: check if there is a RefParameter without a condition.
2025-12-27 09:57:47,494 [WARN] IP:2250 - PinAttribute not found: check if there is a RefParameter without a condition.
2025-12-27 09:57:47,494 [WARN] IP:2250 - PinAttribute not found: check if there is a RefParameter without a condition.
2025-12-27 09:57:47,494 [WARN] IP:2250 - PinAttribute not found: check if there is a RefParameter without a condition.
2025-12-27 09:57:47,494 [WARN] IP:2250 - PinAttribute not found: check if there is a RefParameter without a condition.
2025-12-27 09:57:47,494 [WARN] IP:2250 - PinAttribute not found: check if there is a RefParameter without a condition.
2025-12-27 09:57:47,494 [WARN] IP:2250 - PinAttribute not found: check if there is a RefParameter without a condition.
2025-12-27 09:57:47,494 [WARN] IP:2250 - PinAttribute not found: check if there is a RefParameter without a condition.
2025-12-27 09:57:47,495 [WARN] IP:2250 - PinAttribute not found: check if there is a RefParameter without a condition.
2025-12-27 09:57:47,495 [WARN] IP:2250 - PinAttribute not found: check if there is a RefParameter without a condition.
2025-12-27 09:57:47,495 [WARN] IP:2250 - PinAttribute not found: check if there is a RefParameter without a condition.
2025-12-27 09:57:47,495 [WARN] IP:2250 - PinAttribute not found: check if there is a RefParameter without a condition.
2025-12-27 09:57:47,495 [WARN] IP:2250 - PinAttribute not found: check if there is a RefParameter without a condition.
2025-12-27 09:57:47,496 [WARN] IP:2250 - PinAttribute not found: check if there is a RefParameter without a condition.
2025-12-27 09:57:47,496 [WARN] IP:2250 - PinAttribute not found: check if there is a RefParameter without a condition.
2025-12-27 09:57:47,502 [WARN] IP:2250 - PinAttribute not found: check if there is a RefParameter without a condition.
2025-12-27 09:57:47,502 [WARN] IP:2250 - PinAttribute not found: check if there is a RefParameter without a condition.
2025-12-27 09:57:47,502 [WARN] IP:2250 - PinAttribute not found: check if there is a RefParameter without a condition.
2025-12-27 09:57:47,502 [WARN] IP:2250 - PinAttribute not found: check if there is a RefParameter without a condition.
2025-12-27 09:57:47,502 [WARN] IP:2250 - PinAttribute not found: check if there is a RefParameter without a condition.
2025-12-27 09:57:47,502 [WARN] IP:2250 - PinAttribute not found: check if there is a RefParameter without a condition.
2025-12-27 09:57:47,502 [WARN] IP:2250 - PinAttribute not found: check if there is a RefParameter without a condition.
2025-12-27 09:57:47,503 [WARN] IP:2250 - PinAttribute not found: check if there is a RefParameter without a condition.
2025-12-27 09:57:47,503 [WARN] IP:2250 - PinAttribute not found: check if there is a RefParameter without a condition.
2025-12-27 09:57:47,503 [WARN] IP:2250 - PinAttribute not found: check if there is a RefParameter without a condition.
2025-12-27 09:57:47,503 [WARN] IP:2250 - PinAttribute not found: check if there is a RefParameter without a condition.
2025-12-27 09:57:47,503 [WARN] IP:2250 - PinAttribute not found: check if there is a RefParameter without a condition.
2025-12-27 09:57:47,503 [WARN] IP:2250 - PinAttribute not found: check if there is a RefParameter without a condition.
2025-12-27 09:57:47,503 [WARN] IP:2250 - PinAttribute not found: check if there is a RefParameter without a condition.
2025-12-27 09:57:47,509 [WARN] IP:2250 - PinAttribute not found: check if there is a RefParameter without a condition.
2025-12-27 09:57:47,510 [WARN] IP:2250 - PinAttribute not found: check if there is a RefParameter without a condition.
2025-12-27 09:57:47,510 [WARN] IP:2250 - PinAttribute not found: check if there is a RefParameter without a condition.
2025-12-27 09:57:47,510 [WARN] IP:2250 - PinAttribute not found: check if there is a RefParameter without a condition.
2025-12-27 09:57:47,510 [WARN] IP:2250 - PinAttribute not found: check if there is a RefParameter without a condition.
2025-12-27 09:57:47,510 [WARN] IP:2250 - PinAttribute not found: check if there is a RefParameter without a condition.
2025-12-27 09:57:47,510 [WARN] IP:2250 - PinAttribute not found: check if there is a RefParameter without a condition.
2025-12-27 09:57:47,511 [WARN] IP:2250 - PinAttribute not found: check if there is a RefParameter without a condition.
2025-12-27 09:57:47,511 [WARN] IP:2250 - PinAttribute not found: check if there is a RefParameter without a condition.
2025-12-27 09:57:47,511 [WARN] IP:2250 - PinAttribute not found: check if there is a RefParameter without a condition.
2025-12-27 09:57:47,511 [WARN] IP:2250 - PinAttribute not found: check if there is a RefParameter without a condition.
2025-12-27 09:57:47,511 [WARN] IP:2250 - PinAttribute not found: check if there is a RefParameter without a condition.
2025-12-27 09:57:47,511 [WARN] IP:2250 - PinAttribute not found: check if there is a RefParameter without a condition.
2025-12-27 09:57:47,511 [WARN] IP:2250 - PinAttribute not found: check if there is a RefParameter without a condition.
2025-12-27 09:57:47,523 [WARN] IP:2250 - PinAttribute not found: check if there is a RefParameter without a condition.
2025-12-27 09:57:47,523 [WARN] IP:2250 - PinAttribute not found: check if there is a RefParameter without a condition.
2025-12-27 09:57:47,523 [WARN] IP:2250 - PinAttribute not found: check if there is a RefParameter without a condition.
2025-12-27 09:57:47,523 [WARN] IP:2250 - PinAttribute not found: check if there is a RefParameter without a condition.
2025-12-27 09:57:47,523 [WARN] IP:2250 - PinAttribute not found: check if there is a RefParameter without a condition.
2025-12-27 09:57:47,523 [WARN] IP:2250 - PinAttribute not found: check if there is a RefParameter without a condition.
2025-12-27 09:57:47,523 [WARN] IP:2250 - PinAttribute not found: check if there is a RefParameter without a condition.
2025-12-27 09:57:47,525 [WARN] IP:2250 - PinAttribute not found: check if there is a RefParameter without a condition.
2025-12-27 09:57:47,525 [WARN] IP:2250 - PinAttribute not found: check if there is a RefParameter without a condition.
2025-12-27 09:57:47,525 [WARN] IP:2250 - PinAttribute not found: check if there is a RefParameter without a condition.
2025-12-27 09:57:47,525 [WARN] IP:2250 - PinAttribute not found: check if there is a RefParameter without a condition.
2025-12-27 09:57:47,525 [WARN] IP:2250 - PinAttribute not found: check if there is a RefParameter without a condition.
2025-12-27 09:57:47,525 [WARN] IP:2250 - PinAttribute not found: check if there is a RefParameter without a condition.
2025-12-27 09:57:47,525 [WARN] IP:2250 - PinAttribute not found: check if there is a RefParameter without a condition.
2025-12-27 09:57:47,526 [WARN] IP:2250 - PinAttribute not found: check if there is a RefParameter without a condition.
2025-12-27 09:57:47,526 [WARN] IP:2250 - PinAttribute not found: check if there is a RefParameter without a condition.
2025-12-27 09:57:47,526 [WARN] IP:2250 - PinAttribute not found: check if there is a RefParameter without a condition.
2025-12-27 09:57:47,526 [WARN] IP:2250 - PinAttribute not found: check if there is a RefParameter without a condition.
2025-12-27 09:57:47,526 [WARN] IP:2250 - PinAttribute not found: check if there is a RefParameter without a condition.
2025-12-27 09:57:47,526 [WARN] IP:2250 - PinAttribute not found: check if there is a RefParameter without a condition.
2025-12-27 09:57:47,526 [WARN] IP:2250 - PinAttribute not found: check if there is a RefParameter without a condition.
2025-12-27 09:57:47,527 [WARN] IP:2250 - PinAttribute not found: check if there is a RefParameter without a condition.
2025-12-27 09:57:47,527 [WARN] IP:2250 - PinAttribute not found: check if there is a RefParameter without a condition.
2025-12-27 09:57:47,527 [WARN] IP:2250 - PinAttribute not found: check if there is a RefParameter without a condition.
2025-12-27 09:57:47,527 [WARN] IP:2250 - PinAttribute not found: check if there is a RefParameter without a condition.
2025-12-27 09:57:47,527 [WARN] IP:2250 - PinAttribute not found: check if there is a RefParameter without a condition.
2025-12-27 09:57:47,527 [WARN] IP:2250 - PinAttribute not found: check if there is a RefParameter without a condition.
2025-12-27 09:57:47,527 [WARN] IP:2250 - PinAttribute not found: check if there is a RefParameter without a condition.
2025-12-27 09:57:47,529 [WARN] IP:2250 - PinAttribute not found: check if there is a RefParameter without a condition.
2025-12-27 09:57:47,529 [WARN] IP:2250 - PinAttribute not found: check if there is a RefParameter without a condition.
2025-12-27 09:57:47,529 [WARN] IP:2250 - PinAttribute not found: check if there is a RefParameter without a condition.
2025-12-27 09:57:47,529 [WARN] IP:2250 - PinAttribute not found: check if there is a RefParameter without a condition.
2025-12-27 09:57:47,529 [WARN] IP:2250 - PinAttribute not found: check if there is a RefParameter without a condition.
2025-12-27 09:57:47,529 [WARN] IP:2250 - PinAttribute not found: check if there is a RefParameter without a condition.
2025-12-27 09:57:47,529 [WARN] IP:2250 - PinAttribute not found: check if there is a RefParameter without a condition.
2025-12-27 09:57:47,536 [WARN] IP:2250 - PinAttribute not found: check if there is a RefParameter without a condition.
2025-12-27 09:57:47,536 [WARN] IP:2250 - PinAttribute not found: check if there is a RefParameter without a condition.
2025-12-27 09:57:47,536 [WARN] IP:2250 - PinAttribute not found: check if there is a RefParameter without a condition.
2025-12-27 09:57:47,536 [WARN] IP:2250 - PinAttribute not found: check if there is a RefParameter without a condition.
2025-12-27 09:57:47,536 [WARN] IP:2250 - PinAttribute not found: check if there is a RefParameter without a condition.
2025-12-27 09:57:47,536 [WARN] IP:2250 - PinAttribute not found: check if there is a RefParameter without a condition.
2025-12-27 09:57:47,536 [WARN] IP:2250 - PinAttribute not found: check if there is a RefParameter without a condition.
2025-12-27 09:57:47,537 [WARN] IP:2250 - PinAttribute not found: check if there is a RefParameter without a condition.
2025-12-27 09:57:47,537 [WARN] IP:2250 - PinAttribute not found: check if there is a RefParameter without a condition.
2025-12-27 09:57:47,537 [WARN] IP:2250 - PinAttribute not found: check if there is a RefParameter without a condition.
2025-12-27 09:57:47,537 [WARN] IP:2250 - PinAttribute not found: check if there is a RefParameter without a condition.
2025-12-27 09:57:47,537 [WARN] IP:2250 - PinAttribute not found: check if there is a RefParameter without a condition.
2025-12-27 09:57:47,537 [WARN] IP:2250 - PinAttribute not found: check if there is a RefParameter without a condition.
2025-12-27 09:57:47,537 [WARN] IP:2250 - PinAttribute not found: check if there is a RefParameter without a condition.
2025-12-27 09:57:47,538 [WARN] IP:2250 - PinAttribute not found: check if there is a RefParameter without a condition.
2025-12-27 09:57:47,539 [WARN] IP:2250 - PinAttribute not found: check if there is a RefParameter without a condition.
2025-12-27 09:57:47,539 [WARN] IP:2250 - PinAttribute not found: check if there is a RefParameter without a condition.
2025-12-27 09:57:47,539 [WARN] IP:2250 - PinAttribute not found: check if there is a RefParameter without a condition.
2025-12-27 09:57:47,539 [WARN] IP:2250 - PinAttribute not found: check if there is a RefParameter without a condition.
2025-12-27 09:57:47,539 [WARN] IP:2250 - PinAttribute not found: check if there is a RefParameter without a condition.
2025-12-27 09:57:47,539 [WARN] IP:2250 - PinAttribute not found: check if there is a RefParameter without a condition.
2025-12-27 09:57:47,540 [WARN] IP:2250 - PinAttribute not found: check if there is a RefParameter without a condition.
2025-12-27 09:57:47,540 [WARN] IP:2250 - PinAttribute not found: check if there is a RefParameter without a condition.
2025-12-27 09:57:47,540 [WARN] IP:2250 - PinAttribute not found: check if there is a RefParameter without a condition.
2025-12-27 09:57:47,540 [WARN] IP:2250 - PinAttribute not found: check if there is a RefParameter without a condition.
2025-12-27 09:57:47,540 [WARN] IP:2250 - PinAttribute not found: check if there is a RefParameter without a condition.
2025-12-27 09:57:47,540 [WARN] IP:2250 - PinAttribute not found: check if there is a RefParameter without a condition.
2025-12-27 09:57:47,540 [WARN] IP:2250 - PinAttribute not found: check if there is a RefParameter without a condition.
2025-12-27 09:57:47,540 [WARN] IP:2250 - PinAttribute not found: check if there is a RefParameter without a condition.
2025-12-27 09:57:47,540 [WARN] IP:2250 - PinAttribute not found: check if there is a RefParameter without a condition.
2025-12-27 09:57:47,541 [WARN] IP:2250 - PinAttribute not found: check if there is a RefParameter without a condition.
2025-12-27 09:57:47,541 [WARN] IP:2250 - PinAttribute not found: check if there is a RefParameter without a condition.
2025-12-27 09:57:47,541 [WARN] IP:2250 - PinAttribute not found: check if there is a RefParameter without a condition.
2025-12-27 09:57:47,541 [WARN] IP:2250 - PinAttribute not found: check if there is a RefParameter without a condition.
2025-12-27 09:57:47,541 [WARN] IP:2250 - PinAttribute not found: check if there is a RefParameter without a condition.
2025-12-27 09:57:47,541 [WARN] IP:2250 - PinAttribute not found: check if there is a RefParameter without a condition.
2025-12-27 09:57:47,541 [WARN] IP:2250 - PinAttribute not found: check if there is a RefParameter without a condition.
2025-12-27 09:57:47,541 [WARN] IP:2250 - PinAttribute not found: check if there is a RefParameter without a condition.
2025-12-27 09:57:47,541 [WARN] IP:2250 - PinAttribute not found: check if there is a RefParameter without a condition.
2025-12-27 09:57:47,541 [WARN] IP:2250 - PinAttribute not found: check if there is a RefParameter without a condition.
2025-12-27 09:57:47,542 [WARN] IP:2250 - PinAttribute not found: check if there is a RefParameter without a condition.
2025-12-27 09:57:47,542 [WARN] IP:2250 - PinAttribute not found: check if there is a RefParameter without a condition.
2025-12-27 09:57:47,542 [WARN] IP:2250 - PinAttribute not found: check if there is a RefParameter without a condition.
2025-12-27 09:57:47,542 [WARN] IP:2250 - PinAttribute not found: check if there is a RefParameter without a condition.
2025-12-27 09:57:47,542 [WARN] IP:2250 - PinAttribute not found: check if there is a RefParameter without a condition.
2025-12-27 09:57:47,542 [WARN] IP:2250 - PinAttribute not found: check if there is a RefParameter without a condition.
2025-12-27 09:57:47,542 [WARN] IP:2250 - PinAttribute not found: check if there is a RefParameter without a condition.
2025-12-27 09:57:47,542 [WARN] IP:2250 - PinAttribute not found: check if there is a RefParameter without a condition.
2025-12-27 09:57:47,542 [WARN] IP:2250 - PinAttribute not found: check if there is a RefParameter without a condition.
2025-12-27 09:57:47,542 [WARN] IP:2250 - PinAttribute not found: check if there is a RefParameter without a condition.
2025-12-27 09:57:47,542 [WARN] IP:2250 - PinAttribute not found: check if there is a RefParameter without a condition.
2025-12-27 09:57:47,542 [WARN] IP:2250 - PinAttribute not found: check if there is a RefParameter without a condition.
2025-12-27 09:57:47,542 [WARN] IP:2250 - PinAttribute not found: check if there is a RefParameter without a condition.
2025-12-27 09:57:47,542 [WARN] IP:2250 - PinAttribute not found: check if there is a RefParameter without a condition.
2025-12-27 09:57:47,542 [WARN] IP:2250 - PinAttribute not found: check if there is a RefParameter without a condition.
2025-12-27 09:57:47,542 [WARN] IP:2250 - PinAttribute not found: check if there is a RefParameter without a condition.
2025-12-27 09:57:47,542 [WARN] IP:2250 - PinAttribute not found: check if there is a RefParameter without a condition.
2025-12-27 09:57:47,543 [WARN] IP:2250 - PinAttribute not found: check if there is a RefParameter without a condition.
2025-12-27 09:57:47,543 [WARN] IP:2250 - PinAttribute not found: check if there is a RefParameter without a condition.
2025-12-27 09:57:47,543 [WARN] IP:2250 - PinAttribute not found: check if there is a RefParameter without a condition.
2025-12-27 09:57:47,543 [WARN] IP:2250 - PinAttribute not found: check if there is a RefParameter without a condition.
2025-12-27 09:57:47,543 [WARN] IP:2250 - PinAttribute not found: check if there is a RefParameter without a condition.
2025-12-27 09:57:47,543 [WARN] IP:2250 - PinAttribute not found: check if there is a RefParameter without a condition.
2025-12-27 09:57:47,543 [WARN] IP:2250 - PinAttribute not found: check if there is a RefParameter without a condition.
2025-12-27 09:57:47,543 [WARN] IP:2250 - PinAttribute not found: check if there is a RefParameter without a condition.
2025-12-27 09:57:47,543 [WARN] IP:2250 - PinAttribute not found: check if there is a RefParameter without a condition.
2025-12-27 09:57:47,543 [WARN] IP:2250 - PinAttribute not found: check if there is a RefParameter without a condition.
2025-12-27 09:57:47,543 [WARN] IP:2250 - PinAttribute not found: check if there is a RefParameter without a condition.
2025-12-27 09:57:47,543 [WARN] IP:2250 - PinAttribute not found: check if there is a RefParameter without a condition.
2025-12-27 09:57:47,543 [WARN] IP:2250 - PinAttribute not found: check if there is a RefParameter without a condition.
2025-12-27 09:57:47,543 [WARN] IP:2250 - PinAttribute not found: check if there is a RefParameter without a condition.
2025-12-27 09:57:47,543 [WARN] IP:2250 - PinAttribute not found: check if there is a RefParameter without a condition.
2025-12-27 09:57:47,543 [WARN] IP:2250 - PinAttribute not found: check if there is a RefParameter without a condition.
2025-12-27 09:57:47,543 [WARN] IP:2250 - PinAttribute not found: check if there is a RefParameter without a condition.
2025-12-27 09:57:47,544 [WARN] IP:2250 - PinAttribute not found: check if there is a RefParameter without a condition.
2025-12-27 09:57:47,544 [WARN] IP:2250 - PinAttribute not found: check if there is a RefParameter without a condition.
2025-12-27 09:57:47,544 [WARN] IP:2250 - PinAttribute not found: check if there is a RefParameter without a condition.
2025-12-27 09:57:47,544 [WARN] IP:2250 - PinAttribute not found: check if there is a RefParameter without a condition.
2025-12-27 09:57:47,544 [WARN] IP:2250 - PinAttribute not found: check if there is a RefParameter without a condition.
2025-12-27 09:57:47,544 [WARN] IP:2250 - PinAttribute not found: check if there is a RefParameter without a condition.
2025-12-27 09:57:47,544 [WARN] IP:2250 - PinAttribute not found: check if there is a RefParameter without a condition.
2025-12-27 09:57:47,544 [WARN] IP:2250 - PinAttribute not found: check if there is a RefParameter without a condition.
2025-12-27 09:57:47,544 [WARN] IP:2250 - PinAttribute not found: check if there is a RefParameter without a condition.
2025-12-27 09:57:47,544 [WARN] IP:2250 - PinAttribute not found: check if there is a RefParameter without a condition.
2025-12-27 09:57:47,544 [WARN] IP:2250 - PinAttribute not found: check if there is a RefParameter without a condition.
2025-12-27 09:57:47,544 [WARN] IP:2250 - PinAttribute not found: check if there is a RefParameter without a condition.
2025-12-27 09:57:47,544 [WARN] IP:2250 - PinAttribute not found: check if there is a RefParameter without a condition.
2025-12-27 09:57:47,545 [WARN] IP:2250 - PinAttribute not found: check if there is a RefParameter without a condition.
2025-12-27 09:57:47,545 [WARN] IP:2250 - PinAttribute not found: check if there is a RefParameter without a condition.
2025-12-27 09:57:47,545 [WARN] IP:2250 - PinAttribute not found: check if there is a RefParameter without a condition.
2025-12-27 09:57:47,545 [WARN] IP:2250 - PinAttribute not found: check if there is a RefParameter without a condition.
2025-12-27 09:57:47,545 [WARN] IP:2250 - PinAttribute not found: check if there is a RefParameter without a condition.
2025-12-27 09:57:47,545 [WARN] IP:2250 - PinAttribute not found: check if there is a RefParameter without a condition.
2025-12-27 09:57:47,545 [WARN] IP:2250 - PinAttribute not found: check if there is a RefParameter without a condition.
2025-12-27 09:57:47,545 [WARN] IP:2250 - PinAttribute not found: check if there is a RefParameter without a condition.
2025-12-27 09:57:47,545 [WARN] IP:2250 - PinAttribute not found: check if there is a RefParameter without a condition.
2025-12-27 09:57:47,545 [WARN] IP:2250 - PinAttribute not found: check if there is a RefParameter without a condition.
2025-12-27 09:57:47,545 [WARN] IP:2250 - PinAttribute not found: check if there is a RefParameter without a condition.
2025-12-27 09:57:47,545 [WARN] IP:2250 - PinAttribute not found: check if there is a RefParameter without a condition.
2025-12-27 09:57:47,546 [WARN] IP:2250 - PinAttribute not found: check if there is a RefParameter without a condition.
2025-12-27 09:57:47,546 [WARN] IP:2250 - PinAttribute not found: check if there is a RefParameter without a condition.
2025-12-27 09:57:47,546 [WARN] IP:2250 - PinAttribute not found: check if there is a RefParameter without a condition.
2025-12-27 09:57:47,546 [WARN] IP:2250 - PinAttribute not found: check if there is a RefParameter without a condition.
2025-12-27 09:57:47,546 [WARN] IP:2250 - PinAttribute not found: check if there is a RefParameter without a condition.
2025-12-27 09:57:47,546 [WARN] IP:2250 - PinAttribute not found: check if there is a RefParameter without a condition.
2025-12-27 09:57:47,546 [WARN] IP:2250 - PinAttribute not found: check if there is a RefParameter without a condition.
2025-12-27 09:57:47,546 [WARN] IP:2250 - PinAttribute not found: check if there is a RefParameter without a condition.
2025-12-27 09:57:47,546 [WARN] IP:2250 - PinAttribute not found: check if there is a RefParameter without a condition.
2025-12-27 09:57:47,546 [WARN] IP:2250 - PinAttribute not found: check if there is a RefParameter without a condition.
2025-12-27 09:57:47,546 [WARN] IP:2250 - PinAttribute not found: check if there is a RefParameter without a condition.
2025-12-27 09:57:47,546 [WARN] IP:2250 - PinAttribute not found: check if there is a RefParameter without a condition.
2025-12-27 09:57:47,547 [WARN] IP:2250 - PinAttribute not found: check if there is a RefParameter without a condition.
2025-12-27 09:57:47,547 [WARN] IP:2250 - PinAttribute not found: check if there is a RefParameter without a condition.
2025-12-27 09:57:47,547 [WARN] IP:2250 - PinAttribute not found: check if there is a RefParameter without a condition.
2025-12-27 09:57:47,547 [WARN] IP:2250 - PinAttribute not found: check if there is a RefParameter without a condition.
2025-12-27 09:57:47,547 [WARN] IP:2250 - PinAttribute not found: check if there is a RefParameter without a condition.
2025-12-27 09:57:47,547 [WARN] IP:2250 - PinAttribute not found: check if there is a RefParameter without a condition.
2025-12-27 09:57:47,547 [WARN] IP:2250 - PinAttribute not found: check if there is a RefParameter without a condition.
2025-12-27 09:57:47,547 [WARN] IP:2250 - PinAttribute not found: check if there is a RefParameter without a condition.
2025-12-27 09:57:47,548 [WARN] IP:2250 - PinAttribute not found: check if there is a RefParameter without a condition.
2025-12-27 09:57:47,548 [WARN] IP:2250 - PinAttribute not found: check if there is a RefParameter without a condition.
2025-12-27 09:57:47,548 [WARN] IP:2250 - PinAttribute not found: check if there is a RefParameter without a condition.
2025-12-27 09:57:47,548 [WARN] IP:2250 - PinAttribute not found: check if there is a RefParameter without a condition.
2025-12-27 09:57:47,548 [WARN] IP:2250 - PinAttribute not found: check if there is a RefParameter without a condition.
2025-12-27 09:57:47,548 [WARN] IP:2250 - PinAttribute not found: check if there is a RefParameter without a condition.
2025-12-27 09:57:47,548 [WARN] IP:2250 - PinAttribute not found: check if there is a RefParameter without a condition.
2025-12-27 09:57:51,165 [WARN] IP:2250 - PinAttribute not found: check if there is a RefParameter without a condition.
2025-12-27 09:57:51,179 [WARN] IP:2250 - PinAttribute not found: check if there is a RefParameter without a condition.
2025-12-27 09:57:51,184 [WARN] IP:2250 - PinAttribute not found: check if there is a RefParameter without a condition.
2025-12-27 09:57:51,195 [WARN] IP:2250 - PinAttribute not found: check if there is a RefParameter without a condition.
2025-12-27 09:57:51,217 [WARN] IP:2250 - PinAttribute not found: check if there is a RefParameter without a condition.
2025-12-27 09:57:51,231 [WARN] IP:2250 - PinAttribute not found: check if there is a RefParameter without a condition.
2025-12-27 09:57:51,238 [WARN] IP:2250 - PinAttribute not found: check if there is a RefParameter without a condition.
2025-12-27 09:57:51,265 [WARN] IP:2250 - PinAttribute not found: check if there is a RefParameter without a condition.
2025-12-27 09:57:51,266 [WARN] IP:2250 - PinAttribute not found: check if there is a RefParameter without a condition.
2025-12-27 09:57:51,272 [WARN] IP:2250 - PinAttribute not found: check if there is a RefParameter without a condition.
2025-12-27 09:57:51,289 [WARN] IP:2250 - PinAttribute not found: check if there is a RefParameter without a condition.
2025-12-27 09:57:51,304 [WARN] IP:2250 - PinAttribute not found: check if there is a RefParameter without a condition.
2025-12-27 09:57:51,319 [WARN] IP:2250 - PinAttribute not found: check if there is a RefParameter without a condition.
2025-12-27 09:57:51,338 [WARN] IP:2250 - PinAttribute not found: check if there is a RefParameter without a condition.
2025-12-27 09:57:51,360 [WARN] IP:2250 - PinAttribute not found: check if there is a RefParameter without a condition.
2025-12-27 09:57:51,786 [WARN] IP:2250 - PinAttribute not found: check if there is a RefParameter without a condition.
2025-12-27 09:57:51,807 [WARN] IP:2250 - PinAttribute not found: check if there is a RefParameter without a condition.
2025-12-27 09:57:51,824 [WARN] IP:2250 - PinAttribute not found: check if there is a RefParameter without a condition.
2025-12-27 09:57:51,841 [WARN] IP:2250 - PinAttribute not found: check if there is a RefParameter without a condition.
2025-12-27 09:57:51,871 [WARN] IP:2250 - PinAttribute not found: check if there is a RefParameter without a condition.
