2025-11-29 00:03:52,613 [INFO] Activator:176 - 


2025-11-29 00:03:52,613 [INFO] Activator:177 - !SESSION log4j initialized
2025-11-29 00:03:53,814 [INFO] LogOutputStream:77 - [STDOUT_REDIRECT] 
2025-11-29 00:03:54,582 [INFO] ApplicationProperties:184 - Using Application install path: /opt/st/stm32cubeide_1.19.0/plugins/com.st.stm32cube.common.mx_6.15.0.202507011659
2025-11-29 00:03:54,593 [INFO] DbMcusXml:78 - Set database path to: /opt/st/stm32cubeide_1.19.0/plugins/com.st.stm32cube.common.mx_6.15.0.202507011659//db//mcu/
2025-11-29 00:03:54,593 [INFO] ApiDb:274 - Set plugin database path to: /opt/st/stm32cubeide_1.19.0/plugins/com.st.stm32cube.common.mx_6.15.0.202507011659//db//plugins/boardmanager/
2025-11-29 00:03:54,593 [WARN] ApiDb:259 - Overriding images path with different value:  => /opt/st/stm32cubeide_1.19.0/plugins/com.st.stm32cube.common.mx_6.15.0.202507011659//db//plugins/mcufinder/images/
2025-11-29 00:03:54,595 [INFO] ApiDb:250 - Set database path to: /home/lucasnascimento/.stmcufinder/plugins/mcufinder//mcu/
2025-11-29 00:03:54,596 [INFO] DbMcusAds:125 - Set database path to: /home/lucasnascimento/.stmcufinder/plugins/mcufinder//mcu/
2025-11-29 00:03:54,597 [INFO] CrossReferenceDbSqlite:203 - Set database path to: /home/lucasnascimento/.stmcufinder/plugins/mcufinder//mcu/cs/
2025-11-29 00:03:54,646 [INFO] RulesReader:64 - Compatibility file has been processed (317 Rules)
2025-11-29 00:03:54,670 [INFO] DbMcusXml:78 - Set database path to: /opt/st/stm32cubeide_1.19.0/plugins/com.st.stm32cube.common.mx_6.15.0.202507011659//db//mcu/
2025-11-29 00:03:54,670 [INFO] ApiDb:274 - Set plugin database path to: /opt/st/stm32cubeide_1.19.0/plugins/com.st.stm32cube.common.mx_6.15.0.202507011659//db//plugins/boardmanager/
2025-11-29 00:03:54,670 [INFO] ApiDb:261 - Set plugin images path to: /opt/st/stm32cubeide_1.19.0/plugins/com.st.stm32cube.common.mx_6.15.0.202507011659//db//plugins/mcufinder/images/
2025-11-29 00:03:54,670 [WARN] DbFile:41 - Overriding database path with different value: /home/lucasnascimento/.stmcufinder/plugins/mcufinder/ => /home/lucasnascimento/.stmcufinder/plugins/mcufinder
2025-11-29 00:03:54,670 [INFO] ApiDb:250 - Set database path to: /home/lucasnascimento/.stmcufinder/plugins/mcufinder//mcu/
2025-11-29 00:03:54,670 [WARN] DbFile:41 - Overriding database path with different value: /home/lucasnascimento/.stmcufinder/plugins/mcufinder/ => /home/lucasnascimento/.stmcufinder/plugins/mcufinder
2025-11-29 00:03:54,670 [INFO] DbMcusAds:125 - Set database path to: /home/lucasnascimento/.stmcufinder/plugins/mcufinder//mcu/
2025-11-29 00:03:54,670 [WARN] DbFile:41 - Overriding database path with different value: /home/lucasnascimento/.stmcufinder/plugins/mcufinder/ => /home/lucasnascimento/.stmcufinder/plugins/mcufinder
2025-11-29 00:03:54,670 [WARN] DbFile:41 - Overriding database path with different value: /home/lucasnascimento/.stmcufinder/plugins/mcufinder/ => /home/lucasnascimento/.stmcufinder/plugins/mcufinder
2025-11-29 00:03:54,670 [INFO] CrossReferenceDbSqlite:203 - Set database path to: /home/lucasnascimento/.stmcufinder/plugins/mcufinder//mcu/cs/
2025-11-29 00:03:54,698 [INFO] MainPanel:274 - HeapMemory: 268435456
2025-11-29 00:03:54,752 [INFO] DbMcusXml:78 - Set database path to: /opt/st/stm32cubeide_1.19.0/plugins/com.st.stm32cube.common.mx_6.15.0.202507011659//db//mcu/
2025-11-29 00:03:54,752 [INFO] ApiDb:274 - Set plugin database path to: /opt/st/stm32cubeide_1.19.0/plugins/com.st.stm32cube.common.mx_6.15.0.202507011659//db//plugins/boardmanager/
2025-11-29 00:03:54,752 [INFO] ApiDb:261 - Set plugin images path to: /opt/st/stm32cubeide_1.19.0/plugins/com.st.stm32cube.common.mx_6.15.0.202507011659//db//plugins/mcufinder/images/
2025-11-29 00:03:54,752 [WARN] DbFile:41 - Overriding database path with different value: /home/lucasnascimento/.stmcufinder/plugins/mcufinder/ => /home/lucasnascimento/.stmcufinder/plugins/mcufinder
2025-11-29 00:03:54,752 [INFO] ApiDb:250 - Set database path to: /home/lucasnascimento/.stmcufinder/plugins/mcufinder//mcu/
2025-11-29 00:03:54,753 [WARN] DbFile:41 - Overriding database path with different value: /home/lucasnascimento/.stmcufinder/plugins/mcufinder/ => /home/lucasnascimento/.stmcufinder/plugins/mcufinder
2025-11-29 00:03:54,753 [INFO] DbMcusAds:125 - Set database path to: /home/lucasnascimento/.stmcufinder/plugins/mcufinder//mcu/
2025-11-29 00:03:54,753 [WARN] DbFile:41 - Overriding database path with different value: /home/lucasnascimento/.stmcufinder/plugins/mcufinder/ => /home/lucasnascimento/.stmcufinder/plugins/mcufinder
2025-11-29 00:03:54,753 [WARN] DbFile:41 - Overriding database path with different value: /home/lucasnascimento/.stmcufinder/plugins/mcufinder/ => /home/lucasnascimento/.stmcufinder/plugins/mcufinder
2025-11-29 00:03:54,753 [INFO] CrossReferenceDbSqlite:203 - Set database path to: /home/lucasnascimento/.stmcufinder/plugins/mcufinder//mcu/cs/
2025-11-29 00:03:54,760 [INFO] ApplicationProperties:184 - Using Application install path: /opt/st/stm32cubeide_1.19.0/plugins/com.st.stm32cube.common.mx_6.15.0.202507011659
2025-11-29 00:03:54,761 [INFO] PluginManage:196 - Search for loadable plugins [exclusion list=, ]
2025-11-29 00:03:54,761 [INFO] PluginManage:310 - Check plugin analytics
2025-11-29 00:03:54,820 [INFO] AnalyticsPlugin:253 - Accepted Software Licenses: 
2025-11-29 00:03:54,821 [INFO] AnalyticsPlugin:255 - Accepted CMSIS Pack Licenses: STMicroelectronics.X-CUBE-FREERTOS.1.3.1,EmbeddedOffice.I-CUBE-FS-RTOS.1.0.1
2025-11-29 00:03:54,821 [INFO] AnalyticsPlugin:257 - Accepted Firmware Licenses: FW.H5.1.5.0
2025-11-29 00:03:54,822 [INFO] PluginManage:359 - Loaded plugin analytics (category:tool,tabindex:-1)
2025-11-29 00:03:54,822 [INFO] PluginManage:310 - Check plugin cadmodel
2025-11-29 00:03:54,824 [INFO] CADModel:105 - Init CAD model plugin
2025-11-29 00:03:54,824 [INFO] PluginManage:359 - Loaded plugin cadmodel (category:power,tabindex:5)
2025-11-29 00:03:54,824 [INFO] PluginManage:310 - Check plugin clock
2025-11-29 00:03:54,827 [INFO] PluginManage:359 - Loaded plugin clock (category:base,tabindex:2)
2025-11-29 00:03:54,827 [INFO] PluginManage:310 - Check plugin ddr
2025-11-29 00:03:54,828 [INFO] PluginManage:359 - Loaded plugin ddr (category:tool,tabindex:6)
2025-11-29 00:03:54,828 [INFO] PluginManage:310 - Check plugin filemanager
2025-11-29 00:03:54,938 [INFO] PluginManage:359 - Loaded plugin filemanager (category:base,tabindex:10)
2025-11-29 00:03:54,938 [INFO] PluginManage:310 - Check plugin ipmanager
2025-11-29 00:03:54,941 [INFO] PluginManage:359 - Loaded plugin ipmanager (category:base,tabindex:5)
2025-11-29 00:03:54,942 [INFO] PluginManage:310 - Check plugin lpbam
2025-11-29 00:03:54,945 [INFO] PluginManage:359 - Loaded plugin lpbam (category:base,tabindex:0)
2025-11-29 00:03:54,946 [INFO] PluginManage:310 - Check plugin memorymap
2025-11-29 00:03:54,950 [INFO] PluginManage:359 - Loaded plugin memorymap (category:base,tabindex:4)
2025-11-29 00:03:54,950 [INFO] PluginManage:310 - Check plugin pinoutandconfiguration
2025-11-29 00:03:54,953 [INFO] PluginManage:359 - Loaded plugin pinoutandconfiguration (category:base,tabindex:1)
2025-11-29 00:03:54,954 [INFO] PluginManage:310 - Check plugin pinoutconfig
2025-11-29 00:03:54,988 [WARN] SupportedApi:132 - Cannot load RTOS API schema: s4s-elt-must-match.1: The content of 'definitions' must match (annotation?, (simpleType | complexType)?, (unique | key | keyref)*)). A problem was found starting at: attribute.
2025-11-29 00:03:55,044 [INFO] PluginManage:359 - Loaded plugin pinoutconfig (category:base,tabindex:0)
2025-11-29 00:03:55,044 [INFO] PluginManage:310 - Check plugin power
2025-11-29 00:03:55,047 [INFO] PluginManage:359 - Loaded plugin power (category:power,tabindex:4)
2025-11-29 00:03:55,047 [INFO] PluginManage:310 - Check plugin projectmanager
2025-11-29 00:03:55,055 [INFO] PluginManage:359 - Loaded plugin projectmanager (category:projectmanager,tabindex:4)
2025-11-29 00:03:55,055 [INFO] PluginManage:310 - Check plugin rif
2025-11-29 00:03:55,059 [INFO] PluginManage:359 - Loaded plugin rif (category:base,tabindex:3)
2025-11-29 00:03:55,059 [INFO] PluginManage:310 - Check plugin thirdparty
2025-11-29 00:03:55,101 [INFO] PluginManage:359 - Loaded plugin thirdparty (category:base,tabindex:-1)
2025-11-29 00:03:55,101 [WARN] IntegrityCheckThread:84 - waiting for thirdparty lock release [integrity check]
2025-11-29 00:03:55,102 [INFO] IntegrityCheckThread:86 - entering critical section [integrity check]
2025-11-29 00:03:55,102 [INFO] PluginManage:310 - Check plugin tools
2025-11-29 00:03:55,102 [INFO] ThirdPartyUpdaterWithRetryManager:70 - Updater plugin not ready yet. [1/15]
2025-11-29 00:03:55,103 [INFO] PluginManage:359 - Loaded plugin tools (category:base,tabindex:7)
2025-11-29 00:03:55,103 [INFO] PluginManage:310 - Check plugin tutovideos
2025-11-29 00:03:55,182 [INFO] PluginManage:359 - Loaded plugin tutovideos (category:base,tabindex:-1)
2025-11-29 00:03:55,183 [INFO] PluginManage:310 - Check plugin updater
2025-11-29 00:03:55,191 [INFO] PluginManage:359 - Loaded plugin updater (category:base,tabindex:12)
2025-11-29 00:03:55,191 [INFO] PluginManage:310 - Check plugin userauth
2025-11-29 00:03:55,193 [INFO] UserAuth:118 - Init User Auth plugin
2025-11-29 00:03:55,193 [INFO] PluginManage:359 - Loaded plugin userauth (category:base,tabindex:14)
2025-11-29 00:03:55,193 [INFO] PluginManage:283 - PluginManage : Loaded plugins [18]
2025-11-29 00:03:55,269 [INFO] PinOutPanel:1589 - setPackage(No Configuration,No Configuration)
2025-11-29 00:03:55,297 [INFO] CADModel:165 - CPN selected for project level
2025-11-29 00:03:55,297 [INFO] CADModel:114 - Register for checkConnection events
2025-11-29 00:03:55,301 [INFO] IPUIPlugin:80 - create IPUIPlugin
2025-11-29 00:03:55,302 [INFO] PluginManager:220 - loadIPPluginJar : add i3c
2025-11-29 00:03:55,305 [INFO] IPUIPlugin:80 - create IPUIPlugin
2025-11-29 00:03:55,307 [INFO] PluginManager:220 - loadIPPluginJar : add stm32_wpan
2025-11-29 00:03:55,308 [INFO] IPUIPlugin:80 - create IPUIPlugin
2025-11-29 00:03:55,309 [INFO] PluginManager:220 - loadIPPluginJar : add ipddr
2025-11-29 00:03:55,309 [INFO] IPUIPlugin:80 - create IPUIPlugin
2025-11-29 00:03:55,309 [INFO] PluginManager:220 - loadIPPluginJar : add quadspi
2025-11-29 00:03:55,310 [INFO] IPUIPlugin:80 - create IPUIPlugin
2025-11-29 00:03:55,310 [INFO] PluginManager:220 - loadIPPluginJar : add hash
2025-11-29 00:03:55,310 [INFO] IPUIPlugin:80 - create IPUIPlugin
2025-11-29 00:03:55,310 [INFO] PluginManager:220 - loadIPPluginJar : add openamp
2025-11-29 00:03:55,312 [INFO] IPUIPlugin:80 - create IPUIPlugin
2025-11-29 00:03:55,312 [INFO] PluginManager:220 - loadIPPluginJar : add fmc
2025-11-29 00:03:55,312 [INFO] IPUIPlugin:80 - create IPUIPlugin
2025-11-29 00:03:55,312 [INFO] PluginManager:220 - loadIPPluginJar : add aes
2025-11-29 00:03:55,313 [INFO] IPUIPlugin:80 - create IPUIPlugin
2025-11-29 00:03:55,313 [INFO] PluginManager:220 - loadIPPluginJar : add ucpd
2025-11-29 00:03:55,313 [INFO] IPUIPlugin:80 - create IPUIPlugin
2025-11-29 00:03:55,313 [INFO] PluginManager:220 - loadIPPluginJar : add gfxmmu
2025-11-29 00:03:55,314 [INFO] IPUIPlugin:80 - create IPUIPlugin
2025-11-29 00:03:55,314 [INFO] PluginManager:220 - loadIPPluginJar : add tim
2025-11-29 00:03:55,315 [INFO] IPUIPlugin:80 - create IPUIPlugin
2025-11-29 00:03:55,315 [INFO] PluginManager:220 - loadIPPluginJar : add dfsdm
2025-11-29 00:03:55,316 [INFO] IPUIPlugin:80 - create IPUIPlugin
2025-11-29 00:03:55,316 [INFO] PluginManager:220 - loadIPPluginJar : add sai
2025-11-29 00:03:55,316 [INFO] IPUIPlugin:80 - create IPUIPlugin
2025-11-29 00:03:55,316 [INFO] PluginManager:220 - loadIPPluginJar : add radio
2025-11-29 00:03:55,317 [INFO] IPUIPlugin:80 - create IPUIPlugin
2025-11-29 00:03:55,317 [INFO] PluginManager:220 - loadIPPluginJar : add can
2025-11-29 00:03:55,318 [INFO] IPUIPlugin:80 - create IPUIPlugin
2025-11-29 00:03:55,319 [INFO] PluginManager:220 - loadIPPluginJar : add gpio
2025-11-29 00:03:55,320 [INFO] IPUIPlugin:80 - create IPUIPlugin
2025-11-29 00:03:55,320 [INFO] PluginManager:220 - loadIPPluginJar : add extmemmanager
2025-11-29 00:03:55,325 [INFO] IPUIPlugin:80 - create IPUIPlugin
2025-11-29 00:03:55,325 [INFO] PluginManager:220 - loadIPPluginJar : add linkedlist
2025-11-29 00:03:55,328 [INFO] IPUIPlugin:80 - create IPUIPlugin
2025-11-29 00:03:55,329 [INFO] PluginManager:220 - loadIPPluginJar : add plateformsettings
2025-11-29 00:03:55,331 [INFO] IPUIPlugin:80 - create IPUIPlugin
2025-11-29 00:03:55,331 [INFO] PluginManager:220 - loadIPPluginJar : add adc
2025-11-29 00:03:55,332 [INFO] IPUIPlugin:80 - create IPUIPlugin
2025-11-29 00:03:55,332 [INFO] PluginManager:220 - loadIPPluginJar : add spi
2025-11-29 00:03:55,334 [INFO] IPUIPlugin:80 - create IPUIPlugin
2025-11-29 00:03:55,334 [INFO] PluginManager:220 - loadIPPluginJar : add gic
2025-11-29 00:03:55,335 [INFO] IPUIPlugin:80 - create IPUIPlugin
2025-11-29 00:03:55,336 [INFO] PluginManager:220 - loadIPPluginJar : add nvic
2025-11-29 00:03:55,341 [INFO] IPUIPlugin:80 - create IPUIPlugin
2025-11-29 00:03:55,343 [INFO] PluginManager:220 - loadIPPluginJar : add dma
2025-11-29 00:03:55,345 [INFO] IPUIPlugin:80 - create IPUIPlugin
2025-11-29 00:03:55,345 [INFO] PluginManager:220 - loadIPPluginJar : add ddr_ctrl_phy
2025-11-29 00:03:55,346 [INFO] IPUIPlugin:80 - create IPUIPlugin
2025-11-29 00:03:55,346 [INFO] PluginManager:220 - loadIPPluginJar : add tracer_emb
2025-11-29 00:03:55,347 [INFO] IPUIPlugin:80 - create IPUIPlugin
2025-11-29 00:03:55,347 [INFO] PluginManager:220 - loadIPPluginJar : add lorawan
2025-11-29 00:03:55,348 [INFO] IPUIPlugin:80 - create IPUIPlugin
2025-11-29 00:03:55,348 [INFO] PluginManager:220 - loadIPPluginJar : add usbx
2025-11-29 00:03:55,348 [INFO] IPUIPlugin:80 - create IPUIPlugin
2025-11-29 00:03:55,348 [INFO] PluginManager:220 - loadIPPluginJar : add ltdc
2025-11-29 00:03:55,349 [INFO] IPUIPlugin:80 - create IPUIPlugin
2025-11-29 00:03:55,349 [INFO] PluginManager:220 - loadIPPluginJar : add pdm2pcm
2025-11-29 00:03:55,349 [INFO] IPUIPlugin:80 - create IPUIPlugin
2025-11-29 00:03:55,349 [INFO] PluginManager:220 - loadIPPluginJar : add cryp
2025-11-29 00:03:55,350 [INFO] IPUIPlugin:80 - create IPUIPlugin
2025-11-29 00:03:55,350 [INFO] PluginManager:220 - loadIPPluginJar : add ts
2025-11-29 00:03:55,350 [INFO] IPUIPlugin:80 - create IPUIPlugin
2025-11-29 00:03:55,350 [INFO] PluginManager:220 - loadIPPluginJar : add fatfs
2025-11-29 00:03:55,351 [INFO] IPUIPlugin:80 - create IPUIPlugin
2025-11-29 00:03:55,351 [INFO] PluginManager:220 - loadIPPluginJar : add opamp
2025-11-29 00:03:55,351 [INFO] IPUIPlugin:80 - create IPUIPlugin
2025-11-29 00:03:55,352 [INFO] PluginManager:220 - loadIPPluginJar : add comp
2025-11-29 00:03:55,353 [INFO] IPUIPlugin:80 - create IPUIPlugin
2025-11-29 00:03:55,353 [INFO] PluginManager:220 - loadIPPluginJar : add resmgrutility
2025-11-29 00:03:55,354 [INFO] IPUIPlugin:80 - create IPUIPlugin
2025-11-29 00:03:55,354 [INFO] PluginManager:220 - loadIPPluginJar : add gtzc
2025-11-29 00:03:55,357 [INFO] IPUIPlugin:80 - create IPUIPlugin
2025-11-29 00:03:55,357 [INFO] PluginManager:220 - loadIPPluginJar : add mdma
2025-11-29 00:03:55,358 [INFO] IPUIPlugin:80 - create IPUIPlugin
2025-11-29 00:03:55,358 [INFO] PluginManager:220 - loadIPPluginJar : add genericplugin
2025-11-29 00:03:55,358 [INFO] IPUIPlugin:80 - create IPUIPlugin
2025-11-29 00:03:55,358 [INFO] PluginManager:220 - loadIPPluginJar : add tsc
2025-11-29 00:03:55,359 [INFO] IPUIPlugin:80 - create IPUIPlugin
2025-11-29 00:03:55,359 [INFO] PluginManager:220 - loadIPPluginJar : add i2c
2025-11-29 00:03:55,360 [INFO] IPUIPlugin:80 - create IPUIPlugin
2025-11-29 00:03:55,360 [INFO] PluginManager:220 - loadIPPluginJar : add touchsensing
2025-11-29 00:03:55,362 [INFO] IPUIPlugin:80 - create IPUIPlugin
2025-11-29 00:03:55,362 [INFO] PluginManager:220 - loadIPPluginJar : add freertos
2025-11-29 00:03:55,363 [INFO] IPUIPlugin:80 - create IPUIPlugin
2025-11-29 00:03:55,363 [INFO] PluginManager:220 - loadIPPluginJar : add dma3
2025-11-29 00:03:55,363 [INFO] IPUIPlugin:80 - create IPUIPlugin
2025-11-29 00:03:55,363 [INFO] PluginManager:220 - loadIPPluginJar : add usart
2025-11-29 00:03:55,364 [INFO] IPUIPlugin:80 - create IPUIPlugin
2025-11-29 00:03:55,364 [INFO] PluginManager:220 - loadIPPluginJar : add i2s
2025-11-29 00:03:55,454 [FATAL] Updater:351 - Updater called before beeing initialized
2025-11-29 00:03:55,463 [INFO] RulesReader:64 - Compatibility file has been processed (317 Rules)
2025-11-29 00:03:55,467 [INFO] RulesReader:64 - Compatibility file has been processed (317 Rules)
2025-11-29 00:03:55,471 [INFO] CADModel:165 - CPN selected for project level
2025-11-29 00:03:55,471 [INFO] CADModel:114 - Register for checkConnection events
2025-11-29 00:03:55,471 [FATAL] Updater:351 - Updater called before beeing initialized
2025-11-29 00:03:55,471 [ERROR] CADModel:125 - Updater not yet initialized, retry later 
2025-11-29 00:03:55,534 [FATAL] Updater:351 - Updater called before beeing initialized
2025-11-29 00:03:55,536 [INFO] CADModel:165 - CPN selected for project level
2025-11-29 00:03:55,536 [INFO] CADModel:114 - Register for checkConnection events
2025-11-29 00:03:55,536 [FATAL] Updater:351 - Updater called before beeing initialized
2025-11-29 00:03:55,536 [ERROR] CADModel:125 - Updater not yet initialized, retry later 
2025-11-29 00:03:55,539 [FATAL] Updater:351 - Updater called before beeing initialized
2025-11-29 00:03:55,580 [FATAL] Updater:351 - Updater called before beeing initialized
2025-11-29 00:03:55,582 [INFO] DbMcusAds:53 - JSON generation date=Tue Nov 25 09:08:32 EST 2025 (1764079712835)
2025-11-29 00:03:55,582 [FATAL] Updater:351 - Updater called before beeing initialized
2025-11-29 00:03:55,594 [WARN] DetailPanel:346 - Failed to get advertising image, set to default
2025-11-29 00:03:55,629 [FATAL] Updater:351 - Updater called before beeing initialized
2025-11-29 00:03:55,631 [FATAL] Updater:351 - Updater called before beeing initialized
2025-11-29 00:03:55,631 [FATAL] Updater:351 - Updater called before beeing initialized
2025-11-29 00:03:55,631 [WARN] DetailPanel:346 - Failed to get advertising image, set to default
2025-11-29 00:03:55,631 [FATAL] Updater:351 - Updater called before beeing initialized
2025-11-29 00:03:55,651 [ERROR] Updater:1198 - MainUpdater not yet initialized. External WinMGr cannot be set.
2025-11-29 00:03:55,652 [INFO] Updater:1134 - Updater Version found : 6.15.0
2025-11-29 00:03:55,661 [INFO] ApplicationProperties:184 - Using Application install path: /opt/st/stm32cubeide_1.19.0/plugins/com.st.stm32cube.common.mx_6.15.0.202507011659
2025-11-29 00:03:55,841 [INFO] MainUpdater:2872 - connection check result : 10
2025-11-29 00:03:55,842 [INFO] MainUpdater:289 - Updater Check For Update Now.
2025-11-29 00:03:55,842 [INFO] MicroXplorer:498 - Change Database Version : DB.6.0.150
2025-11-29 00:03:55,844 [INFO] McuFinderGlobals:63 - Set McuFinder mode to 2 (CubeIDE integrated)
2025-11-29 00:03:55,845 [INFO] UserAuth:487 - Internet connection configuration mode: 1
2025-11-29 00:03:55,852 [INFO] JxBrowserEngine:152 - Initiate JxBrowser Engine with user profile folder
2025-11-29 00:03:56,003 [INFO] CheckServerUpdateThread:120 - End of CheckServer Thread
2025-11-29 00:03:56,219 [INFO] WebApp:169 - Instantiating new browser for Auth
2025-11-29 00:03:56,531 [INFO] WebApp:463 - Apply proxy settings
2025-11-29 00:03:56,532 [INFO] WebApp:548 - Chromium requires no authentication
2025-11-29 00:03:56,535 [INFO] WebApp:491 - Direct internet connection detected
2025-11-29 00:03:56,542 [INFO] WebApp:900 - Register for checkConnection events
2025-11-29 00:03:56,543 [INFO] WebApp:463 - Apply proxy settings
2025-11-29 00:03:56,543 [INFO] WebApp:548 - Chromium requires no authentication
2025-11-29 00:03:56,543 [INFO] WebApp:491 - Direct internet connection detected
2025-11-29 00:03:56,591 [INFO] WebApp:225 - Starting web application
2025-11-29 00:03:56,591 [INFO] WebApp:593 - Web application path used /opt/st/stm32cubeide_1.19.0/plugins/com.st.stm32cube.common.mx_6.15.0.202507011659/db/plugins/mcufinder/reactClient1/index.html
2025-11-29 00:03:56,639 [INFO] UserAuth:487 - Internet connection configuration mode: 1
2025-11-29 00:03:56,716 [INFO] WebApp:191 - Connection restablished
2025-11-29 00:03:58,154 [WARN] PackLoader:240 - Cannot read IP mode file for STMicroelectronics.FP-SNS-MOTENVWB1.1.4.0
2025-11-29 00:03:58,158 [WARN] PackLoader:240 - Cannot read IP mode file for STMicroelectronics.FP-ATR-ASTRA1.2.0.2
2025-11-29 00:03:58,161 [WARN] PackLoader:240 - Cannot read IP mode file for STMicroelectronics.X-CUBE-SMBUS.2.1.0
2025-11-29 00:03:58,174 [WARN] PackLoader:240 - Cannot read IP mode file for STMicroelectronics.X-CUBE-AZRTOS-F7.1.1.0
2025-11-29 00:03:58,178 [WARN] PackLoader:240 - Cannot read IP mode file for Cesanta.I-CUBE-Mongoose.7.19.0
2025-11-29 00:03:58,180 [WARN] PackLoader:240 - Cannot read IP mode file for STMicroelectronics.FP-SNS-MOTENV1.5.1.0
2025-11-29 00:03:58,184 [WARN] PackLoader:240 - Cannot read IP mode file for WES.I-CUBE-Cesium.1.4.0
2025-11-29 00:03:58,201 [WARN] PackLoader:240 - Cannot read IP mode file for Infineon.AIROC-Wi-Fi-Bluetooth-STM32.1.7.1
2025-11-29 00:03:58,213 [WARN] PackLoader:240 - Cannot read IP mode file for STMicroelectronics.X-CUBE-AZRTOS-H7.3.4.0
2025-11-29 00:03:58,220 [WARN] PackLoader:240 - Cannot read IP mode file for STMicroelectronics.X-CUBE-DISPLAY.3.0.0
2025-11-29 00:03:58,226 [WARN] PackLoader:240 - Cannot read IP mode file for STMicroelectronics.X-CUBE-NFC10.1.0.0
2025-11-29 00:03:58,228 [WARN] PackLoader:240 - Cannot read IP mode file for STMicroelectronics.X-CUBE-ST60.1.1.0
2025-11-29 00:03:58,230 [WARN] PackLoader:240 - Cannot read IP mode file for emotas.I-CUBE-CANOPEN.1.3.0
2025-11-29 00:03:58,232 [WARN] PackLoader:240 - Cannot read IP mode file for STMicroelectronics.X-CUBE-GNSS1.7.1.0
2025-11-29 00:03:58,235 [WARN] PackLoader:240 - Cannot read IP mode file for STMicroelectronics.FP-SNS-STBOX1.2.1.0
2025-11-29 00:03:58,237 [WARN] PackLoader:240 - Cannot read IP mode file for STMicroelectronics.FP-SNS-SMARTAG2.1.2.0
2025-11-29 00:03:58,238 [WARN] PackLoader:240 - Cannot read IP mode file for STMicroelectronics.FP-SNS-FLIGHT1.5.1.0
2025-11-29 00:03:58,241 [INFO] LogOutputStream:77 - [STDOUT_REDIRECT] 1 : Invalid condition id : UX_CORESTACK_Condition cause : null
2025-11-29 00:03:58,241 [INFO] LogOutputStream:77 - [STDOUT_REDIRECT] 1 : Invalid condition id : UX_CORESTACK_Condition cause : null
2025-11-29 00:03:58,242 [INFO] LogOutputStream:77 - [STDOUT_REDIRECT] 1 : Invalid condition id : UX_CORESTACK_Condition cause : null
2025-11-29 00:03:58,242 [INFO] LogOutputStream:77 - [STDOUT_REDIRECT] 1 : Invalid condition id : UX_CORESTACK_Condition cause : null
2025-11-29 00:03:58,242 [INFO] LogOutputStream:77 - [STDOUT_REDIRECT] 1 : Invalid condition id : UX_CORESTACK_Condition cause : null
2025-11-29 00:03:58,243 [WARN] PackLoader:240 - Cannot read IP mode file for STMicroelectronics.X-CUBE-AZRTOS-WL.2.0.0
2025-11-29 00:03:58,250 [WARN] PackLoader:240 - Cannot read IP mode file for STMicroelectronics.X-CUBE-AZRTOS-H7RS.1.2.0
2025-11-29 00:03:58,253 [WARN] PackLoader:240 - Cannot read IP mode file for STMicroelectronics.X-CUBE-BLE2.3.3.0
2025-11-29 00:03:58,262 [WARN] PackLoader:240 - Cannot read IP mode file for STMicroelectronics.X-CUBE-NFC9.1.0.0
2025-11-29 00:03:58,265 [WARN] PackLoader:240 - Cannot read IP mode file for wolfSSL.I-CUBE-wolfSSL.5.8.2
2025-11-29 00:03:58,268 [WARN] PackLoader:240 - Cannot read IP mode file for STMicroelectronics.X-CUBE-BLE1.7.1.0
2025-11-29 00:03:58,271 [WARN] PackLoader:240 - Cannot read IP mode file for wolfSSL.I-CUBE-wolfMQTT.1.19.2
2025-11-29 00:03:58,272 [WARN] PackLoader:240 - Cannot read IP mode file for STMicroelectronics.X-CUBE-FREERTOS.1.4.0
2025-11-29 00:03:58,274 [WARN] PackLoader:240 - Cannot read IP mode file for STMicroelectronics.X-CUBE-EEPRMA1.5.2.0
2025-11-29 00:03:58,276 [WARN] PackLoader:240 - Cannot read IP mode file for STMicroelectronics.X-CUBE-ST67W61.1.1.0
2025-11-29 00:03:58,301 [WARN] PackLoader:240 - Cannot read IP mode file for STMicroelectronics.X-CUBE-MEMS1.12.0.0
2025-11-29 00:03:58,364 [WARN] PackLoader:240 - Cannot read IP mode file for STMicroelectronics.X-CUBE-AZRTOS-G0.1.1.0
2025-11-29 00:03:58,368 [WARN] PackLoader:240 - Cannot read IP mode file for STMicroelectronics.X-CUBE-NFC4.3.0.0
2025-11-29 00:03:58,371 [WARN] PackLoader:240 - Cannot read IP mode file for EmbeddedOffice.I-CUBE-FS-RTOS.1.0.1
2025-11-29 00:03:58,409 [WARN] PackLoader:240 - Cannot read IP mode file for STMicroelectronics.X-CUBE-WB05N.2.0.0
2025-11-29 00:03:58,410 [WARN] PackLoader:240 - Cannot read IP mode file for wolfSSL.I-CUBE-wolfTPM.3.8.0
2025-11-29 00:03:58,412 [WARN] PackLoader:240 - Cannot read IP mode file for STMicroelectronics.X-CUBE-TCPP.4.2.0
2025-11-29 00:03:58,415 [WARN] PackLoader:240 - Cannot read IP mode file for RealThread.X-CUBE-RT-Thread_Nano.4.1.1
2025-11-29 00:03:58,417 [WARN] PackLoader:240 - Cannot read IP mode file for STMicroelectronics.FP-ATR-SIGFOX1.3.2.0
2025-11-29 00:03:58,418 [WARN] PackLoader:240 - Cannot read IP mode file for ITTIA_DB.I-CUBE-ITTIADB.8.9.0
2025-11-29 00:03:58,420 [WARN] PackLoader:240 - Cannot read IP mode file for STMicroelectronics.X-CUBE-AI.10.2.0
2025-11-29 00:03:58,432 [WARN] PackLoader:240 - Cannot read IP mode file for SEGGER.I-CUBE-embOS.1.3.1
2025-11-29 00:03:58,455 [WARN] PackLoader:240 - Cannot read IP mode file for STMicroelectronics.X-CUBE-ALGOBUILD.1.4.0
2025-11-29 00:03:58,472 [WARN] PackLoader:240 - Cannot read IP mode file for STMicroelectronics.X-CUBE-MEMS1.11.3.0
2025-11-29 00:03:58,530 [WARN] PackLoader:240 - Cannot read IP mode file for STMicroelectronics.X-CUBE-PM33A1.1.0.0
2025-11-29 00:03:58,535 [WARN] PackLoader:240 - Cannot read IP mode file for STMicroelectronics.X-CUBE-AZRTOS-F4.1.1.0
2025-11-29 00:03:58,538 [WARN] PackLoader:240 - Cannot read IP mode file for STMicroelectronics.X-CUBE-ISPU.2.1.0
2025-11-29 00:03:58,543 [WARN] PackLoader:240 - Cannot read IP mode file for STMicroelectronics.X-CUBE-IPS.3.2.0
2025-11-29 00:03:58,547 [WARN] PackLoader:240 - Cannot read IP mode file for STMicroelectronics.X-CUBE-NFC12.1.0.0
2025-11-29 00:03:58,557 [WARN] PackLoader:240 - Cannot read IP mode file for STMicroelectronics.X-CUBE-AZRTOS-L5.2.0.0
2025-11-29 00:03:58,560 [WARN] PackLoader:240 - Cannot read IP mode file for STMicroelectronics.X-CUBE-NFC6.3.1.0
2025-11-29 00:03:58,563 [WARN] PackLoader:240 - Cannot read IP mode file for STMicroelectronics.X-CUBE-FREERTOS.1.3.1
2025-11-29 00:03:58,581 [WARN] PackLoader:240 - Cannot read IP mode file for STMicroelectronics.X-CUBE-TOUCHGFX.4.26.0
2025-11-29 00:03:58,582 [WARN] PackLoader:240 - Cannot read IP mode file for STMicroelectronics.FP-SNS-STAIOTCFT.1.0.0
2025-11-29 00:03:58,583 [WARN] PackLoader:240 - Cannot read IP mode file for STMicroelectronics.X-CUBE-DPower.1.3.0
2025-11-29 00:03:58,590 [WARN] ConditionMgr:438 - getConditionDescription Invalid condition id : LAN8742 Phy interface Condition cause : null
2025-11-29 00:03:58,591 [WARN] PackLoader:240 - Cannot read IP mode file for STMicroelectronics.X-CUBE-AZRTOS-L4.2.0.0
2025-11-29 00:03:58,591 [WARN] ConditionMgr:1044 - genDependencies : Invalid condition id : LAN8742 Phy interface Condition cause : null
2025-11-29 00:03:58,591 [WARN] ConditionMgr:1044 - genDependencies : Invalid condition id : LAN8742 Phy interface Condition cause : null
2025-11-29 00:03:58,592 [WARN] ConditionMgr:1044 - genDependencies : Invalid condition id : LAN8742 Phy interface Condition cause : null
2025-11-29 00:03:58,594 [WARN] PackLoader:240 - Cannot read IP mode file for STMicroelectronics.X-CUBE-SFXS2LP1.4.0.0
2025-11-29 00:03:58,599 [WARN] PackLoader:240 - Cannot read IP mode file for STMicroelectronics.X-CUBE-BLEMGR.4.1.0
2025-11-29 00:03:58,605 [WARN] ConditionMgr:438 - getConditionDescription Invalid condition id : UX DEVICE CLASS RTOS Condition cause : null
2025-11-29 00:03:58,605 [WARN] ConditionMgr:438 - getConditionDescription Invalid condition id : UX DEVICE CLASS RTOS Condition cause : null
2025-11-29 00:03:58,606 [WARN] PackLoader:240 - Cannot read IP mode file for STMicroelectronics.X-CUBE-AZRTOS-WB.2.0.0
2025-11-29 00:03:58,606 [WARN] ConditionMgr:1044 - genDependencies : Invalid condition id : UX DEVICE CLASS RTOS Condition cause : null
2025-11-29 00:03:58,606 [WARN] ConditionMgr:1044 - genDependencies : Invalid condition id : UX DEVICE CLASS RTOS Condition cause : null
2025-11-29 00:03:58,606 [WARN] ConditionMgr:1044 - genDependencies : Invalid condition id : UX DEVICE CLASS RTOS Condition cause : null
2025-11-29 00:03:58,606 [WARN] ConditionMgr:1044 - genDependencies : Invalid condition id : UX DEVICE CLASS RTOS Condition cause : null
2025-11-29 00:03:58,606 [WARN] ConditionMgr:1044 - genDependencies : Invalid condition id : UX DEVICE CLASS RTOS Condition cause : null
2025-11-29 00:03:58,608 [WARN] ConditionMgr:438 - getConditionDescription Invalid condition id : Cortex-A Device cause : null
2025-11-29 00:03:58,610 [WARN] ConditionMgr:1044 - genDependencies : Invalid condition id : Cortex-A Device cause : null
2025-11-29 00:03:58,610 [WARN] ConditionMgr:1044 - genDependencies : Invalid condition id : Cortex-A Device cause : null
2025-11-29 00:03:58,610 [WARN] ConditionMgr:1044 - genDependencies : Invalid condition id : Cortex-A Device cause : null
2025-11-29 00:03:58,612 [WARN] PackLoader:240 - Cannot read IP mode file for STMicroelectronics.X-CUBE-SUBG2.5.0.0
2025-11-29 00:03:58,619 [WARN] PackLoader:240 - Cannot read IP mode file for STMicroelectronics.X-CUBE-AZRTOS-H7RS.1.1.0
2025-11-29 00:03:58,630 [WARN] PackLoader:240 - Cannot read IP mode file for STMicroelectronics.X-CUBE-AZRTOS-G4.2.0.0
2025-11-29 00:03:58,635 [WARN] PackLoader:240 - Cannot read IP mode file for wolfSSL.I-CUBE-wolfSSH.1.4.20
2025-11-29 00:03:58,637 [WARN] PackLoader:240 - Cannot read IP mode file for STMicroelectronics.X-CUBE-NFC7.2.0.0
2025-11-29 00:03:58,638 [WARN] PackLoader:240 - Cannot read IP mode file for STMicroelectronics.X-CUBE-ALS.1.0.2
2025-11-29 00:03:58,640 [WARN] PackLoader:240 - Cannot read IP mode file for STMicroelectronics.X-CUBE-STSE01.1.0.0
2025-11-29 00:03:58,654 [WARN] PackLoader:240 - Cannot read IP mode file for STMicroelectronics.X-CUBE-TOF1.3.4.3
2025-11-29 00:03:58,659 [INFO] ThirdParty:978 - Integrity check success = true
2025-11-29 00:03:58,659 [INFO] IntegrityCheckThread:100 - exiting critical section [integrity check]
2025-11-29 00:03:58,659 [INFO] IntegrityCheckThread:103 - End integrity checks thread
2025-11-29 00:04:08,636 [INFO] McuFinderGlobals:63 - Set McuFinder mode to 2 (CubeIDE integrated)
2025-11-29 00:04:08,637 [INFO] MainUpdater:2872 - connection check result : 10
2025-11-29 00:04:08,873 [INFO] ApiDb:581 - Connected to CubeFinder SQLite database (/home/lucasnascimento/.stmcufinder/plugins/mcufinder/mcu/cube-finder-db.db)
2025-11-29 00:04:08,896 [INFO] ApiDb:668 - CubeFinder database Data Model version=2.1
2025-11-29 00:04:08,896 [INFO] ApiDb:669 - CubeFinder database Configuration version=3.0.39
2025-11-29 00:04:08,897 [INFO] ApiDb:670 - CubeFinder database generation date=2025-11-05 (1762334721)
2025-11-29 00:04:08,897 [INFO] ApiDb:671 - CubeFinder database FW Pack versions=[FP-ATR-ASTRA1_V2.0.0, FP-SNS-FLIGHT1_V5.1.0, FP-SNS-MOTENV1_V5.1.0, FP-SNS-MOTENVWB1_V1.4.0, FP-SNS-SMARTAG2_V1.2.0, FP-SNS-STBOX1_V2.1.0, STM32Cube_FW_C0_V1.4.0, STM32Cube_FW_F4_V1.28.3, STM32Cube_FW_F7_V1.17.4, STM32Cube_FW_G0_V1.6.2, STM32Cube_FW_G4_V1.6.1, STM32Cube_FW_H5_V1.5.1, STM32Cube_FW_H7RS_V1.3.0, STM32Cube_FW_H7_V1.12.1, STM32Cube_FW_L0_V1.12.2, STM32Cube_FW_L4_V1.18.1, STM32Cube_FW_L5_V1.6.0, STM32Cube_FW_N6_V1.3.0, STM32Cube_FW_U0_V1.3.0, STM32Cube_FW_U3_V1.2.1, STM32Cube_FW_U5_V1.8.0, STM32Cube_FW_WB0_V1.4.0, STM32Cube_FW_WBA_V1.8.0, STM32Cube_FW_WB_V1.24.0, STM32Cube_FW_WL3_V1.3.0, STM32Cube_FW_WL_V1.4.0, X-CUBE-ALGOBUILD_V1.4.0, X-CUBE-ALS_V1.0.2, X-CUBE-AZRTOS-F4_V1.1.0, X-CUBE-AZRTOS-F7_V1.1.0, X-CUBE-AZRTOS-G0_V1.1.0, X-CUBE-AZRTOS-G4_V2.0.0, X-CUBE-AZRTOS-H7RS_V1.1.0, X-CUBE-AZRTOS-H7_V3.4.0, X-CUBE-AZRTOS-L4_V2.0.0, X-CUBE-AZRTOS-L5_V2.0.0, X-CUBE-AZRTOS-WB_V2.0.0, X-CUBE-AZRTOS-WL_V2.0.0, X-CUBE-BLE1_V7.1.0, X-CUBE-BLE2_V3.3.0, X-CUBE-BLEMGR_V4.1.0, X-CUBE-EEPRMA1_V5.2.0, X-CUBE-FREERTOS_V1.3.1, X-CUBE-GNSS1_V6.0.0, X-CUBE-MEMS1_V11.3.0, X-CUBE-NFC4_V3.0.0, X-CUBE-NFC7_V2.0.0, X-CUBE-SFXS2LP1_V4.0.0, X-CUBE-ST67W61_V1.1.0, X-CUBE-SUBG2_V5.0.0, X-CUBE-TOF1_V3.4.3]
2025-11-29 00:04:09,760 [INFO] ApiDb:240 - Found 880 in-development CPN: [B-G473E-ZEST1S, B-WB1M-WPAN1, B-WBA5M-WPAN, B-WL5M-SUBG1, NUCLEO-C031C6, NUCLEO-C051C8, NUCLEO-C071RB, NUCLEO-C092RC, NUCLEO-H503RB, NUCLEO-H533RE, NUCLEO-H563ZI, NUCLEO-H7S3L8, NUCLEO-N657X0-Q, NUCLEO-U031R8, NUCLEO-U083RC, NUCLEO-U385RG-Q, NUCLEO-U545RE-Q, NUCLEO-U5A5ZJ-Q, NUCLEO-WB05KZ, NUCLEO-WB07CC, NUCLEO-WB09KE, NUCLEO-WBA52CG, NUCLEO-WBA55CG, NUCLEO-WL33CC1, NUCLEO-WL33CC2, STEVAL-PROTEUS1, STEVAL-SMARTAG2, STEVAL-STWINBX1, STM320518-EVAL, STM32C0116-DK, STM32C011D6Y3TR, STM32C011D6Y6TR, STM32C011F4P3, STM32C011F4P6, STM32C011F4U3, STM32C011F4U6TR, STM32C011F6P3, STM32C011F6P6, STM32C011F6U3, STM32C011F6U6TR, STM32C011J4M3, STM32C011J4M6, STM32C011J6M3, STM32C011J6M6, STM32C0316-DK, STM32C031C4T3, STM32C031C4T6, STM32C031C4U3, STM32C031C4U6, STM32C031C6T3, STM32C031C6T6, STM32C031C6U3, STM32C031C6U6, STM32C031F4P3, STM32C031F4P6, STM32C031F6P3, STM32C031F6P6, STM32C031G4U3, STM32C031G4U6, STM32C031G6U3, STM32C031G6U6, STM32C031K4T3, STM32C031K4T6, STM32C031K4U3, STM32C031K4U6, STM32C031K6T3, STM32C031K6T6, STM32C031K6U3, STM32C031K6U6, STM32C051C6T6, STM32C051C6U6, STM32C051C8T6, STM32C051C8U6, STM32C051D8Y6TR, STM32C051F6P6, STM32C051F8P6, STM32C051G6U6, STM32C051G8U6, STM32C051K6T6, STM32C051K6U6, STM32C051K8T6, STM32C071C8T6, STM32C071C8T6N, STM32C071C8U6, STM32C071C8U6N, STM32C071CBT6, STM32C071CBT6N, STM32C071CBU6, STM32C071CBU6N, STM32C071F8P6, STM32C071F8P6N, STM32C071FBP6, STM32C071FBP6N, STM32C071FBY6TR, STM32C071G8U6, STM32C071G8U6N, STM32C071GBU6, STM32C071GBU6N, STM32C071K8T6, STM32C071K8T6N, STM32C071K8U6, STM32C071K8U6N, STM32C071KBT6, STM32C071KBT6N, STM32C071KBU6, STM32C071KBU6N, STM32C071R8T6, STM32C071R8T6N, STM32C071RBI6N, STM32C071RBT6, STM32C071RBT6N, STM32C091CBT6, STM32C091CBU6, STM32C091CCT6, STM32C091CCU6, STM32C091ECY6TR, STM32C091FBP6, STM32C091FCP6, STM32C091GBU6, STM32C091GCU6, STM32C091KBT6, STM32C091KBU6, STM32C091KCT6, STM32C091KCU6, STM32C091RBT6, STM32C091RCI6, STM32C091RCT6, STM32C092CBT6, STM32C092CBU6, STM32C092CCT6, STM32C092CCU6, STM32C092ECY6TR, STM32C092FBP6, STM32C092FCP6, STM32C092GBU6, STM32C092GCU6, STM32C092KBT6, STM32C092KBU6, STM32C092KCT6, STM32C092KCU6, STM32C092RBT6, STM32C092RCI6, STM32C092RCT6, STM32G071K8TXN, STM32G071K8UXN, STM32G081GBU6N, STM32G081KBT6N, STM32G081KBUXN, STM32G0B1CCT6N, STM32G0B1KCT6, STM32G0B1NEY6TR, STM32G0B1RCT6N, STM32G0C1CCT6, STM32G0C1CCT6N, STM32G0C1CCU6N, STM32G0C1CET6N, STM32G0C1CEU6N, STM32G0C1KCT6, STM32G0C1NEY6TR, STM32G0C1RCI6N, STM32G0C1RCT6N, STM32G0C1REI6N, STM32G0C1RET6N, STM32G0C1VCI6, STM32G0C1VEI6, STM32G411C6T3, STM32G411C6T6, STM32G411C6U3, STM32G411C6U6, STM32G411C8T3, STM32G411C8T6, STM32G411C8U3, STM32G411C8U6, STM32G411CBT3, STM32G411CBT6, STM32G411CBU3, STM32G411CBU6, STM32G411K6T3, STM32G411K6T6, STM32G411K6U3, STM32G411K6U6, STM32G411K8T3, STM32G411K8T6, STM32G411K8U3, STM32G411K8U6, STM32G411KBT3, STM32G411KBT6, STM32G411KBU3, STM32G411KBU6, STM32G411M6T3, STM32G411M6T6, STM32G411M8T3, STM32G411M8T6, STM32G411MBT3, STM32G411MBT6, STM32G411R6T3, STM32G411R6T6, STM32G411R8T3, STM32G411R8T6, STM32G411RBT3, STM32G411RBT6, STM32G414CBT3, STM32G414CBT6, STM32G414CBU3, STM32G414CBU6, STM32G414CCT3, STM32G414CCT6, STM32G414CCU3, STM32G414CCU6, STM32G414MBT3, STM32G414MBT6, STM32G414MCT3, STM32G414MCT6, STM32G414RBT3, STM32G414RBT6, STM32G414RCT3, STM32G414RCT6, STM32G414VBT3, STM32G414VBT6, STM32G414VCT3, STM32G414VCT6, STM32G431CBT3Z, STM32G431RBT3Z, STM32G471CCT6, STM32G471CCU6, STM32G471CET3, STM32G471CET6, STM32G471CEU3, STM32G471CEU6, STM32G471MCT6, STM32G471MET3, STM32G471MET6, STM32G471MEY6TR, STM32G471QCT6, STM32G471QET3, STM32G471RCT6, STM32G471RET3, STM32G471RET6, STM32G471VCH6, STM32G471VCI6, STM32G471VCT6, STM32G471VEH3, STM32G471VEH6, STM32G471VEI3, STM32G471VEI6, STM32G471VET3, STM32G471VET6, STM32G473QET3Z, STM32G473RET3Z, STM32G474CCT6, STM32G491RET3Z, STM32H503CBT6, STM32H503CBU6, STM32H503EBY6TR, STM32H503KBU6, STM32H503RBT6, STM32H523CCT6, STM32H523CCU6, STM32H523CET6, STM32H523CEU6, STM32H523HEY6TR, STM32H523RCT6, STM32H523RET6, STM32H523VCI6, STM32H523VCT6, STM32H523VEI6, STM32H523VET6, STM32H523ZCJ6, STM32H523ZCT6, STM32H523ZEJ6, STM32H523ZET6, STM32H533CET6, STM32H533CEU6, STM32H533HEY6TR, STM32H533RET6, STM32H533VEI6, STM32H533VET6, STM32H533ZEJ6, STM32H533ZET6, STM32H562AGI6, STM32H562AII6, STM32H562IGK6, STM32H562IGT6, STM32H562IIK6, STM32H562IIT6, STM32H562RGT6, STM32H562RGV6, STM32H562RIT6, STM32H562RIV6, STM32H562VGT6, STM32H562VIT6, STM32H562ZGT6, STM32H562ZIT6, STM32H563AGI6, STM32H563AII3Q, STM32H563AII6, STM32H563IGK6, STM32H563IGT6, STM32H563IIK3Q, STM32H563IIK6, STM32H563IIT3Q, STM32H563IIT6, STM32H563MIY3QTR, STM32H563RGT6, STM32H563RGV6, STM32H563RIT6, STM32H563RIV6, STM32H563VGT6, STM32H563VIT3Q, STM32H563VIT6, STM32H563ZGT6, STM32H563ZIT3Q, STM32H563ZIT6, STM32H573AII3Q, STM32H573AII6, STM32H573I-DK, STM32H573IIK3Q, STM32H573IIK6, STM32H573IIT3Q, STM32H573IIT6, STM32H573MIY3QTR, STM32H573RIT6, STM32H573RIV6, STM32H573VIT3Q, STM32H573VIT6, STM32H573ZIT3Q, STM32H573ZIT6, STM32H7R3A8I6, STM32H7R3I8K6, STM32H7R3I8T6, STM32H7R3L8H6, STM32H7R3L8H6H, STM32H7R3R8V6, STM32H7R3V8H6, STM32H7R3V8T6, STM32H7R3V8Y6TR, STM32H7R3Z8J6, STM32H7R3Z8T6, STM32H7R7A8I6, STM32H7R7I8K6, STM32H7R7I8T6, STM32H7R7L8H6, STM32H7R7L8H6H, STM32H7R7Z8J6, STM32H7S3A8I6, STM32H7S3I8K6, STM32H7S3I8T6, STM32H7S3L8H6, STM32H7S3L8H6H, STM32H7S3R8V6, STM32H7S3V8H6, STM32H7S3V8T6, STM32H7S3V8Y6TR, STM32H7S3Z8J6, STM32H7S3Z8T6, STM32H7S78-DK, STM32H7S7A8I6, STM32H7S7I8K6, STM32H7S7I8T6, STM32H7S7L8H6, STM32H7S7L8H6H, STM32H7S7Z8J6, STM32L4R5QGI6STR, STM32MP131AAE3, STM32MP131AAF3, STM32MP131AAG3, STM32MP131CAE3, STM32MP131CAF3, STM32MP131CAG3, STM32MP131DAE7, STM32MP131DAF7, STM32MP131DAG7, STM32MP131FAE7, STM32MP131FAF7, STM32MP131FAG7, STM32MP133AAE3, STM32MP133AAF3, STM32MP133AAG3, STM32MP133CAE3, STM32MP133CAF3, STM32MP133CAG3, STM32MP133DAE7, STM32MP133DAF7, STM32MP133DAG7, STM32MP133FAE7, STM32MP133FAF7, STM32MP133FAG7, STM32MP135AAE3, STM32MP135AAF3, STM32MP135AAG3, STM32MP135CAE3, STM32MP135CAF3, STM32MP135CAG3, STM32MP135DAE7, STM32MP135DAF7, STM32MP135DAG7, STM32MP135F-DK, STM32MP135FAE7, STM32MP135FAF7, STM32MP135FAF7T, STM32MP135FAF7U, STM32MP135FAG7, STM32MP211AAL3, STM32MP211AAM3, STM32MP211AAN3, STM32MP211AAO3, STM32MP211CAL3, STM32MP211CAM3, STM32MP211CAN3, STM32MP211CAO3, STM32MP211DAL3, STM32MP211DAM3, STM32MP211DAN3, STM32MP211DAO3, STM32MP211FAL3, STM32MP211FAM3, STM32MP211FAN3, STM32MP211FAO3, STM32MP213AAL3, STM32MP213AAM3, STM32MP213AAN3, STM32MP213AAO3, STM32MP213CAL3, STM32MP213CAM3, STM32MP213CAN3, STM32MP213CAO3, STM32MP213DAL3, STM32MP213DAM3, STM32MP213DAN3, STM32MP213DAO3, STM32MP213FAL3, STM32MP213FAM3, STM32MP213FAN3, STM32MP213FAO3, STM32MP215AAL3, STM32MP215AAM3, STM32MP215AAN3, STM32MP215AAO3, STM32MP215CAL3, STM32MP215CAM3, STM32MP215CAN3, STM32MP215CAO3, STM32MP215DAL3, STM32MP215DAM3, STM32MP215DAN3, STM32MP215DAO3, STM32MP215F-DK, STM32MP215FAL3, STM32MP215FAM3, STM32MP215FAN3, STM32MP215FAO3, STM32MP231AAJ3, STM32MP231AAK3, STM32MP231AAL3, STM32MP231CAJ3, STM32MP231CAK3, STM32MP231CAL3, STM32MP231DAJ3, STM32MP231DAK3, STM32MP231DAL3, STM32MP231FAJ3, STM32MP231FAK3, STM32MP231FAL3, STM32MP233AAJ3, STM32MP233AAK3, STM32MP233AAL3, STM32MP233CAJ3, STM32MP233CAK3, STM32MP233CAL3, STM32MP233DAJ3, STM32MP233DAK3, STM32MP233DAL3, STM32MP233FAJ3, STM32MP233FAK3, STM32MP233FAL3, STM32MP235AAJ3, STM32MP235AAK3, STM32MP235AAL3, STM32MP235CAJ3, STM32MP235CAK3, STM32MP235CAL3, STM32MP235DAJ3, STM32MP235DAK3, STM32MP235DAL3, STM32MP235FAJ3, STM32MP235FAK3, STM32MP235FAL3, STM32MP251AAI3, STM32MP251AAK3, STM32MP251AAL3, STM32MP251CAI3, STM32MP251CAK3, STM32MP251CAL3, STM32MP251DAI3, STM32MP251DAK3, STM32MP251DAL3, STM32MP251FAI3, STM32MP251FAK3, STM32MP251FAL3, STM32MP253AAI3, STM32MP253AAK3, STM32MP253AAL3, STM32MP253CAI3, STM32MP253CAK3, STM32MP253CAL3, STM32MP253DAI3, STM32MP253DAK3, STM32MP253DAL3, STM32MP253FAI3, STM32MP253FAK3, STM32MP253FAL3, STM32MP255AAI3, STM32MP255AAK3, STM32MP255AAL3, STM32MP255CAI3, STM32MP255CAK3, STM32MP255CAL3, STM32MP255DAI3, STM32MP255DAK3, STM32MP255DAL3, STM32MP255FAI3, STM32MP255FAK3, STM32MP255FAL3, STM32MP257AAI3, STM32MP257AAK3, STM32MP257AAL3, STM32MP257CAI3, STM32MP257CAK3, STM32MP257CAL3, STM32MP257DAI3, STM32MP257DAK3, STM32MP257DAL3, STM32MP257F-DK, STM32MP257F-EV1, STM32MP257FAI3, STM32MP257FAK3, STM32MP257FAL3, STM32N645A0H3Q, STM32N645B0H3Q, STM32N645I0H3Q, STM32N645L0H3Q, STM32N645X0H3Q, STM32N645Z0H3Q, STM32N647A0H3Q, STM32N647B0H3Q, STM32N647I0H3Q, STM32N647L0H3Q, STM32N647X0H3Q, STM32N647Z0H3Q, STM32N655A0H3Q, STM32N655B0H3Q, STM32N655I0H3Q, STM32N655L0H3Q, STM32N655X0H3Q, STM32N655Z0H3Q, STM32N6570-DK, STM32N657A0H3Q, STM32N657B0H3Q, STM32N657I0H3Q, STM32N657L0H3Q, STM32N657X0H3Q, STM32N657Z0H3Q, STM32U031C6T6, STM32U031C6U6, STM32U031C8T6, STM32U031C8U6, STM32U031F4P6, STM32U031F6P6, STM32U031F8P6, STM32U031G6Y6TR, STM32U031G8Y6TR, STM32U031K4U6, STM32U031K6U6, STM32U031K8U6, STM32U031R6I6, STM32U031R6T6, STM32U031R8I6, STM32U031R8T6, STM32U073C8T6, STM32U073C8U6, STM32U073CBT6, STM32U073CBU6, STM32U073CCT6, STM32U073CCU6, STM32U073H8Y6TR, STM32U073HBY6TR, STM32U073HCY6TR, STM32U073K8U6, STM32U073KBU6, STM32U073KCU6, STM32U073M8I6, STM32U073M8T6, STM32U073MBI6, STM32U073MBT6, STM32U073MCI6, STM32U073MCT6, STM32U073R8I6, STM32U073R8T6, STM32U073RBI6, STM32U073RBT6, STM32U073RCI6, STM32U073RCT6, STM32U083C-DK, STM32U083CCT6, STM32U083CCU6, STM32U083HCY6TR, STM32U083KCU6, STM32U083MCI6, STM32U083MCT6, STM32U083RCI6, STM32U083RCT6, STM32U375CET6, STM32U375CET6Q, STM32U375CEU6, STM32U375CEU6Q, STM32U375CEY6QTR, STM32U375CGT6, STM32U375CGT6Q, STM32U375CGU6, STM32U375CGU6Q, STM32U375CGY6QTR, STM32U375KEU6, STM32U375KGU6, STM32U375REI6, STM32U375REI6Q, STM32U375RET6, STM32U375RET6Q, STM32U375REY6GTR, STM32U375REY6QTR, STM32U375RGI6, STM32U375RGI6Q, STM32U375RGT6, STM32U375RGT6Q, STM32U375RGY6GTR, STM32U375RGY6QTR, STM32U375VEI6, STM32U375VEI6Q, STM32U375VET6, STM32U375VET6Q, STM32U375VGI6, STM32U375VGI6Q, STM32U375VGT6, STM32U375VGT6Q, STM32U385CGT6, STM32U385CGT6Q, STM32U385CGU6, STM32U385CGU6Q, STM32U385CGY6QTR, STM32U385KGU6, STM32U385RGI6, STM32U385RGI6Q, STM32U385RGT6, STM32U385RGT6Q, STM32U385RGY6GTR, STM32U385RGY6QTR, STM32U385VGI6, STM32U385VGI6Q, STM32U385VGT6, STM32U385VGT6Q, STM32U535CBT6, STM32U535CBT6Q, STM32U535CBU6, STM32U535CBU6Q, STM32U535CCT6, STM32U535CCT6Q, STM32U535CCU6, STM32U535CCU6Q, STM32U535CET6, STM32U535CET6Q, STM32U535CEU6, STM32U535CEU6Q, STM32U535JEY6QTR, STM32U535NCY6QTR, STM32U535NEY6QTR, STM32U535RBI6, STM32U535RBI6Q, STM32U535RBT6, STM32U535RBT6Q, STM32U535RCI6, STM32U535RCI6Q, STM32U535RCT6, STM32U535RCT6Q, STM32U535REI6, STM32U535REI6Q, STM32U535RET6, STM32U535RET6Q, STM32U535VCI6, STM32U535VCI6Q, STM32U535VCT6, STM32U535VCT6Q, STM32U535VEI6, STM32U535VEI6Q, STM32U535VET6, STM32U535VET6Q, STM32U545CET6, STM32U545CET6Q, STM32U545CEU6, STM32U545CEU6Q, STM32U545JEY6QTR, STM32U545NEY6QTR, STM32U545REI6, STM32U545REI6Q, STM32U545RET6, STM32U545RET6Q, STM32U545VEI6, STM32U545VEI6Q, STM32U545VET6, STM32U545VET6Q, STM32U595AIH6, STM32U595AIH6Q, STM32U595AJH6, STM32U595AJH6Q, STM32U595QII6, STM32U595QII6Q, STM32U595QJI6, STM32U595QJI6Q, STM32U595RIT6, STM32U595RIT6Q, STM32U595RJT6, STM32U595RJT6Q, STM32U595VIT6, STM32U595VIT6Q, STM32U595VJT6, STM32U595VJT6Q, STM32U595ZIT6, STM32U595ZIT6Q, STM32U595ZIY6QTR, STM32U595ZJT6, STM32U595ZJT6Q, STM32U595ZJY6QTR, STM32U599BJY6QTR, STM32U599NIH6Q, STM32U599NJH6Q, STM32U599VIT6Q, STM32U599VJT6, STM32U599VJT6Q, STM32U599ZIT6Q, STM32U599ZIY6QTR, STM32U599ZJT6Q, STM32U599ZJY6QTR, STM32U5A5AJH6, STM32U5A5AJH6Q, STM32U5A5QII3Q , STM32U5A5QJI6, STM32U5A5QJI6Q, STM32U5A5RJT6, STM32U5A5RJT6Q, STM32U5A5VJT6, STM32U5A5VJT6Q, STM32U5A5ZJT6, STM32U5A5ZJT6Q, STM32U5A5ZJY6QTR, STM32U5A9BJY6QTR, STM32U5A9J-DK, STM32U5A9NJH6Q, STM32U5A9VJT6Q, STM32U5A9ZJT6Q, STM32U5A9ZJY6QTR, STM32U5F7VIT6, STM32U5F7VIT6Q, STM32U5F7VJT6, STM32U5F7VJT6Q, STM32U5F9BJY6QTR, STM32U5F9NJH6Q, STM32U5F9VIT6Q, STM32U5F9VJT6Q, STM32U5F9ZIJ6QTR, STM32U5F9ZIT6Q, STM32U5F9ZJJ6QTR, STM32U5F9ZJT6Q, STM32U5G7VJT6, STM32U5G7VJT6Q, STM32U5G9BJY6QTR, STM32U5G9J-DK1, STM32U5G9J-DK2, STM32U5G9NJH6Q, STM32U5G9VJT6Q, STM32U5G9ZJJ6QTR, STM32U5G9ZJT6Q, STM32WB05KZV6TR, STM32WB05KZV7TR, STM32WB05TZF6TR, STM32WB05TZF7TR, STM32WB06CCF6TR, STM32WB06CCF7TR, STM32WB06CCV6TR, STM32WB06CCV7TR, STM32WB06KCV6TR, STM32WB06KCV7TR, STM32WB07CCF6TR, STM32WB07CCF7TR, STM32WB07CCV6TR, STM32WB07CCV7TR, STM32WB07KCV6TR, STM32WB07KCV7TR, STM32WB09KEV6TR, STM32WB09KEV7TR, STM32WB09TEF6TR, STM32WB09TEF7TR, STM32WB1MMCH6, STM32WBA50KGU6, STM32WBA50KGU6TR, STM32WBA52CEU6, STM32WBA52CEU6TR, STM32WBA52CEU7, STM32WBA52CEU7TR, STM32WBA52CGU6, STM32WBA52CGU6TR, STM32WBA52CGU6U, STM32WBA52CGU7, STM32WBA52CGU7TR, STM32WBA52KEU6, STM32WBA52KEU6TR, STM32WBA52KGU6, STM32WBA52KGU6TR, STM32WBA54CEU6, STM32WBA54CEU6TR, STM32WBA54CEU7, STM32WBA54CEU7TR, STM32WBA54CGU6, STM32WBA54CGU6TR, STM32WBA54CGU7, STM32WBA54CGU7TR, STM32WBA54KEU6, STM32WBA54KEU6TR, STM32WBA54KEU7, STM32WBA54KEU7TR, STM32WBA54KGU6, STM32WBA54KGU6TR, STM32WBA54KGU7, STM32WBA54KGU7TR, STM32WBA55CEU6, STM32WBA55CEU6TR, STM32WBA55CEU7, STM32WBA55CEU7TR, STM32WBA55CGU6, STM32WBA55CGU6TR, STM32WBA55CGU6U, STM32WBA55CGU7, STM32WBA55CGU7TR, STM32WBA55G-DK1, STM32WBA55HEF6, STM32WBA55HEF7, STM32WBA55HGF6, STM32WBA55HGF7, STM32WBA55UEI6, STM32WBA55UEI6TR, STM32WBA55UEI7, STM32WBA55UEI7TR, STM32WBA55UGI6, STM32WBA55UGI6TR, STM32WBA55UGI7, STM32WBA55UGI7TR, STM32WBA5MMGH6TR, STM32WBA62MGF6, STM32WBA62MIF6, STM32WBA65MGF7, STM32WBA65MIF6, STM32WBA65MIF7, STM32WL30K8V6, STM32WL30KBV6, STM32WL31C8V6, STM32WL31CBV6, STM32WL31K8V6, STM32WL31KBV6, STM32WL33C8V6, STM32WL33C8V6X, STM32WL33CBV6, STM32WL33CBV6X, STM32WL33CCV6, STM32WL33CCV6A, STM32WL33CCV6X, STM32WL33K8V7, STM32WL33K8V7X, STM32WL33KBV7 , STM32WL33KBV7X, STM32WL33KCV7, STM32WL33KCV7X, STM32WL5MOCH6, STM32WL5MOCH6TR]
2025-11-29 00:04:09,764 [INFO] DbMcus:218 - Found 4876 MCUs, 4876 are supported
2025-11-29 00:04:09,765 [INFO] ApiDb:423 - Load user favorites file /home/lucasnascimento/.stm32cubeide/favorites.mcus.txt: 0 item(s)
2025-11-29 00:04:09,765 [INFO] ApiDb:427 - User favorites MCUs=[]
2025-11-29 00:04:09,765 [INFO] DbMcus:224 - Set 0 / 0 favorites MCUs
2025-11-29 00:04:09,929 [INFO] ApiDb:668 - CubeFinder database Data Model version=2.1
2025-11-29 00:04:09,929 [INFO] ApiDb:669 - CubeFinder database Configuration version=3.0.39
2025-11-29 00:04:09,929 [INFO] ApiDb:670 - CubeFinder database generation date=2025-11-05 (1762334721)
2025-11-29 00:04:09,929 [INFO] ApiDb:671 - CubeFinder database FW Pack versions=[FP-ATR-ASTRA1_V2.0.0, FP-SNS-FLIGHT1_V5.1.0, FP-SNS-MOTENV1_V5.1.0, FP-SNS-MOTENVWB1_V1.4.0, FP-SNS-SMARTAG2_V1.2.0, FP-SNS-STBOX1_V2.1.0, STM32Cube_FW_C0_V1.4.0, STM32Cube_FW_F4_V1.28.3, STM32Cube_FW_F7_V1.17.4, STM32Cube_FW_G0_V1.6.2, STM32Cube_FW_G4_V1.6.1, STM32Cube_FW_H5_V1.5.1, STM32Cube_FW_H7RS_V1.3.0, STM32Cube_FW_H7_V1.12.1, STM32Cube_FW_L0_V1.12.2, STM32Cube_FW_L4_V1.18.1, STM32Cube_FW_L5_V1.6.0, STM32Cube_FW_N6_V1.3.0, STM32Cube_FW_U0_V1.3.0, STM32Cube_FW_U3_V1.2.1, STM32Cube_FW_U5_V1.8.0, STM32Cube_FW_WB0_V1.4.0, STM32Cube_FW_WBA_V1.8.0, STM32Cube_FW_WB_V1.24.0, STM32Cube_FW_WL3_V1.3.0, STM32Cube_FW_WL_V1.4.0, X-CUBE-ALGOBUILD_V1.4.0, X-CUBE-ALS_V1.0.2, X-CUBE-AZRTOS-F4_V1.1.0, X-CUBE-AZRTOS-F7_V1.1.0, X-CUBE-AZRTOS-G0_V1.1.0, X-CUBE-AZRTOS-G4_V2.0.0, X-CUBE-AZRTOS-H7RS_V1.1.0, X-CUBE-AZRTOS-H7_V3.4.0, X-CUBE-AZRTOS-L4_V2.0.0, X-CUBE-AZRTOS-L5_V2.0.0, X-CUBE-AZRTOS-WB_V2.0.0, X-CUBE-AZRTOS-WL_V2.0.0, X-CUBE-BLE1_V7.1.0, X-CUBE-BLE2_V3.3.0, X-CUBE-BLEMGR_V4.1.0, X-CUBE-EEPRMA1_V5.2.0, X-CUBE-FREERTOS_V1.3.1, X-CUBE-GNSS1_V6.0.0, X-CUBE-MEMS1_V11.3.0, X-CUBE-NFC4_V3.0.0, X-CUBE-NFC7_V2.0.0, X-CUBE-SFXS2LP1_V4.0.0, X-CUBE-ST67W61_V1.1.0, X-CUBE-SUBG2_V5.0.0, X-CUBE-TOF1_V3.4.3]
2025-11-29 00:04:09,948 [INFO] DbBoardsSqlite:226 - include board P-NUCLEO-WB55-NUCLEO as a kit item of type 'Nucleo-64'
2025-11-29 00:04:09,949 [INFO] DbBoardsSqlite:226 - include board P-NUCLEO-WB55-USBDONGLE as a kit item of type 'Nucleo USB Dongle'
2025-11-29 00:04:09,949 [INFO] DbBoardsSqlite:226 - include board STEVAL-IDP005V1 as a kit item of type 'Evaluation Board'
2025-11-29 00:04:09,950 [INFO] DbBoardsSqlite:226 - include board STEVAL-IDP005V2 as a kit item of type 'Evaluation Board'
2025-11-29 00:04:09,967 [INFO] ApiDb:240 - Found 880 in-development CPN: [B-G473E-ZEST1S, B-WB1M-WPAN1, B-WBA5M-WPAN, B-WL5M-SUBG1, NUCLEO-C031C6, NUCLEO-C051C8, NUCLEO-C071RB, NUCLEO-C092RC, NUCLEO-H503RB, NUCLEO-H533RE, NUCLEO-H563ZI, NUCLEO-H7S3L8, NUCLEO-N657X0-Q, NUCLEO-U031R8, NUCLEO-U083RC, NUCLEO-U385RG-Q, NUCLEO-U545RE-Q, NUCLEO-U5A5ZJ-Q, NUCLEO-WB05KZ, NUCLEO-WB07CC, NUCLEO-WB09KE, NUCLEO-WBA52CG, NUCLEO-WBA55CG, NUCLEO-WL33CC1, NUCLEO-WL33CC2, STEVAL-PROTEUS1, STEVAL-SMARTAG2, STEVAL-STWINBX1, STM320518-EVAL, STM32C0116-DK, STM32C011D6Y3TR, STM32C011D6Y6TR, STM32C011F4P3, STM32C011F4P6, STM32C011F4U3, STM32C011F4U6TR, STM32C011F6P3, STM32C011F6P6, STM32C011F6U3, STM32C011F6U6TR, STM32C011J4M3, STM32C011J4M6, STM32C011J6M3, STM32C011J6M6, STM32C0316-DK, STM32C031C4T3, STM32C031C4T6, STM32C031C4U3, STM32C031C4U6, STM32C031C6T3, STM32C031C6T6, STM32C031C6U3, STM32C031C6U6, STM32C031F4P3, STM32C031F4P6, STM32C031F6P3, STM32C031F6P6, STM32C031G4U3, STM32C031G4U6, STM32C031G6U3, STM32C031G6U6, STM32C031K4T3, STM32C031K4T6, STM32C031K4U3, STM32C031K4U6, STM32C031K6T3, STM32C031K6T6, STM32C031K6U3, STM32C031K6U6, STM32C051C6T6, STM32C051C6U6, STM32C051C8T6, STM32C051C8U6, STM32C051D8Y6TR, STM32C051F6P6, STM32C051F8P6, STM32C051G6U6, STM32C051G8U6, STM32C051K6T6, STM32C051K6U6, STM32C051K8T6, STM32C071C8T6, STM32C071C8T6N, STM32C071C8U6, STM32C071C8U6N, STM32C071CBT6, STM32C071CBT6N, STM32C071CBU6, STM32C071CBU6N, STM32C071F8P6, STM32C071F8P6N, STM32C071FBP6, STM32C071FBP6N, STM32C071FBY6TR, STM32C071G8U6, STM32C071G8U6N, STM32C071GBU6, STM32C071GBU6N, STM32C071K8T6, STM32C071K8T6N, STM32C071K8U6, STM32C071K8U6N, STM32C071KBT6, STM32C071KBT6N, STM32C071KBU6, STM32C071KBU6N, STM32C071R8T6, STM32C071R8T6N, STM32C071RBI6N, STM32C071RBT6, STM32C071RBT6N, STM32C091CBT6, STM32C091CBU6, STM32C091CCT6, STM32C091CCU6, STM32C091ECY6TR, STM32C091FBP6, STM32C091FCP6, STM32C091GBU6, STM32C091GCU6, STM32C091KBT6, STM32C091KBU6, STM32C091KCT6, STM32C091KCU6, STM32C091RBT6, STM32C091RCI6, STM32C091RCT6, STM32C092CBT6, STM32C092CBU6, STM32C092CCT6, STM32C092CCU6, STM32C092ECY6TR, STM32C092FBP6, STM32C092FCP6, STM32C092GBU6, STM32C092GCU6, STM32C092KBT6, STM32C092KBU6, STM32C092KCT6, STM32C092KCU6, STM32C092RBT6, STM32C092RCI6, STM32C092RCT6, STM32G071K8TXN, STM32G071K8UXN, STM32G081GBU6N, STM32G081KBT6N, STM32G081KBUXN, STM32G0B1CCT6N, STM32G0B1KCT6, STM32G0B1NEY6TR, STM32G0B1RCT6N, STM32G0C1CCT6, STM32G0C1CCT6N, STM32G0C1CCU6N, STM32G0C1CET6N, STM32G0C1CEU6N, STM32G0C1KCT6, STM32G0C1NEY6TR, STM32G0C1RCI6N, STM32G0C1RCT6N, STM32G0C1REI6N, STM32G0C1RET6N, STM32G0C1VCI6, STM32G0C1VEI6, STM32G411C6T3, STM32G411C6T6, STM32G411C6U3, STM32G411C6U6, STM32G411C8T3, STM32G411C8T6, STM32G411C8U3, STM32G411C8U6, STM32G411CBT3, STM32G411CBT6, STM32G411CBU3, STM32G411CBU6, STM32G411K6T3, STM32G411K6T6, STM32G411K6U3, STM32G411K6U6, STM32G411K8T3, STM32G411K8T6, STM32G411K8U3, STM32G411K8U6, STM32G411KBT3, STM32G411KBT6, STM32G411KBU3, STM32G411KBU6, STM32G411M6T3, STM32G411M6T6, STM32G411M8T3, STM32G411M8T6, STM32G411MBT3, STM32G411MBT6, STM32G411R6T3, STM32G411R6T6, STM32G411R8T3, STM32G411R8T6, STM32G411RBT3, STM32G411RBT6, STM32G414CBT3, STM32G414CBT6, STM32G414CBU3, STM32G414CBU6, STM32G414CCT3, STM32G414CCT6, STM32G414CCU3, STM32G414CCU6, STM32G414MBT3, STM32G414MBT6, STM32G414MCT3, STM32G414MCT6, STM32G414RBT3, STM32G414RBT6, STM32G414RCT3, STM32G414RCT6, STM32G414VBT3, STM32G414VBT6, STM32G414VCT3, STM32G414VCT6, STM32G431CBT3Z, STM32G431RBT3Z, STM32G471CCT6, STM32G471CCU6, STM32G471CET3, STM32G471CET6, STM32G471CEU3, STM32G471CEU6, STM32G471MCT6, STM32G471MET3, STM32G471MET6, STM32G471MEY6TR, STM32G471QCT6, STM32G471QET3, STM32G471RCT6, STM32G471RET3, STM32G471RET6, STM32G471VCH6, STM32G471VCI6, STM32G471VCT6, STM32G471VEH3, STM32G471VEH6, STM32G471VEI3, STM32G471VEI6, STM32G471VET3, STM32G471VET6, STM32G473QET3Z, STM32G473RET3Z, STM32G474CCT6, STM32G491RET3Z, STM32H503CBT6, STM32H503CBU6, STM32H503EBY6TR, STM32H503KBU6, STM32H503RBT6, STM32H523CCT6, STM32H523CCU6, STM32H523CET6, STM32H523CEU6, STM32H523HEY6TR, STM32H523RCT6, STM32H523RET6, STM32H523VCI6, STM32H523VCT6, STM32H523VEI6, STM32H523VET6, STM32H523ZCJ6, STM32H523ZCT6, STM32H523ZEJ6, STM32H523ZET6, STM32H533CET6, STM32H533CEU6, STM32H533HEY6TR, STM32H533RET6, STM32H533VEI6, STM32H533VET6, STM32H533ZEJ6, STM32H533ZET6, STM32H562AGI6, STM32H562AII6, STM32H562IGK6, STM32H562IGT6, STM32H562IIK6, STM32H562IIT6, STM32H562RGT6, STM32H562RGV6, STM32H562RIT6, STM32H562RIV6, STM32H562VGT6, STM32H562VIT6, STM32H562ZGT6, STM32H562ZIT6, STM32H563AGI6, STM32H563AII3Q, STM32H563AII6, STM32H563IGK6, STM32H563IGT6, STM32H563IIK3Q, STM32H563IIK6, STM32H563IIT3Q, STM32H563IIT6, STM32H563MIY3QTR, STM32H563RGT6, STM32H563RGV6, STM32H563RIT6, STM32H563RIV6, STM32H563VGT6, STM32H563VIT3Q, STM32H563VIT6, STM32H563ZGT6, STM32H563ZIT3Q, STM32H563ZIT6, STM32H573AII3Q, STM32H573AII6, STM32H573I-DK, STM32H573IIK3Q, STM32H573IIK6, STM32H573IIT3Q, STM32H573IIT6, STM32H573MIY3QTR, STM32H573RIT6, STM32H573RIV6, STM32H573VIT3Q, STM32H573VIT6, STM32H573ZIT3Q, STM32H573ZIT6, STM32H7R3A8I6, STM32H7R3I8K6, STM32H7R3I8T6, STM32H7R3L8H6, STM32H7R3L8H6H, STM32H7R3R8V6, STM32H7R3V8H6, STM32H7R3V8T6, STM32H7R3V8Y6TR, STM32H7R3Z8J6, STM32H7R3Z8T6, STM32H7R7A8I6, STM32H7R7I8K6, STM32H7R7I8T6, STM32H7R7L8H6, STM32H7R7L8H6H, STM32H7R7Z8J6, STM32H7S3A8I6, STM32H7S3I8K6, STM32H7S3I8T6, STM32H7S3L8H6, STM32H7S3L8H6H, STM32H7S3R8V6, STM32H7S3V8H6, STM32H7S3V8T6, STM32H7S3V8Y6TR, STM32H7S3Z8J6, STM32H7S3Z8T6, STM32H7S78-DK, STM32H7S7A8I6, STM32H7S7I8K6, STM32H7S7I8T6, STM32H7S7L8H6, STM32H7S7L8H6H, STM32H7S7Z8J6, STM32L4R5QGI6STR, STM32MP131AAE3, STM32MP131AAF3, STM32MP131AAG3, STM32MP131CAE3, STM32MP131CAF3, STM32MP131CAG3, STM32MP131DAE7, STM32MP131DAF7, STM32MP131DAG7, STM32MP131FAE7, STM32MP131FAF7, STM32MP131FAG7, STM32MP133AAE3, STM32MP133AAF3, STM32MP133AAG3, STM32MP133CAE3, STM32MP133CAF3, STM32MP133CAG3, STM32MP133DAE7, STM32MP133DAF7, STM32MP133DAG7, STM32MP133FAE7, STM32MP133FAF7, STM32MP133FAG7, STM32MP135AAE3, STM32MP135AAF3, STM32MP135AAG3, STM32MP135CAE3, STM32MP135CAF3, STM32MP135CAG3, STM32MP135DAE7, STM32MP135DAF7, STM32MP135DAG7, STM32MP135F-DK, STM32MP135FAE7, STM32MP135FAF7, STM32MP135FAF7T, STM32MP135FAF7U, STM32MP135FAG7, STM32MP211AAL3, STM32MP211AAM3, STM32MP211AAN3, STM32MP211AAO3, STM32MP211CAL3, STM32MP211CAM3, STM32MP211CAN3, STM32MP211CAO3, STM32MP211DAL3, STM32MP211DAM3, STM32MP211DAN3, STM32MP211DAO3, STM32MP211FAL3, STM32MP211FAM3, STM32MP211FAN3, STM32MP211FAO3, STM32MP213AAL3, STM32MP213AAM3, STM32MP213AAN3, STM32MP213AAO3, STM32MP213CAL3, STM32MP213CAM3, STM32MP213CAN3, STM32MP213CAO3, STM32MP213DAL3, STM32MP213DAM3, STM32MP213DAN3, STM32MP213DAO3, STM32MP213FAL3, STM32MP213FAM3, STM32MP213FAN3, STM32MP213FAO3, STM32MP215AAL3, STM32MP215AAM3, STM32MP215AAN3, STM32MP215AAO3, STM32MP215CAL3, STM32MP215CAM3, STM32MP215CAN3, STM32MP215CAO3, STM32MP215DAL3, STM32MP215DAM3, STM32MP215DAN3, STM32MP215DAO3, STM32MP215F-DK, STM32MP215FAL3, STM32MP215FAM3, STM32MP215FAN3, STM32MP215FAO3, STM32MP231AAJ3, STM32MP231AAK3, STM32MP231AAL3, STM32MP231CAJ3, STM32MP231CAK3, STM32MP231CAL3, STM32MP231DAJ3, STM32MP231DAK3, STM32MP231DAL3, STM32MP231FAJ3, STM32MP231FAK3, STM32MP231FAL3, STM32MP233AAJ3, STM32MP233AAK3, STM32MP233AAL3, STM32MP233CAJ3, STM32MP233CAK3, STM32MP233CAL3, STM32MP233DAJ3, STM32MP233DAK3, STM32MP233DAL3, STM32MP233FAJ3, STM32MP233FAK3, STM32MP233FAL3, STM32MP235AAJ3, STM32MP235AAK3, STM32MP235AAL3, STM32MP235CAJ3, STM32MP235CAK3, STM32MP235CAL3, STM32MP235DAJ3, STM32MP235DAK3, STM32MP235DAL3, STM32MP235FAJ3, STM32MP235FAK3, STM32MP235FAL3, STM32MP251AAI3, STM32MP251AAK3, STM32MP251AAL3, STM32MP251CAI3, STM32MP251CAK3, STM32MP251CAL3, STM32MP251DAI3, STM32MP251DAK3, STM32MP251DAL3, STM32MP251FAI3, STM32MP251FAK3, STM32MP251FAL3, STM32MP253AAI3, STM32MP253AAK3, STM32MP253AAL3, STM32MP253CAI3, STM32MP253CAK3, STM32MP253CAL3, STM32MP253DAI3, STM32MP253DAK3, STM32MP253DAL3, STM32MP253FAI3, STM32MP253FAK3, STM32MP253FAL3, STM32MP255AAI3, STM32MP255AAK3, STM32MP255AAL3, STM32MP255CAI3, STM32MP255CAK3, STM32MP255CAL3, STM32MP255DAI3, STM32MP255DAK3, STM32MP255DAL3, STM32MP255FAI3, STM32MP255FAK3, STM32MP255FAL3, STM32MP257AAI3, STM32MP257AAK3, STM32MP257AAL3, STM32MP257CAI3, STM32MP257CAK3, STM32MP257CAL3, STM32MP257DAI3, STM32MP257DAK3, STM32MP257DAL3, STM32MP257F-DK, STM32MP257F-EV1, STM32MP257FAI3, STM32MP257FAK3, STM32MP257FAL3, STM32N645A0H3Q, STM32N645B0H3Q, STM32N645I0H3Q, STM32N645L0H3Q, STM32N645X0H3Q, STM32N645Z0H3Q, STM32N647A0H3Q, STM32N647B0H3Q, STM32N647I0H3Q, STM32N647L0H3Q, STM32N647X0H3Q, STM32N647Z0H3Q, STM32N655A0H3Q, STM32N655B0H3Q, STM32N655I0H3Q, STM32N655L0H3Q, STM32N655X0H3Q, STM32N655Z0H3Q, STM32N6570-DK, STM32N657A0H3Q, STM32N657B0H3Q, STM32N657I0H3Q, STM32N657L0H3Q, STM32N657X0H3Q, STM32N657Z0H3Q, STM32U031C6T6, STM32U031C6U6, STM32U031C8T6, STM32U031C8U6, STM32U031F4P6, STM32U031F6P6, STM32U031F8P6, STM32U031G6Y6TR, STM32U031G8Y6TR, STM32U031K4U6, STM32U031K6U6, STM32U031K8U6, STM32U031R6I6, STM32U031R6T6, STM32U031R8I6, STM32U031R8T6, STM32U073C8T6, STM32U073C8U6, STM32U073CBT6, STM32U073CBU6, STM32U073CCT6, STM32U073CCU6, STM32U073H8Y6TR, STM32U073HBY6TR, STM32U073HCY6TR, STM32U073K8U6, STM32U073KBU6, STM32U073KCU6, STM32U073M8I6, STM32U073M8T6, STM32U073MBI6, STM32U073MBT6, STM32U073MCI6, STM32U073MCT6, STM32U073R8I6, STM32U073R8T6, STM32U073RBI6, STM32U073RBT6, STM32U073RCI6, STM32U073RCT6, STM32U083C-DK, STM32U083CCT6, STM32U083CCU6, STM32U083HCY6TR, STM32U083KCU6, STM32U083MCI6, STM32U083MCT6, STM32U083RCI6, STM32U083RCT6, STM32U375CET6, STM32U375CET6Q, STM32U375CEU6, STM32U375CEU6Q, STM32U375CEY6QTR, STM32U375CGT6, STM32U375CGT6Q, STM32U375CGU6, STM32U375CGU6Q, STM32U375CGY6QTR, STM32U375KEU6, STM32U375KGU6, STM32U375REI6, STM32U375REI6Q, STM32U375RET6, STM32U375RET6Q, STM32U375REY6GTR, STM32U375REY6QTR, STM32U375RGI6, STM32U375RGI6Q, STM32U375RGT6, STM32U375RGT6Q, STM32U375RGY6GTR, STM32U375RGY6QTR, STM32U375VEI6, STM32U375VEI6Q, STM32U375VET6, STM32U375VET6Q, STM32U375VGI6, STM32U375VGI6Q, STM32U375VGT6, STM32U375VGT6Q, STM32U385CGT6, STM32U385CGT6Q, STM32U385CGU6, STM32U385CGU6Q, STM32U385CGY6QTR, STM32U385KGU6, STM32U385RGI6, STM32U385RGI6Q, STM32U385RGT6, STM32U385RGT6Q, STM32U385RGY6GTR, STM32U385RGY6QTR, STM32U385VGI6, STM32U385VGI6Q, STM32U385VGT6, STM32U385VGT6Q, STM32U535CBT6, STM32U535CBT6Q, STM32U535CBU6, STM32U535CBU6Q, STM32U535CCT6, STM32U535CCT6Q, STM32U535CCU6, STM32U535CCU6Q, STM32U535CET6, STM32U535CET6Q, STM32U535CEU6, STM32U535CEU6Q, STM32U535JEY6QTR, STM32U535NCY6QTR, STM32U535NEY6QTR, STM32U535RBI6, STM32U535RBI6Q, STM32U535RBT6, STM32U535RBT6Q, STM32U535RCI6, STM32U535RCI6Q, STM32U535RCT6, STM32U535RCT6Q, STM32U535REI6, STM32U535REI6Q, STM32U535RET6, STM32U535RET6Q, STM32U535VCI6, STM32U535VCI6Q, STM32U535VCT6, STM32U535VCT6Q, STM32U535VEI6, STM32U535VEI6Q, STM32U535VET6, STM32U535VET6Q, STM32U545CET6, STM32U545CET6Q, STM32U545CEU6, STM32U545CEU6Q, STM32U545JEY6QTR, STM32U545NEY6QTR, STM32U545REI6, STM32U545REI6Q, STM32U545RET6, STM32U545RET6Q, STM32U545VEI6, STM32U545VEI6Q, STM32U545VET6, STM32U545VET6Q, STM32U595AIH6, STM32U595AIH6Q, STM32U595AJH6, STM32U595AJH6Q, STM32U595QII6, STM32U595QII6Q, STM32U595QJI6, STM32U595QJI6Q, STM32U595RIT6, STM32U595RIT6Q, STM32U595RJT6, STM32U595RJT6Q, STM32U595VIT6, STM32U595VIT6Q, STM32U595VJT6, STM32U595VJT6Q, STM32U595ZIT6, STM32U595ZIT6Q, STM32U595ZIY6QTR, STM32U595ZJT6, STM32U595ZJT6Q, STM32U595ZJY6QTR, STM32U599BJY6QTR, STM32U599NIH6Q, STM32U599NJH6Q, STM32U599VIT6Q, STM32U599VJT6, STM32U599VJT6Q, STM32U599ZIT6Q, STM32U599ZIY6QTR, STM32U599ZJT6Q, STM32U599ZJY6QTR, STM32U5A5AJH6, STM32U5A5AJH6Q, STM32U5A5QII3Q , STM32U5A5QJI6, STM32U5A5QJI6Q, STM32U5A5RJT6, STM32U5A5RJT6Q, STM32U5A5VJT6, STM32U5A5VJT6Q, STM32U5A5ZJT6, STM32U5A5ZJT6Q, STM32U5A5ZJY6QTR, STM32U5A9BJY6QTR, STM32U5A9J-DK, STM32U5A9NJH6Q, STM32U5A9VJT6Q, STM32U5A9ZJT6Q, STM32U5A9ZJY6QTR, STM32U5F7VIT6, STM32U5F7VIT6Q, STM32U5F7VJT6, STM32U5F7VJT6Q, STM32U5F9BJY6QTR, STM32U5F9NJH6Q, STM32U5F9VIT6Q, STM32U5F9VJT6Q, STM32U5F9ZIJ6QTR, STM32U5F9ZIT6Q, STM32U5F9ZJJ6QTR, STM32U5F9ZJT6Q, STM32U5G7VJT6, STM32U5G7VJT6Q, STM32U5G9BJY6QTR, STM32U5G9J-DK1, STM32U5G9J-DK2, STM32U5G9NJH6Q, STM32U5G9VJT6Q, STM32U5G9ZJJ6QTR, STM32U5G9ZJT6Q, STM32WB05KZV6TR, STM32WB05KZV7TR, STM32WB05TZF6TR, STM32WB05TZF7TR, STM32WB06CCF6TR, STM32WB06CCF7TR, STM32WB06CCV6TR, STM32WB06CCV7TR, STM32WB06KCV6TR, STM32WB06KCV7TR, STM32WB07CCF6TR, STM32WB07CCF7TR, STM32WB07CCV6TR, STM32WB07CCV7TR, STM32WB07KCV6TR, STM32WB07KCV7TR, STM32WB09KEV6TR, STM32WB09KEV7TR, STM32WB09TEF6TR, STM32WB09TEF7TR, STM32WB1MMCH6, STM32WBA50KGU6, STM32WBA50KGU6TR, STM32WBA52CEU6, STM32WBA52CEU6TR, STM32WBA52CEU7, STM32WBA52CEU7TR, STM32WBA52CGU6, STM32WBA52CGU6TR, STM32WBA52CGU6U, STM32WBA52CGU7, STM32WBA52CGU7TR, STM32WBA52KEU6, STM32WBA52KEU6TR, STM32WBA52KGU6, STM32WBA52KGU6TR, STM32WBA54CEU6, STM32WBA54CEU6TR, STM32WBA54CEU7, STM32WBA54CEU7TR, STM32WBA54CGU6, STM32WBA54CGU6TR, STM32WBA54CGU7, STM32WBA54CGU7TR, STM32WBA54KEU6, STM32WBA54KEU6TR, STM32WBA54KEU7, STM32WBA54KEU7TR, STM32WBA54KGU6, STM32WBA54KGU6TR, STM32WBA54KGU7, STM32WBA54KGU7TR, STM32WBA55CEU6, STM32WBA55CEU6TR, STM32WBA55CEU7, STM32WBA55CEU7TR, STM32WBA55CGU6, STM32WBA55CGU6TR, STM32WBA55CGU6U, STM32WBA55CGU7, STM32WBA55CGU7TR, STM32WBA55G-DK1, STM32WBA55HEF6, STM32WBA55HEF7, STM32WBA55HGF6, STM32WBA55HGF7, STM32WBA55UEI6, STM32WBA55UEI6TR, STM32WBA55UEI7, STM32WBA55UEI7TR, STM32WBA55UGI6, STM32WBA55UGI6TR, STM32WBA55UGI7, STM32WBA55UGI7TR, STM32WBA5MMGH6TR, STM32WBA62MGF6, STM32WBA62MIF6, STM32WBA65MGF7, STM32WBA65MIF6, STM32WBA65MIF7, STM32WL30K8V6, STM32WL30KBV6, STM32WL31C8V6, STM32WL31CBV6, STM32WL31K8V6, STM32WL31KBV6, STM32WL33C8V6, STM32WL33C8V6X, STM32WL33CBV6, STM32WL33CBV6X, STM32WL33CCV6, STM32WL33CCV6A, STM32WL33CCV6X, STM32WL33K8V7, STM32WL33K8V7X, STM32WL33KBV7 , STM32WL33KBV7X, STM32WL33KCV7, STM32WL33KCV7X, STM32WL5MOCH6, STM32WL5MOCH6TR]
2025-11-29 00:04:10,021 [INFO] BoardInfo:889 - No configuration file found for board P-NUCLEO-WB55
2025-11-29 00:04:10,021 [INFO] DbBoards:161 - Kit is not supported: P-NUCLEO-WB55
2025-11-29 00:04:10,023 [INFO] BoardInfo:889 - No configuration file found for board STEVAL-BFA001V1B
2025-11-29 00:04:10,023 [INFO] DbBoards:161 - Kit is not supported: STEVAL-BFA001V1B
2025-11-29 00:04:10,023 [INFO] BoardInfo:889 - No configuration file found for board STEVAL-BFA001V2B
2025-11-29 00:04:10,023 [INFO] DbBoards:161 - Kit is not supported: STEVAL-BFA001V2B
2025-11-29 00:04:10,089 [INFO] DbBoards:168 - Found 212 boards, 209 are supported
2025-11-29 00:04:10,089 [INFO] DbBoards:169 - Found 212 boards, 43 of them is supported for  Bsp
2025-11-29 00:04:10,091 [INFO] ApiDb:423 - Load user favorites file /home/lucasnascimento/.stm32cubeide/favorites.boards.txt: 0 item(s)
2025-11-29 00:04:10,091 [INFO] ApiDb:427 - User favorites Boards=[]
2025-11-29 00:04:10,091 [INFO] DbBoards:198 - Set 0 / 0 favorites Boards
2025-11-29 00:04:10,091 [INFO] McuFinderGlobals:76 - Set McuFinderConnectedMode to true
2025-11-29 00:04:10,096 [INFO] MultiScanPanel:200 - Auto-refresh data requested => check proxy status ongoing
2025-11-29 00:04:10,097 [INFO] FinderPluginLoader:96 - Searching for filters in installed packs
2025-11-29 00:04:10,592 [INFO] LoadUrlFilesThread:185 - End of LoadServerUrlFiles without Thread
2025-11-29 00:04:10,601 [INFO] DetailPanel:341 - Set advertising image to /home/lucasnascimento/STM32Cube/Repository//en.mcu-finder-preevent.jpg
2025-11-29 00:04:26,220 [INFO] MainUpdater:2872 - connection check result : 10
2025-11-29 00:04:26,222 [INFO] MainUpdater:2872 - connection check result : 10
2025-11-29 00:04:26,235 [INFO] MicroXplorer:468 - Change Database Path : 
2025-11-29 00:04:26,235 [INFO] MicroXplorer:498 - Change Database Version : DB.6.0.150
2025-11-29 00:04:26,238 [WARN] ThirdParty:871 - waiting for thirdparty lock release [close project]
2025-11-29 00:04:26,238 [INFO] ThirdParty:873 - entering critical section [close project]
2025-11-29 00:04:26,239 [INFO] ThirdParty:883 - exiting critical section [close project]
2025-11-29 00:04:26,240 [INFO] PinOutPanel:1589 - setPackage(No Configuration,No Configuration)
2025-11-29 00:04:26,241 [INFO] UtilMem:75 - Begin LoadConfig() Used Memory: 356387968 Bytes (580911104)
2025-11-29 00:04:26,242 [INFO] MicroXplorer:468 - Change Database Path : 
2025-11-29 00:04:26,242 [INFO] MicroXplorer:498 - Change Database Version : DB.6.0.150
2025-11-29 00:04:26,243 [INFO] OpenFileManager:355 - Change cursor
2025-11-29 00:04:26,271 [INFO] Mcu:2029 - Initializing MCU STM32H563VGTx STM32H563VGTx STM32H563VGT6
2025-11-29 00:04:27,082 [WARN] Context:803 - Trying to add IP SBS in context CortexM33 not assigned to a contextSplit
2025-11-29 00:04:28,134 [WARN] Context:803 - Trying to add IP BOOTPATH in context CortexM33 not assigned to a contextSplit
2025-11-29 00:04:28,150 [INFO] Context:786 - Trying to add GPIOservice into a context  which must be forbidden
2025-11-29 00:04:28,150 [INFO] Context:786 - Trying to add GPIOservice into a context  which must be forbidden
2025-11-29 00:04:28,150 [INFO] Context:786 - Trying to add GPIOservice into a context  which must be forbidden
2025-11-29 00:04:28,150 [WARN] Context:803 - Trying to add IP GPIO in context CortexM33 not assigned to a contextSplit
2025-11-29 00:04:29,132 [INFO] ImportTextPane:234 - (OptionalMessage_ERROR) Pin8 (VP_RIF_VS_RIF1) cannot be retrieved for this MCU
2025-11-29 00:04:29,241 [WARN] ModelIntegratedComponent:63 - No mode defined for component null
2025-11-29 00:04:29,241 [WARN] ModelIntegratedComponent:63 - No mode defined for component null
2025-11-29 00:04:29,242 [WARN] ModelIntegratedComponent:63 - No mode defined for component null
2025-11-29 00:04:29,242 [WARN] ModelIntegratedComponent:63 - No mode defined for component null
2025-11-29 00:04:29,242 [WARN] ModelIntegratedComponent:63 - No mode defined for component null
2025-11-29 00:04:29,242 [WARN] ModelIntegratedComponent:63 - No mode defined for component null
2025-11-29 00:04:29,242 [WARN] ModelIntegratedComponent:63 - No mode defined for component null
2025-11-29 00:04:29,242 [WARN] ModelIntegratedComponent:63 - No mode defined for component null
2025-11-29 00:04:29,242 [WARN] ModelIntegratedComponent:63 - No mode defined for component null
2025-11-29 00:04:29,242 [WARN] ModelIntegratedComponent:63 - No mode defined for component null
2025-11-29 00:04:29,242 [WARN] ModelIntegratedComponent:63 - No mode defined for component null
2025-11-29 00:04:29,242 [WARN] ModelIntegratedComponent:63 - No mode defined for component null
2025-11-29 00:04:29,242 [WARN] ModelIntegratedComponent:63 - No mode defined for component null
2025-11-29 00:04:29,242 [WARN] ModelIntegratedComponent:63 - No mode defined for component null
2025-11-29 00:04:29,242 [WARN] ModelIntegratedComponent:63 - No mode defined for component null
2025-11-29 00:04:29,242 [WARN] ModelIntegratedComponent:63 - No mode defined for component null
2025-11-29 00:04:29,242 [WARN] ModelIntegratedComponent:63 - No mode defined for component null
2025-11-29 00:04:29,242 [WARN] ModelIntegratedComponent:63 - No mode defined for component null
2025-11-29 00:04:29,243 [WARN] ModelIntegratedComponent:63 - No mode defined for component null
2025-11-29 00:04:29,243 [WARN] ModelIntegratedComponent:63 - No mode defined for component null
2025-11-29 00:04:29,243 [WARN] ModelIntegratedComponent:63 - No mode defined for component null
2025-11-29 00:04:29,243 [WARN] ModelIntegratedComponent:63 - No mode defined for component null
2025-11-29 00:04:29,243 [WARN] ModelIntegratedComponent:63 - No mode defined for component null
2025-11-29 00:04:29,243 [WARN] ModelIntegratedComponent:63 - No mode defined for component null
2025-11-29 00:04:29,243 [WARN] ModelIntegratedComponent:63 - No mode defined for component null
2025-11-29 00:04:29,243 [WARN] ModelIntegratedComponent:63 - No mode defined for component null
2025-11-29 00:04:29,243 [WARN] ModelIntegratedComponent:63 - No mode defined for component null
2025-11-29 00:04:29,243 [WARN] ModelIntegratedComponent:63 - No mode defined for component null
2025-11-29 00:04:29,243 [WARN] ModelIntegratedComponent:63 - No mode defined for component null
2025-11-29 00:04:29,243 [WARN] ModelIntegratedComponent:63 - No mode defined for component null
2025-11-29 00:04:29,243 [WARN] ModelIntegratedComponent:63 - No mode defined for component null
2025-11-29 00:04:29,244 [WARN] ModelIntegratedComponent:63 - No mode defined for component null
2025-11-29 00:04:29,244 [WARN] ModelIntegratedComponent:63 - No mode defined for component null
2025-11-29 00:04:29,244 [WARN] ModelIntegratedComponent:63 - No mode defined for component null
2025-11-29 00:04:29,244 [WARN] ModelIntegratedComponent:63 - No mode defined for component null
2025-11-29 00:04:29,244 [WARN] ModelPack:524 - Component already loaded: STMicroelectronics:HAL Drivers:0.0.0:STMicroelectronics:Device:STMicro_Driver:XSPI:HAL::0.0.1:HAL_XSPI
2025-11-29 00:04:29,247 [INFO] RtosManager:558 - Registered RTOS mode: class=RTOS, group=ThreadX, mode=Core, owner=THREADX
2025-11-29 00:04:29,306 [INFO] ThirdPartyModel:298 - Start build external matchings
2025-11-29 00:04:29,681 [INFO] ThirdPartyModel:316 - End build external matchings
2025-11-29 00:04:29,692 [INFO] ImportTextPane:234 - (OptionalMessage_ERROR) IP (BOOTPATH) : Invalid parameter (BootPathName)
2025-11-29 00:04:29,855 [INFO] UtilMem:75 - End LoadConfig() Used Memory: 468290936 Bytes (1006632960)
2025-11-29 00:04:29,998 [WARN] ThirdParty:833 - waiting for thirdparty lock release [change project]
2025-11-29 00:04:29,999 [INFO] ThirdParty:835 - entering critical section [change project]
2025-11-29 00:04:29,999 [INFO] ThirdParty:1030 - CMSIS Pack Vendor :STMicroelectronics X-CUBE-PM33A1 1.0.0
2025-11-29 00:04:29,999 [INFO] ThirdParty:1030 - CMSIS Pack Vendor :STMicroelectronics USBPD 4.1
2025-11-29 00:04:29,999 [INFO] ThirdParty:1030 - CMSIS Pack Vendor :STMicroelectronics X-CUBE-NFC9 1.0.0
2025-11-29 00:04:29,999 [INFO] ThirdParty:1030 - CMSIS Pack Vendor :STMicroelectronics USB_HOST 2.0.0
2025-11-29 00:04:29,999 [INFO] ThirdParty:1030 - CMSIS Pack Vendor :STMicroelectronics FP-SNS-MOTENVWB1 1.4.0
2025-11-29 00:04:29,999 [INFO] ThirdParty:1030 - CMSIS Pack Vendor :STMicroelectronics X-CUBE-AZRTOS-F4 1.1.0
2025-11-29 00:04:29,999 [INFO] ThirdParty:1030 - CMSIS Pack Vendor :STMicroelectronics LIBJPEG 8.0.0
2025-11-29 00:04:30,000 [INFO] ThirdParty:1030 - CMSIS Pack Vendor :STMicroelectronics FP-ATR-ASTRA1 2.0.2
2025-11-29 00:04:30,000 [INFO] ThirdParty:1030 - CMSIS Pack Vendor :wolfSSL I-CUBE-wolfSSL 5.8.2
2025-11-29 00:04:30,000 [INFO] ThirdParty:1030 - CMSIS Pack Vendor :STMicroelectronics X-CUBE-BLE1 7.1.0
2025-11-29 00:04:30,000 [INFO] ThirdParty:1030 - CMSIS Pack Vendor :STMicroelectronics X-CUBE-SMBUS 2.1.0
2025-11-29 00:04:30,000 [INFO] ThirdParty:1030 - CMSIS Pack Vendor :wolfSSL I-CUBE-wolfMQTT 1.19.2
2025-11-29 00:04:30,000 [INFO] ThirdParty:1030 - CMSIS Pack Vendor :STMicroelectronics USB_DEVICE 3.0.0
2025-11-29 00:04:30,000 [INFO] ThirdParty:1030 - CMSIS Pack Vendor :STMicroelectronics X-CUBE-ISPU 2.1.0
2025-11-29 00:04:30,000 [INFO] ThirdParty:1030 - CMSIS Pack Vendor :STMicroelectronics X-CUBE-FREERTOS 1.4.0
2025-11-29 00:04:30,000 [INFO] ThirdParty:1030 - CMSIS Pack Vendor :STMicroelectronics X-CUBE-EEPRMA1 5.2.0
2025-11-29 00:04:30,000 [INFO] ThirdParty:1030 - CMSIS Pack Vendor :STMicroelectronics X-CUBE-IPS 3.2.0
2025-11-29 00:04:30,000 [INFO] ThirdParty:1030 - CMSIS Pack Vendor :STMicroelectronics X-CUBE-BLEMGR 4.1.0
2025-11-29 00:04:30,000 [INFO] ThirdParty:1030 - CMSIS Pack Vendor :STMicroelectronics X-CUBE-AZRTOS-WB 2.0.0
2025-11-29 00:04:30,000 [INFO] ThirdParty:1030 - CMSIS Pack Vendor :STMicroelectronics X-CUBE-NFC12 1.0.0
2025-11-29 00:04:30,000 [INFO] ThirdParty:1030 - CMSIS Pack Vendor :STMicroelectronics X-CUBE-AZRTOS-F7 1.1.0
2025-11-29 00:04:30,000 [INFO] ThirdParty:1030 - CMSIS Pack Vendor :STMicroelectronics X-CUBE-AZRTOS-L5 2.0.0
2025-11-29 00:04:30,000 [INFO] ThirdParty:1030 - CMSIS Pack Vendor :STMicroelectronics USB_DEVICE 2.0.0
2025-11-29 00:04:30,000 [INFO] ThirdParty:1030 - CMSIS Pack Vendor :STMicroelectronics X-CUBE-NFC6 3.1.0
2025-11-29 00:04:30,000 [INFO] ThirdParty:1030 - CMSIS Pack Vendor :STMicroelectronics X-CUBE-ST67W61 1.1.0
2025-11-29 00:04:30,000 [INFO] ThirdParty:1030 - CMSIS Pack Vendor :Cesanta I-CUBE-Mongoose 7.19.0
2025-11-29 00:04:30,000 [INFO] ThirdParty:1030 - CMSIS Pack Vendor :quantropi X-CUBE-qispace-sdk-base 2.1.0
2025-11-29 00:04:30,000 [INFO] ThirdParty:1030 - CMSIS Pack Vendor :STMicroelectronics X-CUBE-MEMS1 12.0.0
2025-11-29 00:04:30,000 [INFO] ThirdParty:1030 - CMSIS Pack Vendor :STMicroelectronics FP-SNS-MOTENV1 5.1.0
2025-11-29 00:04:30,000 [INFO] ThirdParty:1030 - CMSIS Pack Vendor :STMicroelectronics FreeRTOS 0.0.1
2025-11-29 00:04:30,000 [INFO] ThirdParty:1030 - CMSIS Pack Vendor :STMicroelectronics X-CUBE-AZRTOS-G0 1.1.0
2025-11-29 00:04:30,000 [INFO] ThirdParty:1030 - CMSIS Pack Vendor :STMicroelectronics X-CUBE-NFC4 3.0.0
2025-11-29 00:04:30,000 [INFO] ThirdParty:1030 - CMSIS Pack Vendor :STMicroelectronics X-CUBE-SUBG2 5.0.0
2025-11-29 00:04:30,000 [INFO] ThirdParty:1030 - CMSIS Pack Vendor :STMicroelectronics X-CUBE-AZRTOS-H7RS 1.1.0
2025-11-29 00:04:30,000 [INFO] ThirdParty:1030 - CMSIS Pack Vendor :STMicroelectronics STM32_WPAN 1.0.0
2025-11-29 00:04:30,000 [INFO] ThirdParty:1030 - CMSIS Pack Vendor :EmbeddedOffice I-CUBE-FS-RTOS 1.0.1
2025-11-29 00:04:30,000 [INFO] ThirdParty:1030 - CMSIS Pack Vendor :STMicroelectronics lwIP 2.0.3
2025-11-29 00:04:30,000 [INFO] ThirdParty:1030 - CMSIS Pack Vendor :WES I-CUBE-Cesium 1.4.0
2025-11-29 00:04:30,000 [INFO] ThirdParty:1030 - CMSIS Pack Vendor :STMicroelectronics USB_HOST 1.0.0
2025-11-29 00:04:30,000 [INFO] ThirdParty:1030 - CMSIS Pack Vendor :Infineon AIROC-Wi-Fi-Bluetooth-STM32 1.7.1
2025-11-29 00:04:30,000 [INFO] ThirdParty:1030 - CMSIS Pack Vendor :STMicroelectronics X-CUBE-AZRTOS-G4 2.0.0
2025-11-29 00:04:30,000 [INFO] ThirdParty:1030 - CMSIS Pack Vendor :STMicroelectronics X-CUBE-WB05N 2.0.0
2025-11-29 00:04:30,000 [INFO] ThirdParty:1030 - CMSIS Pack Vendor :STMicroelectronics PDM2PCM 3.1.0
2025-11-29 00:04:30,000 [INFO] ThirdParty:1030 - CMSIS Pack Vendor :STMicroelectronics PDM2PCM 3.3.0
2025-11-29 00:04:30,000 [INFO] ThirdParty:1030 - CMSIS Pack Vendor :wolfSSL I-CUBE-wolfTPM 3.8.0
2025-11-29 00:04:30,000 [INFO] ThirdParty:1030 - CMSIS Pack Vendor :STMicroelectronics X-CUBE-AZRTOS-H7 3.4.0
2025-11-29 00:04:30,000 [INFO] ThirdParty:1030 - CMSIS Pack Vendor :STMicroelectronics X-CUBE-DISPLAY 3.0.0
2025-11-29 00:04:30,000 [INFO] ThirdParty:1030 - CMSIS Pack Vendor :wolfSSL I-CUBE-wolfSSH 1.4.20
2025-11-29 00:04:30,000 [INFO] ThirdParty:1030 - CMSIS Pack Vendor :STMicroelectronics X-CUBE-NFC7 2.0.0
2025-11-29 00:04:30,000 [INFO] ThirdParty:1030 - CMSIS Pack Vendor :STMicroelectronics X-CUBE-TCPP 4.2.0
2025-11-29 00:04:30,001 [INFO] ThirdParty:1030 - CMSIS Pack Vendor :RealThread X-CUBE-RT-Thread_Nano 4.1.1
2025-11-29 00:04:30,001 [INFO] ThirdParty:1030 - CMSIS Pack Vendor :STMicroelectronics FP-ATR-SIGFOX1 3.2.0
2025-11-29 00:04:30,001 [INFO] ThirdParty:1030 - CMSIS Pack Vendor :STMicroelectronics X-CUBE-NFC10 1.0.0
2025-11-29 00:04:30,001 [INFO] ThirdParty:1030 - CMSIS Pack Vendor :STMicroelectronics X-CUBE-FREERTOS 1.3.1
2025-11-29 00:04:30,001 [INFO] ThirdParty:1030 - CMSIS Pack Vendor :STMicroelectronics HAL Drivers 0.0.0
2025-11-29 00:04:30,001 [INFO] ThirdParty:1030 - CMSIS Pack Vendor :STMicroelectronics MBEDTLS 2.16.2
2025-11-29 00:04:30,001 [INFO] ThirdParty:1030 - CMSIS Pack Vendor :STMicroelectronics X-CUBE-ST60 1.1.0
2025-11-29 00:04:30,001 [INFO] ThirdParty:1030 - CMSIS Pack Vendor :STMicroelectronics X-CUBE-ALS 1.0.2
2025-11-29 00:04:30,001 [INFO] ThirdParty:1030 - CMSIS Pack Vendor :emotas I-CUBE-CANOPEN 1.3.0
2025-11-29 00:04:30,001 [INFO] ThirdParty:1030 - CMSIS Pack Vendor :STMicroelectronics MBEDTLS 2.14.1
2025-11-29 00:04:30,001 [INFO] ThirdParty:1030 - CMSIS Pack Vendor :STMicroelectronics X-CUBE-GNSS1 7.1.0
2025-11-29 00:04:30,001 [INFO] ThirdParty:1030 - CMSIS Pack Vendor :ITTIA_DB I-CUBE-ITTIADB 8.9.0
2025-11-29 00:04:30,001 [INFO] ThirdParty:1030 - CMSIS Pack Vendor :STMicroelectronics X-CUBE-TOUCHGFX 4.26.0
2025-11-29 00:04:30,001 [INFO] ThirdParty:1030 - CMSIS Pack Vendor :STMicroelectronics X-CUBE-STSE01 1.0.0
2025-11-29 00:04:30,001 [INFO] ThirdParty:1030 - CMSIS Pack Vendor :STMicroelectronics FP-SNS-STBOX1 2.1.0
2025-11-29 00:04:30,001 [INFO] ThirdParty:1030 - CMSIS Pack Vendor :STMicroelectronics X-CUBE-AI 10.2.0
2025-11-29 00:04:30,001 [INFO] ThirdParty:1030 - CMSIS Pack Vendor :STMicroelectronics FP-SNS-STAIOTCFT 1.0.0
2025-11-29 00:04:30,001 [INFO] ThirdParty:1030 - CMSIS Pack Vendor :STMicroelectronics ThreadX 1.0.0
2025-11-29 00:04:30,001 [INFO] ThirdParty:1030 - CMSIS Pack Vendor :STMicroelectronics FP-SNS-SMARTAG2 1.2.0
2025-11-29 00:04:30,001 [INFO] ThirdParty:1030 - CMSIS Pack Vendor :STMicroelectronics FP-SNS-FLIGHT1 5.1.0
2025-11-29 00:04:30,001 [INFO] ThirdParty:1030 - CMSIS Pack Vendor :STMicroelectronics X-CUBE-AZRTOS-WL 2.0.0
2025-11-29 00:04:30,001 [INFO] ThirdParty:1030 - CMSIS Pack Vendor :SEGGER I-CUBE-embOS 1.3.1
2025-11-29 00:04:30,001 [INFO] ThirdParty:1030 - CMSIS Pack Vendor :STMicroelectronics X-CUBE-ALGOBUILD 1.4.0
2025-11-29 00:04:30,001 [INFO] ThirdParty:1030 - CMSIS Pack Vendor :STMicroelectronics X-CUBE-DPower 1.3.0
2025-11-29 00:04:30,001 [INFO] ThirdParty:1030 - CMSIS Pack Vendor :STMicroelectronics X-CUBE-MEMS1 11.3.0
2025-11-29 00:04:30,001 [INFO] ThirdParty:1030 - CMSIS Pack Vendor :STMicroelectronics USB_DEVICE 1.0.0
2025-11-29 00:04:30,001 [INFO] ThirdParty:1030 - CMSIS Pack Vendor :STMicroelectronics X-CUBE-AZRTOS-H7RS 1.2.0
2025-11-29 00:04:30,001 [INFO] ThirdParty:1030 - CMSIS Pack Vendor :STMicroelectronics X-CUBE-AZRTOS-L4 2.0.0
2025-11-29 00:04:30,001 [INFO] ThirdParty:1030 - CMSIS Pack Vendor :STMicroelectronics ThreadX 0.0.2
2025-11-29 00:04:30,001 [INFO] ThirdParty:1030 - CMSIS Pack Vendor :STMicroelectronics lwIP 2.1.2
2025-11-29 00:04:30,001 [INFO] ThirdParty:1030 - CMSIS Pack Vendor :STMicroelectronics X-CUBE-SFXS2LP1 4.0.0
2025-11-29 00:04:30,001 [INFO] ThirdParty:1030 - CMSIS Pack Vendor :STMicroelectronics X-CUBE-BLE2 3.3.0
2025-11-29 00:04:30,001 [INFO] ThirdParty:1030 - CMSIS Pack Vendor :Avnet-IOTCONNECT X-CUBE-iotc-st67-sdk 1.0.0
2025-11-29 00:04:30,001 [INFO] ThirdParty:1030 - CMSIS Pack Vendor :STMicroelectronics X-CUBE-TOF1 3.4.3
2025-11-29 00:04:30,001 [INFO] ThirdParty:1030 - CMSIS Pack Vendor :STMicroelectronics PDM2PCM 3.2.0
2025-11-29 00:04:30,001 [INFO] ThirdParty:841 - exiting critical section [change project]
2025-11-29 00:04:30,397 [INFO] PinOutPanel:1589 - setPackage(No Configuration,No Configuration)
2025-11-29 00:04:30,398 [INFO] PinOutPanel:1589 - setPackage(STM32H563VGTx,LQFP100)
2025-11-29 00:04:30,456 [WARN] IP:2250 - rccPrivilegeSecure not found: check if there is a RefParameter without a condition.
2025-11-29 00:04:30,456 [WARN] IP:2250 - rccSecurity not found: check if there is a RefParameter without a condition.
2025-11-29 00:04:30,687 [WARN] IP:2250 - rccPrivilegeSecure not found: check if there is a RefParameter without a condition.
2025-11-29 00:04:30,688 [WARN] IP:2250 - rccSecurity not found: check if there is a RefParameter without a condition.
2025-11-29 00:04:30,773 [WARN] IP:2250 - rccPrivilegeSecure not found: check if there is a RefParameter without a condition.
2025-11-29 00:04:30,773 [WARN] IP:2250 - rccSecurity not found: check if there is a RefParameter without a condition.
2025-11-29 00:04:30,783 [INFO] UtilMem:75 - Before build in PCC Used Memory: 751671416 Bytes (1006632960)
2025-11-29 00:04:31,264 [INFO] UtilMem:75 - After build in PCC Used Memory: 820822672 Bytes (1035993088)
2025-11-29 00:04:31,294 [INFO] IPUIPlugin:80 - create IPUIPlugin
2025-11-29 00:04:31,294 [INFO] IPUIPlugin:80 - create IPUIPlugin
2025-11-29 00:04:31,294 [INFO] IPUIPlugin:80 - create IPUIPlugin
2025-11-29 00:04:31,294 [INFO] IPUIPlugin:80 - create IPUIPlugin
2025-11-29 00:04:31,295 [INFO] IPUIPlugin:80 - create IPUIPlugin
2025-11-29 00:04:31,295 [INFO] IPUIPlugin:80 - create IPUIPlugin
2025-11-29 00:04:31,295 [INFO] IPUIPlugin:80 - create IPUIPlugin
2025-11-29 00:04:31,295 [INFO] IPUIPlugin:80 - create IPUIPlugin
2025-11-29 00:04:31,295 [INFO] IPUIPlugin:80 - create IPUIPlugin
2025-11-29 00:04:31,295 [INFO] IPUIPlugin:80 - create IPUIPlugin
2025-11-29 00:04:31,296 [INFO] IPUIPlugin:80 - create IPUIPlugin
2025-11-29 00:04:31,296 [INFO] IPUIPlugin:80 - create IPUIPlugin
2025-11-29 00:04:31,296 [INFO] IPUIPlugin:80 - create IPUIPlugin
2025-11-29 00:04:31,296 [INFO] IPUIPlugin:80 - create IPUIPlugin
2025-11-29 00:04:31,296 [INFO] IPUIPlugin:80 - create IPUIPlugin
2025-11-29 00:04:31,296 [INFO] IPUIPlugin:80 - create IPUIPlugin
2025-11-29 00:04:31,296 [INFO] IPUIPlugin:80 - create IPUIPlugin
2025-11-29 00:04:31,300 [INFO] IPUIPlugin:80 - create IPUIPlugin
2025-11-29 00:04:31,302 [INFO] IPUIPlugin:80 - create IPUIPlugin
2025-11-29 00:04:31,303 [INFO] IPUIPlugin:80 - create IPUIPlugin
2025-11-29 00:04:31,303 [INFO] IPUIPlugin:80 - create IPUIPlugin
2025-11-29 00:04:31,303 [INFO] IPUIPlugin:80 - create IPUIPlugin
2025-11-29 00:04:31,303 [INFO] IPUIPlugin:80 - create IPUIPlugin
2025-11-29 00:04:31,303 [INFO] IPUIPlugin:80 - create IPUIPlugin
2025-11-29 00:04:31,303 [INFO] IPUIPlugin:80 - create IPUIPlugin
2025-11-29 00:04:31,303 [INFO] IPUIPlugin:80 - create IPUIPlugin
2025-11-29 00:04:31,303 [INFO] IPUIPlugin:80 - create IPUIPlugin
2025-11-29 00:04:31,303 [INFO] IPUIPlugin:80 - create IPUIPlugin
2025-11-29 00:04:31,303 [INFO] IPUIPlugin:80 - create IPUIPlugin
2025-11-29 00:04:31,303 [INFO] IPUIPlugin:80 - create IPUIPlugin
2025-11-29 00:04:31,304 [INFO] IPUIPlugin:80 - create IPUIPlugin
2025-11-29 00:04:31,304 [INFO] IPUIPlugin:80 - create IPUIPlugin
2025-11-29 00:04:31,304 [INFO] IPUIPlugin:80 - create IPUIPlugin
2025-11-29 00:04:31,304 [INFO] IPUIPlugin:80 - create IPUIPlugin
2025-11-29 00:04:31,304 [INFO] IPUIPlugin:80 - create IPUIPlugin
2025-11-29 00:04:31,304 [INFO] IPUIPlugin:80 - create IPUIPlugin
2025-11-29 00:04:31,304 [INFO] IPUIPlugin:80 - create IPUIPlugin
2025-11-29 00:04:31,304 [INFO] IPUIPlugin:80 - create IPUIPlugin
2025-11-29 00:04:31,304 [INFO] IPUIPlugin:80 - create IPUIPlugin
2025-11-29 00:04:31,304 [INFO] IPUIPlugin:80 - create IPUIPlugin
2025-11-29 00:04:31,305 [INFO] IPUIPlugin:80 - create IPUIPlugin
2025-11-29 00:04:31,305 [INFO] IPUIPlugin:80 - create IPUIPlugin
2025-11-29 00:04:31,305 [INFO] IPUIPlugin:80 - create IPUIPlugin
2025-11-29 00:04:31,305 [INFO] IPUIPlugin:80 - create IPUIPlugin
2025-11-29 00:04:31,305 [INFO] IPUIPlugin:80 - create IPUIPlugin
2025-11-29 00:04:31,305 [INFO] IPUIPlugin:80 - create IPUIPlugin
2025-11-29 00:04:31,305 [INFO] IPUIPlugin:80 - create IPUIPlugin
2025-11-29 00:04:31,305 [INFO] IPUIPlugin:80 - create IPUIPlugin
2025-11-29 00:04:31,305 [INFO] IPUIPlugin:80 - create IPUIPlugin
2025-11-29 00:04:31,306 [INFO] IPUIPlugin:80 - create IPUIPlugin
2025-11-29 00:04:31,306 [INFO] IPUIPlugin:80 - create IPUIPlugin
2025-11-29 00:04:31,306 [INFO] IPUIPlugin:80 - create IPUIPlugin
2025-11-29 00:04:31,306 [INFO] IPUIPlugin:80 - create IPUIPlugin
2025-11-29 00:04:31,306 [INFO] IPUIPlugin:80 - create IPUIPlugin
2025-11-29 00:04:31,306 [INFO] IPUIPlugin:80 - create IPUIPlugin
2025-11-29 00:04:31,306 [INFO] IPUIPlugin:80 - create IPUIPlugin
2025-11-29 00:04:31,306 [INFO] IPUIPlugin:80 - create IPUIPlugin
2025-11-29 00:04:31,307 [INFO] IPUIPlugin:80 - create IPUIPlugin
2025-11-29 00:04:31,307 [INFO] IPUIPlugin:80 - create IPUIPlugin
2025-11-29 00:04:31,307 [INFO] IPUIPlugin:80 - create IPUIPlugin
2025-11-29 00:04:31,307 [INFO] IPUIPlugin:80 - create IPUIPlugin
2025-11-29 00:04:31,307 [INFO] IPUIPlugin:80 - create IPUIPlugin
2025-11-29 00:04:31,307 [INFO] IPUIPlugin:80 - create IPUIPlugin
2025-11-29 00:04:31,307 [INFO] IPUIPlugin:80 - create IPUIPlugin
2025-11-29 00:04:31,308 [INFO] IPUIPlugin:80 - create IPUIPlugin
2025-11-29 00:04:31,308 [INFO] IPUIPlugin:80 - create IPUIPlugin
2025-11-29 00:04:31,308 [INFO] IPUIPlugin:80 - create IPUIPlugin
2025-11-29 00:04:31,308 [INFO] IPUIPlugin:80 - create IPUIPlugin
2025-11-29 00:04:31,308 [INFO] IPUIPlugin:80 - create IPUIPlugin
2025-11-29 00:04:31,308 [INFO] IPUIPlugin:80 - create IPUIPlugin
2025-11-29 00:04:31,308 [INFO] IPUIPlugin:80 - create IPUIPlugin
2025-11-29 00:04:31,308 [INFO] IPUIPlugin:80 - create IPUIPlugin
2025-11-29 00:04:31,308 [INFO] IPUIPlugin:80 - create IPUIPlugin
2025-11-29 00:04:31,308 [INFO] IPUIPlugin:80 - create IPUIPlugin
2025-11-29 00:04:31,309 [INFO] IPUIPlugin:80 - create IPUIPlugin
2025-11-29 00:04:31,309 [INFO] IPUIPlugin:80 - create IPUIPlugin
2025-11-29 00:04:31,309 [INFO] IPUIPlugin:80 - create IPUIPlugin
2025-11-29 00:04:31,309 [INFO] IPUIPlugin:80 - create IPUIPlugin
2025-11-29 00:04:31,309 [INFO] IPUIPlugin:80 - create IPUIPlugin
2025-11-29 00:04:31,309 [INFO] IPUIPlugin:80 - create IPUIPlugin
2025-11-29 00:04:31,309 [INFO] IPUIPlugin:80 - create IPUIPlugin
2025-11-29 00:04:31,309 [INFO] IPUIPlugin:80 - create IPUIPlugin
2025-11-29 00:04:31,310 [INFO] IPUIPlugin:80 - create IPUIPlugin
2025-11-29 00:04:31,311 [INFO] IPUIPlugin:80 - create IPUIPlugin
2025-11-29 00:04:31,311 [INFO] IPUIPlugin:80 - create IPUIPlugin
2025-11-29 00:04:31,312 [INFO] IPUIPlugin:80 - create IPUIPlugin
2025-11-29 00:04:31,312 [INFO] IPUIPlugin:80 - create IPUIPlugin
2025-11-29 00:04:31,313 [INFO] IPUIPlugin:80 - create IPUIPlugin
2025-11-29 00:04:31,313 [INFO] IPUIPlugin:80 - create IPUIPlugin
2025-11-29 00:04:31,313 [INFO] IPUIPlugin:80 - create IPUIPlugin
2025-11-29 00:04:31,313 [INFO] IPUIPlugin:80 - create IPUIPlugin
2025-11-29 00:04:31,314 [INFO] IPUIPlugin:80 - create IPUIPlugin
2025-11-29 00:04:31,314 [INFO] IPUIPlugin:80 - create IPUIPlugin
2025-11-29 00:04:31,314 [INFO] IPUIPlugin:80 - create IPUIPlugin
2025-11-29 00:04:31,314 [INFO] IPUIPlugin:80 - create IPUIPlugin
2025-11-29 00:04:31,314 [INFO] IPUIPlugin:80 - create IPUIPlugin
2025-11-29 00:04:31,315 [INFO] IPUIPlugin:80 - create IPUIPlugin
2025-11-29 00:04:31,315 [INFO] IPUIPlugin:80 - create IPUIPlugin
2025-11-29 00:04:31,315 [INFO] IPUIPlugin:80 - create IPUIPlugin
2025-11-29 00:04:31,315 [INFO] IPUIPlugin:80 - create IPUIPlugin
2025-11-29 00:04:31,333 [INFO] ProjectChoiceTab:3673 - Project Structure = Dual Non Secure / Secure
2025-11-29 00:04:31,437 [INFO] ProjectChoiceTab:3673 - Project Structure = Dual Non Secure / Secure
2025-11-29 00:04:31,458 [INFO] CADModel:165 - CPN selected for project levelSTM32H563VGT6
2025-11-29 00:04:31,458 [INFO] CADModel:114 - Register for checkConnection events
2025-11-29 00:04:31,497 [INFO] OpenFileManager:386 - Restore cursor
2025-11-29 00:04:31,599 [WARN] IP:2250 - pwrPrivilegeSecure not found: check if there is a RefParameter without a condition.
2025-11-29 00:04:31,599 [WARN] IP:2250 - pwrPrivilegeNSecure not found: check if there is a RefParameter without a condition.
2025-11-29 00:04:31,599 [WARN] IP:2250 - PWR_WKUP1 not found: check if there is a RefParameter without a condition.
2025-11-29 00:04:31,599 [WARN] IP:2250 - PWR_WKUP2 not found: check if there is a RefParameter without a condition.
2025-11-29 00:04:31,599 [WARN] IP:2250 - PWR_WKUP3 not found: check if there is a RefParameter without a condition.
2025-11-29 00:04:31,599 [WARN] IP:2250 - PWR_WKUP4 not found: check if there is a RefParameter without a condition.
2025-11-29 00:04:31,599 [WARN] IP:2250 - PWR_WKUP5 not found: check if there is a RefParameter without a condition.
2025-11-29 00:04:31,599 [WARN] IP:2250 - PWR_WKUP6 not found: check if there is a RefParameter without a condition.
2025-11-29 00:04:31,599 [WARN] IP:2250 - PWR_WKUP7 not found: check if there is a RefParameter without a condition.
2025-11-29 00:04:31,599 [WARN] IP:2250 - PWR_WKUP8 not found: check if there is a RefParameter without a condition.
2025-11-29 00:04:31,599 [WARN] IP:2250 - PWR_LPM not found: check if there is a RefParameter without a condition.
2025-11-29 00:04:31,599 [WARN] IP:2250 - PWR_VB not found: check if there is a RefParameter without a condition.
2025-11-29 00:04:31,599 [WARN] IP:2250 - PWR_IO not found: check if there is a RefParameter without a condition.
2025-11-29 00:04:31,599 [WARN] IP:2250 - PWR_SCM not found: check if there is a RefParameter without a condition.
2025-11-29 00:04:31,599 [WARN] IP:2250 - PWR_VUSB not found: check if there is a RefParameter without a condition.
2025-11-29 00:04:31,599 [WARN] IP:2250 - pwrPrivilegeSecure not found: check if there is a RefParameter without a condition.
2025-11-29 00:04:31,599 [WARN] IP:2250 - pwrPrivilegeNSecure not found: check if there is a RefParameter without a condition.
2025-11-29 00:04:31,599 [WARN] IP:2250 - PWR_WKUP1 not found: check if there is a RefParameter without a condition.
2025-11-29 00:04:31,599 [WARN] IP:2250 - PWR_WKUP2 not found: check if there is a RefParameter without a condition.
2025-11-29 00:04:31,599 [WARN] IP:2250 - PWR_WKUP3 not found: check if there is a RefParameter without a condition.
2025-11-29 00:04:31,599 [WARN] IP:2250 - PWR_WKUP4 not found: check if there is a RefParameter without a condition.
2025-11-29 00:04:31,599 [WARN] IP:2250 - PWR_WKUP5 not found: check if there is a RefParameter without a condition.
2025-11-29 00:04:31,599 [WARN] IP:2250 - PWR_WKUP6 not found: check if there is a RefParameter without a condition.
2025-11-29 00:04:31,599 [WARN] IP:2250 - PWR_WKUP7 not found: check if there is a RefParameter without a condition.
2025-11-29 00:04:31,599 [WARN] IP:2250 - PWR_WKUP8 not found: check if there is a RefParameter without a condition.
2025-11-29 00:04:31,599 [WARN] IP:2250 - PWR_LPM not found: check if there is a RefParameter without a condition.
2025-11-29 00:04:31,599 [WARN] IP:2250 - PWR_VB not found: check if there is a RefParameter without a condition.
2025-11-29 00:04:31,599 [WARN] IP:2250 - PWR_IO not found: check if there is a RefParameter without a condition.
2025-11-29 00:04:31,599 [WARN] IP:2250 - PWR_SCM not found: check if there is a RefParameter without a condition.
2025-11-29 00:04:31,599 [WARN] IP:2250 - PWR_VUSB not found: check if there is a RefParameter without a condition.
2025-11-29 00:04:31,604 [WARN] IP:2250 - rccPrivilegeSecure not found: check if there is a RefParameter without a condition.
2025-11-29 00:04:31,604 [WARN] IP:2250 - rccSecurity not found: check if there is a RefParameter without a condition.
2025-11-29 00:04:31,614 [WARN] IP:2250 - rccPrivilegeSecure not found: check if there is a RefParameter without a condition.
2025-11-29 00:04:31,614 [WARN] IP:2250 - rccSecurity not found: check if there is a RefParameter without a condition.
2025-11-29 00:04:31,635 [WARN] IP:2250 - PinAttribute not found: check if there is a RefParameter without a condition.
2025-11-29 00:04:31,897 [INFO] UtilMem:75 - End SaveConfig() Used Memory: 813733408 Bytes (1040187392)
2025-11-29 00:04:31,925 [WARN] Context:862 - Trying to set MEMORYMAP twice on same context CortexM33
2025-11-29 00:04:31,938 [INFO] UtilMem:75 - End SaveConfig() Used Memory: 865599488 Bytes (1040187392)
2025-11-29 00:04:32,183 [WARN] IP:2250 - pwrPrivilegeSecure not found: check if there is a RefParameter without a condition.
2025-11-29 00:04:32,184 [WARN] IP:2250 - pwrPrivilegeNSecure not found: check if there is a RefParameter without a condition.
2025-11-29 00:04:32,184 [WARN] IP:2250 - PWR_WKUP1 not found: check if there is a RefParameter without a condition.
2025-11-29 00:04:32,184 [WARN] IP:2250 - PWR_WKUP2 not found: check if there is a RefParameter without a condition.
2025-11-29 00:04:32,186 [WARN] IP:2250 - PWR_WKUP3 not found: check if there is a RefParameter without a condition.
2025-11-29 00:04:32,186 [WARN] IP:2250 - PWR_WKUP4 not found: check if there is a RefParameter without a condition.
2025-11-29 00:04:32,186 [WARN] IP:2250 - PWR_WKUP5 not found: check if there is a RefParameter without a condition.
2025-11-29 00:04:32,186 [WARN] IP:2250 - PWR_WKUP6 not found: check if there is a RefParameter without a condition.
2025-11-29 00:04:32,186 [WARN] IP:2250 - PWR_WKUP7 not found: check if there is a RefParameter without a condition.
2025-11-29 00:04:32,186 [WARN] IP:2250 - PWR_WKUP8 not found: check if there is a RefParameter without a condition.
2025-11-29 00:04:32,186 [WARN] IP:2250 - PWR_LPM not found: check if there is a RefParameter without a condition.
2025-11-29 00:04:32,186 [WARN] IP:2250 - PWR_VB not found: check if there is a RefParameter without a condition.
2025-11-29 00:04:32,186 [WARN] IP:2250 - PWR_IO not found: check if there is a RefParameter without a condition.
2025-11-29 00:04:32,186 [WARN] IP:2250 - PWR_SCM not found: check if there is a RefParameter without a condition.
2025-11-29 00:04:32,186 [WARN] IP:2250 - PWR_VUSB not found: check if there is a RefParameter without a condition.
2025-11-29 00:04:34,059 [INFO] BlockDiagram:2775 - set Specific Code input for plugin: PWR
2025-11-29 00:04:34,059 [INFO] BlockDiagram:2775 - set Specific Code input for plugin: RCC
2025-11-29 00:04:34,059 [INFO] BlockDiagram:2775 - set Specific Code input for plugin: MEMORYMAP
2025-11-29 00:04:34,059 [INFO] BlockDiagram:2775 - set Specific Code input for plugin: SYS
2025-11-29 00:04:34,059 [INFO] BlockDiagram:2775 - set Specific Code input for plugin: BOOTPATH
2025-11-29 00:04:34,059 [INFO] BlockDiagram:2775 - set Specific Code input for plugin: NVIC
2025-11-29 00:04:34,060 [INFO] BlockDiagram:2775 - set Specific Code input for plugin: GPIO
2025-11-29 00:04:34,060 [INFO] CodeGenerator:892 - code generatio: config db path: /opt/st/stm32cubeide_1.19.0/plugins/com.st.stm32cube.common.mx_6.15.0.202507011659//db/
2025-11-29 00:04:34,066 [WARN] IP:2250 - pwrPrivilegeSecure not found: check if there is a RefParameter without a condition.
2025-11-29 00:04:34,066 [WARN] IP:2250 - pwrPrivilegeNSecure not found: check if there is a RefParameter without a condition.
2025-11-29 00:04:34,066 [WARN] IP:2250 - PWR_WKUP1 not found: check if there is a RefParameter without a condition.
2025-11-29 00:04:34,066 [WARN] IP:2250 - PWR_WKUP2 not found: check if there is a RefParameter without a condition.
2025-11-29 00:04:34,066 [WARN] IP:2250 - PWR_WKUP3 not found: check if there is a RefParameter without a condition.
2025-11-29 00:04:34,066 [WARN] IP:2250 - PWR_WKUP4 not found: check if there is a RefParameter without a condition.
2025-11-29 00:04:34,066 [WARN] IP:2250 - PWR_WKUP5 not found: check if there is a RefParameter without a condition.
2025-11-29 00:04:34,066 [WARN] IP:2250 - PWR_WKUP6 not found: check if there is a RefParameter without a condition.
2025-11-29 00:04:34,066 [WARN] IP:2250 - PWR_WKUP7 not found: check if there is a RefParameter without a condition.
2025-11-29 00:04:34,066 [WARN] IP:2250 - PWR_WKUP8 not found: check if there is a RefParameter without a condition.
2025-11-29 00:04:34,066 [WARN] IP:2250 - PWR_LPM not found: check if there is a RefParameter without a condition.
2025-11-29 00:04:34,066 [WARN] IP:2250 - PWR_VB not found: check if there is a RefParameter without a condition.
2025-11-29 00:04:34,066 [WARN] IP:2250 - PWR_IO not found: check if there is a RefParameter without a condition.
2025-11-29 00:04:34,066 [WARN] IP:2250 - PWR_SCM not found: check if there is a RefParameter without a condition.
2025-11-29 00:04:34,066 [WARN] IP:2250 - PWR_VUSB not found: check if there is a RefParameter without a condition.
2025-11-29 00:04:34,066 [WARN] IP:2250 - rccPrivilegeSecure not found: check if there is a RefParameter without a condition.
2025-11-29 00:04:34,067 [WARN] IP:2250 - rccSecurity not found: check if there is a RefParameter without a condition.
2025-11-29 00:04:34,075 [WARN] IP:2250 - PinAttribute not found: check if there is a RefParameter without a condition.
2025-11-29 00:04:34,187 [INFO] CodeEngine:265 - oldGeneratedFile, /home/lucasnascimento/Documents/STM32/WS2812B_DRIVER/WS2812BMODULE/MXTmpFiles/license.tmp_save
2025-11-29 00:04:34,332 [INFO] CodeEngine:289 - Generated code: /home/lucasnascimento/Documents/STM32/WS2812B_DRIVER/WS2812BMODULE/MXTmpFiles/license.tmp
2025-11-29 00:04:34,365 [WARN] IP:2250 - PinAttribute not found: check if there is a RefParameter without a condition.
2025-11-29 00:04:34,365 [WARN] IP:2250 - PinAttribute not found: check if there is a RefParameter without a condition.
2025-11-29 00:04:34,365 [WARN] IP:2250 - PinAttribute not found: check if there is a RefParameter without a condition.
2025-11-29 00:04:34,366 [WARN] IP:2250 - PinAttribute not found: check if there is a RefParameter without a condition.
2025-11-29 00:04:34,366 [WARN] IP:2250 - PinAttribute not found: check if there is a RefParameter without a condition.
2025-11-29 00:04:34,366 [WARN] IP:2250 - PinAttribute not found: check if there is a RefParameter without a condition.
2025-11-29 00:04:34,366 [WARN] IP:2250 - PinAttribute not found: check if there is a RefParameter without a condition.
2025-11-29 00:04:34,366 [WARN] IP:2250 - PinAttribute not found: check if there is a RefParameter without a condition.
2025-11-29 00:04:34,366 [WARN] IP:2250 - PinAttribute not found: check if there is a RefParameter without a condition.
2025-11-29 00:04:34,366 [WARN] IP:2250 - PinAttribute not found: check if there is a RefParameter without a condition.
2025-11-29 00:04:34,366 [WARN] IP:2250 - PinAttribute not found: check if there is a RefParameter without a condition.
2025-11-29 00:04:34,366 [WARN] IP:2250 - PinAttribute not found: check if there is a RefParameter without a condition.
2025-11-29 00:04:34,366 [WARN] IP:2250 - PinAttribute not found: check if there is a RefParameter without a condition.
2025-11-29 00:04:34,366 [WARN] IP:2250 - PinAttribute not found: check if there is a RefParameter without a condition.
2025-11-29 00:04:34,367 [WARN] IP:2250 - PinAttribute not found: check if there is a RefParameter without a condition.
2025-11-29 00:04:34,367 [WARN] IP:2250 - PinAttribute not found: check if there is a RefParameter without a condition.
2025-11-29 00:04:34,367 [WARN] IP:2250 - PinAttribute not found: check if there is a RefParameter without a condition.
2025-11-29 00:04:34,368 [WARN] IP:2250 - PinAttribute not found: check if there is a RefParameter without a condition.
2025-11-29 00:04:34,368 [WARN] IP:2250 - PinAttribute not found: check if there is a RefParameter without a condition.
2025-11-29 00:04:34,368 [WARN] IP:2250 - PinAttribute not found: check if there is a RefParameter without a condition.
2025-11-29 00:04:34,368 [WARN] IP:2250 - PinAttribute not found: check if there is a RefParameter without a condition.
2025-11-29 00:04:34,368 [WARN] IP:2250 - PinAttribute not found: check if there is a RefParameter without a condition.
2025-11-29 00:04:34,368 [WARN] IP:2250 - PinAttribute not found: check if there is a RefParameter without a condition.
2025-11-29 00:04:34,368 [WARN] IP:2250 - PinAttribute not found: check if there is a RefParameter without a condition.
2025-11-29 00:04:34,368 [WARN] IP:2250 - PinAttribute not found: check if there is a RefParameter without a condition.
2025-11-29 00:04:34,368 [WARN] IP:2250 - PinAttribute not found: check if there is a RefParameter without a condition.
2025-11-29 00:04:34,369 [WARN] IP:2250 - PinAttribute not found: check if there is a RefParameter without a condition.
2025-11-29 00:04:34,369 [WARN] IP:2250 - PinAttribute not found: check if there is a RefParameter without a condition.
2025-11-29 00:04:34,372 [INFO] CodeEngine:265 - oldGeneratedFile, /home/lucasnascimento/Documents/STM32/WS2812B_DRIVER/WS2812BMODULE/MXTmpFiles/gpio.tmp_save
2025-11-29 00:04:34,435 [INFO] CodeEngine:289 - Generated code: /home/lucasnascimento/Documents/STM32/WS2812B_DRIVER/WS2812BMODULE/MXTmpFiles/gpio.tmp
2025-11-29 00:04:34,445 [WARN] IP:2250 - PinAttribute not found: check if there is a RefParameter without a condition.
2025-11-29 00:04:34,445 [WARN] IP:2250 - PinAttribute not found: check if there is a RefParameter without a condition.
2025-11-29 00:04:34,446 [WARN] IP:2250 - PinAttribute not found: check if there is a RefParameter without a condition.
2025-11-29 00:04:34,446 [WARN] IP:2250 - PinAttribute not found: check if there is a RefParameter without a condition.
2025-11-29 00:04:34,446 [WARN] IP:2250 - PinAttribute not found: check if there is a RefParameter without a condition.
2025-11-29 00:04:34,446 [WARN] IP:2250 - PinAttribute not found: check if there is a RefParameter without a condition.
2025-11-29 00:04:34,447 [WARN] IP:2250 - PinAttribute not found: check if there is a RefParameter without a condition.
2025-11-29 00:04:34,447 [WARN] IP:2250 - PinAttribute not found: check if there is a RefParameter without a condition.
2025-11-29 00:04:34,447 [WARN] IP:2250 - PinAttribute not found: check if there is a RefParameter without a condition.
2025-11-29 00:04:34,447 [WARN] IP:2250 - PinAttribute not found: check if there is a RefParameter without a condition.
2025-11-29 00:04:34,448 [WARN] IP:2250 - PinAttribute not found: check if there is a RefParameter without a condition.
2025-11-29 00:04:34,448 [WARN] IP:2250 - PinAttribute not found: check if there is a RefParameter without a condition.
2025-11-29 00:04:34,448 [WARN] IP:2250 - PinAttribute not found: check if there is a RefParameter without a condition.
2025-11-29 00:04:34,448 [WARN] IP:2250 - PinAttribute not found: check if there is a RefParameter without a condition.
2025-11-29 00:04:34,448 [WARN] IP:2250 - PinAttribute not found: check if there is a RefParameter without a condition.
2025-11-29 00:04:34,449 [WARN] IP:2250 - PinAttribute not found: check if there is a RefParameter without a condition.
2025-11-29 00:04:34,449 [WARN] IP:2250 - PinAttribute not found: check if there is a RefParameter without a condition.
2025-11-29 00:04:34,449 [WARN] IP:2250 - PinAttribute not found: check if there is a RefParameter without a condition.
2025-11-29 00:04:34,449 [WARN] IP:2250 - PinAttribute not found: check if there is a RefParameter without a condition.
2025-11-29 00:04:34,449 [WARN] IP:2250 - PinAttribute not found: check if there is a RefParameter without a condition.
2025-11-29 00:04:34,449 [WARN] IP:2250 - PinAttribute not found: check if there is a RefParameter without a condition.
2025-11-29 00:04:34,449 [WARN] IP:2250 - PinAttribute not found: check if there is a RefParameter without a condition.
2025-11-29 00:04:34,450 [WARN] IP:2250 - PinAttribute not found: check if there is a RefParameter without a condition.
2025-11-29 00:04:34,450 [WARN] IP:2250 - PinAttribute not found: check if there is a RefParameter without a condition.
2025-11-29 00:04:34,450 [WARN] IP:2250 - PinAttribute not found: check if there is a RefParameter without a condition.
2025-11-29 00:04:34,450 [WARN] IP:2250 - PinAttribute not found: check if there is a RefParameter without a condition.
2025-11-29 00:04:34,450 [WARN] IP:2250 - PinAttribute not found: check if there is a RefParameter without a condition.
2025-11-29 00:04:34,450 [WARN] IP:2250 - PinAttribute not found: check if there is a RefParameter without a condition.
2025-11-29 00:04:34,457 [WARN] IPConfigManager:103 - WARNING: Missing Config File for MEMORYMAP ip!!
2025-11-29 00:04:34,460 [WARN] IP:2250 - DefaultDataRegion not found: check if there is a RefParameter without a condition.
2025-11-29 00:04:34,463 [WARN] IP:2250 - PinAttribute not found: check if there is a RefParameter without a condition.
2025-11-29 00:04:34,463 [WARN] IP:2250 - PinAttribute not found: check if there is a RefParameter without a condition.
2025-11-29 00:04:34,463 [WARN] IP:2250 - PinAttribute not found: check if there is a RefParameter without a condition.
2025-11-29 00:04:34,463 [WARN] IP:2250 - PinAttribute not found: check if there is a RefParameter without a condition.
2025-11-29 00:04:34,463 [WARN] IP:2250 - PinAttribute not found: check if there is a RefParameter without a condition.
2025-11-29 00:04:34,463 [WARN] IP:2250 - PinAttribute not found: check if there is a RefParameter without a condition.
2025-11-29 00:04:34,463 [WARN] IP:2250 - PinAttribute not found: check if there is a RefParameter without a condition.
2025-11-29 00:04:34,463 [WARN] IP:2250 - PinAttribute not found: check if there is a RefParameter without a condition.
2025-11-29 00:04:34,463 [WARN] IP:2250 - PinAttribute not found: check if there is a RefParameter without a condition.
2025-11-29 00:04:34,463 [WARN] IP:2250 - PinAttribute not found: check if there is a RefParameter without a condition.
2025-11-29 00:04:34,464 [WARN] IP:2250 - PinAttribute not found: check if there is a RefParameter without a condition.
2025-11-29 00:04:34,464 [WARN] IP:2250 - PinAttribute not found: check if there is a RefParameter without a condition.
2025-11-29 00:04:34,464 [WARN] IP:2250 - PinAttribute not found: check if there is a RefParameter without a condition.
2025-11-29 00:04:34,464 [WARN] IP:2250 - PinAttribute not found: check if there is a RefParameter without a condition.
2025-11-29 00:04:34,464 [WARN] IP:2250 - PinAttribute not found: check if there is a RefParameter without a condition.
2025-11-29 00:04:34,464 [WARN] IP:2250 - PinAttribute not found: check if there is a RefParameter without a condition.
2025-11-29 00:04:34,464 [WARN] IP:2250 - PinAttribute not found: check if there is a RefParameter without a condition.
2025-11-29 00:04:34,464 [WARN] IP:2250 - PinAttribute not found: check if there is a RefParameter without a condition.
2025-11-29 00:04:34,465 [WARN] IP:2250 - PinAttribute not found: check if there is a RefParameter without a condition.
2025-11-29 00:04:34,465 [WARN] IP:2250 - PinAttribute not found: check if there is a RefParameter without a condition.
2025-11-29 00:04:34,465 [WARN] IP:2250 - PinAttribute not found: check if there is a RefParameter without a condition.
2025-11-29 00:04:34,465 [WARN] IP:2250 - PinAttribute not found: check if there is a RefParameter without a condition.
2025-11-29 00:04:34,465 [WARN] IP:2250 - PinAttribute not found: check if there is a RefParameter without a condition.
2025-11-29 00:04:34,465 [WARN] IP:2250 - PinAttribute not found: check if there is a RefParameter without a condition.
2025-11-29 00:04:34,465 [WARN] IP:2250 - PinAttribute not found: check if there is a RefParameter without a condition.
2025-11-29 00:04:34,465 [WARN] IP:2250 - PinAttribute not found: check if there is a RefParameter without a condition.
2025-11-29 00:04:34,465 [WARN] IP:2250 - PinAttribute not found: check if there is a RefParameter without a condition.
2025-11-29 00:04:34,465 [WARN] IP:2250 - PinAttribute not found: check if there is a RefParameter without a condition.
2025-11-29 00:04:34,484 [WARN] IP:2250 - PinAttribute not found: check if there is a RefParameter without a condition.
2025-11-29 00:04:34,485 [WARN] IP:2250 - PinAttribute not found: check if there is a RefParameter without a condition.
2025-11-29 00:04:34,485 [WARN] IP:2250 - PinAttribute not found: check if there is a RefParameter without a condition.
2025-11-29 00:04:34,485 [WARN] IP:2250 - PinAttribute not found: check if there is a RefParameter without a condition.
2025-11-29 00:04:34,485 [WARN] IP:2250 - PinAttribute not found: check if there is a RefParameter without a condition.
2025-11-29 00:04:34,485 [WARN] IP:2250 - PinAttribute not found: check if there is a RefParameter without a condition.
2025-11-29 00:04:34,485 [WARN] IP:2250 - PinAttribute not found: check if there is a RefParameter without a condition.
2025-11-29 00:04:34,485 [WARN] IP:2250 - PinAttribute not found: check if there is a RefParameter without a condition.
2025-11-29 00:04:34,485 [WARN] IP:2250 - PinAttribute not found: check if there is a RefParameter without a condition.
2025-11-29 00:04:34,485 [WARN] IP:2250 - PinAttribute not found: check if there is a RefParameter without a condition.
2025-11-29 00:04:34,485 [WARN] IP:2250 - PinAttribute not found: check if there is a RefParameter without a condition.
2025-11-29 00:04:34,485 [WARN] IP:2250 - PinAttribute not found: check if there is a RefParameter without a condition.
2025-11-29 00:04:34,486 [WARN] IP:2250 - PinAttribute not found: check if there is a RefParameter without a condition.
2025-11-29 00:04:34,486 [WARN] IP:2250 - PinAttribute not found: check if there is a RefParameter without a condition.
2025-11-29 00:04:34,486 [WARN] IP:2250 - PinAttribute not found: check if there is a RefParameter without a condition.
2025-11-29 00:04:34,486 [WARN] IP:2250 - PinAttribute not found: check if there is a RefParameter without a condition.
2025-11-29 00:04:34,486 [WARN] IP:2250 - PinAttribute not found: check if there is a RefParameter without a condition.
2025-11-29 00:04:34,486 [WARN] IP:2250 - PinAttribute not found: check if there is a RefParameter without a condition.
2025-11-29 00:04:34,486 [WARN] IP:2250 - PinAttribute not found: check if there is a RefParameter without a condition.
2025-11-29 00:04:34,486 [WARN] IP:2250 - PinAttribute not found: check if there is a RefParameter without a condition.
2025-11-29 00:04:34,487 [WARN] IP:2250 - PinAttribute not found: check if there is a RefParameter without a condition.
2025-11-29 00:04:34,487 [WARN] IP:2250 - PinAttribute not found: check if there is a RefParameter without a condition.
2025-11-29 00:04:34,487 [WARN] IP:2250 - PinAttribute not found: check if there is a RefParameter without a condition.
2025-11-29 00:04:34,487 [WARN] IP:2250 - PinAttribute not found: check if there is a RefParameter without a condition.
2025-11-29 00:04:34,487 [WARN] IP:2250 - PinAttribute not found: check if there is a RefParameter without a condition.
2025-11-29 00:04:34,487 [WARN] IP:2250 - PinAttribute not found: check if there is a RefParameter without a condition.
2025-11-29 00:04:34,487 [WARN] IP:2250 - PinAttribute not found: check if there is a RefParameter without a condition.
2025-11-29 00:04:34,487 [WARN] IP:2250 - PinAttribute not found: check if there is a RefParameter without a condition.
2025-11-29 00:04:34,498 [WARN] IP:2250 - PinAttribute not found: check if there is a RefParameter without a condition.
2025-11-29 00:04:34,498 [WARN] IP:2250 - PinAttribute not found: check if there is a RefParameter without a condition.
2025-11-29 00:04:34,499 [WARN] IP:2250 - PinAttribute not found: check if there is a RefParameter without a condition.
2025-11-29 00:04:34,499 [WARN] IP:2250 - PinAttribute not found: check if there is a RefParameter without a condition.
2025-11-29 00:04:34,499 [WARN] IP:2250 - PinAttribute not found: check if there is a RefParameter without a condition.
2025-11-29 00:04:34,499 [WARN] IP:2250 - PinAttribute not found: check if there is a RefParameter without a condition.
2025-11-29 00:04:34,499 [WARN] IP:2250 - PinAttribute not found: check if there is a RefParameter without a condition.
2025-11-29 00:04:34,499 [WARN] IP:2250 - PinAttribute not found: check if there is a RefParameter without a condition.
2025-11-29 00:04:34,499 [WARN] IP:2250 - PinAttribute not found: check if there is a RefParameter without a condition.
2025-11-29 00:04:34,499 [WARN] IP:2250 - PinAttribute not found: check if there is a RefParameter without a condition.
2025-11-29 00:04:34,499 [WARN] IP:2250 - PinAttribute not found: check if there is a RefParameter without a condition.
2025-11-29 00:04:34,499 [WARN] IP:2250 - PinAttribute not found: check if there is a RefParameter without a condition.
2025-11-29 00:04:34,499 [WARN] IP:2250 - PinAttribute not found: check if there is a RefParameter without a condition.
2025-11-29 00:04:34,499 [WARN] IP:2250 - PinAttribute not found: check if there is a RefParameter without a condition.
2025-11-29 00:04:34,500 [WARN] IP:2250 - PinAttribute not found: check if there is a RefParameter without a condition.
2025-11-29 00:04:34,500 [WARN] IP:2250 - PinAttribute not found: check if there is a RefParameter without a condition.
2025-11-29 00:04:34,500 [WARN] IP:2250 - PinAttribute not found: check if there is a RefParameter without a condition.
2025-11-29 00:04:34,500 [WARN] IP:2250 - PinAttribute not found: check if there is a RefParameter without a condition.
2025-11-29 00:04:34,500 [WARN] IP:2250 - PinAttribute not found: check if there is a RefParameter without a condition.
2025-11-29 00:04:34,500 [WARN] IP:2250 - PinAttribute not found: check if there is a RefParameter without a condition.
2025-11-29 00:04:34,500 [WARN] IP:2250 - PinAttribute not found: check if there is a RefParameter without a condition.
2025-11-29 00:04:34,500 [WARN] IP:2250 - PinAttribute not found: check if there is a RefParameter without a condition.
2025-11-29 00:04:34,501 [WARN] IP:2250 - PinAttribute not found: check if there is a RefParameter without a condition.
2025-11-29 00:04:34,501 [WARN] IP:2250 - PinAttribute not found: check if there is a RefParameter without a condition.
2025-11-29 00:04:34,501 [WARN] IP:2250 - PinAttribute not found: check if there is a RefParameter without a condition.
2025-11-29 00:04:34,501 [WARN] IP:2250 - PinAttribute not found: check if there is a RefParameter without a condition.
2025-11-29 00:04:34,501 [WARN] IP:2250 - PinAttribute not found: check if there is a RefParameter without a condition.
2025-11-29 00:04:34,501 [WARN] IP:2250 - PinAttribute not found: check if there is a RefParameter without a condition.
2025-11-29 00:04:34,507 [INFO] CodeEngine:265 - oldGeneratedFile, /home/lucasnascimento/Documents/STM32/WS2812B_DRIVER/WS2812BMODULE/MXTmpFiles/cortex.tmp_save
2025-11-29 00:04:34,541 [INFO] CodeEngine:289 - Generated code: /home/lucasnascimento/Documents/STM32/WS2812B_DRIVER/WS2812BMODULE/MXTmpFiles/cortex.tmp
2025-11-29 00:04:34,552 [INFO] CodeEngine:265 - oldGeneratedFile, /home/lucasnascimento/Documents/STM32/WS2812B_DRIVER/WS2812BMODULE/Core/Src/stm32h5xx_it.c_save
2025-11-29 00:04:34,601 [INFO] CodeEngine:289 - Generated code: /home/lucasnascimento/Documents/STM32/WS2812B_DRIVER/WS2812BMODULE/Core/Src/stm32h5xx_it.c
2025-11-29 00:04:34,602 [INFO] CodeEngine:265 - oldGeneratedFile, /home/lucasnascimento/Documents/STM32/WS2812B_DRIVER/WS2812BMODULE/Core/Inc/stm32h5xx_it.h_save
2025-11-29 00:04:34,628 [INFO] CodeEngine:289 - Generated code: /home/lucasnascimento/Documents/STM32/WS2812B_DRIVER/WS2812BMODULE/Core/Inc/stm32h5xx_it.h
2025-11-29 00:04:34,633 [WARN] IP:2250 - PinAttribute not found: check if there is a RefParameter without a condition.
2025-11-29 00:04:34,634 [WARN] IP:2250 - PinAttribute not found: check if there is a RefParameter without a condition.
2025-11-29 00:04:34,634 [WARN] IP:2250 - PinAttribute not found: check if there is a RefParameter without a condition.
2025-11-29 00:04:34,634 [WARN] IP:2250 - PinAttribute not found: check if there is a RefParameter without a condition.
2025-11-29 00:04:34,634 [WARN] IP:2250 - PinAttribute not found: check if there is a RefParameter without a condition.
2025-11-29 00:04:34,634 [WARN] IP:2250 - PinAttribute not found: check if there is a RefParameter without a condition.
2025-11-29 00:04:34,634 [WARN] IP:2250 - PinAttribute not found: check if there is a RefParameter without a condition.
2025-11-29 00:04:34,634 [WARN] IP:2250 - PinAttribute not found: check if there is a RefParameter without a condition.
2025-11-29 00:04:34,634 [WARN] IP:2250 - PinAttribute not found: check if there is a RefParameter without a condition.
2025-11-29 00:04:34,634 [WARN] IP:2250 - PinAttribute not found: check if there is a RefParameter without a condition.
2025-11-29 00:04:34,634 [WARN] IP:2250 - PinAttribute not found: check if there is a RefParameter without a condition.
2025-11-29 00:04:34,634 [WARN] IP:2250 - PinAttribute not found: check if there is a RefParameter without a condition.
2025-11-29 00:04:34,634 [WARN] IP:2250 - PinAttribute not found: check if there is a RefParameter without a condition.
2025-11-29 00:04:34,635 [WARN] IP:2250 - PinAttribute not found: check if there is a RefParameter without a condition.
2025-11-29 00:04:34,635 [WARN] IP:2250 - PinAttribute not found: check if there is a RefParameter without a condition.
2025-11-29 00:04:34,635 [WARN] IP:2250 - PinAttribute not found: check if there is a RefParameter without a condition.
2025-11-29 00:04:34,635 [WARN] IP:2250 - PinAttribute not found: check if there is a RefParameter without a condition.
2025-11-29 00:04:34,635 [WARN] IP:2250 - PinAttribute not found: check if there is a RefParameter without a condition.
2025-11-29 00:04:34,635 [WARN] IP:2250 - PinAttribute not found: check if there is a RefParameter without a condition.
2025-11-29 00:04:34,635 [WARN] IP:2250 - PinAttribute not found: check if there is a RefParameter without a condition.
2025-11-29 00:04:34,635 [WARN] IP:2250 - PinAttribute not found: check if there is a RefParameter without a condition.
2025-11-29 00:04:34,636 [WARN] IP:2250 - PinAttribute not found: check if there is a RefParameter without a condition.
2025-11-29 00:04:34,636 [WARN] IP:2250 - PinAttribute not found: check if there is a RefParameter without a condition.
2025-11-29 00:04:34,636 [WARN] IP:2250 - PinAttribute not found: check if there is a RefParameter without a condition.
2025-11-29 00:04:34,636 [WARN] IP:2250 - PinAttribute not found: check if there is a RefParameter without a condition.
2025-11-29 00:04:34,636 [WARN] IP:2250 - PinAttribute not found: check if there is a RefParameter without a condition.
2025-11-29 00:04:34,636 [WARN] IP:2250 - PinAttribute not found: check if there is a RefParameter without a condition.
2025-11-29 00:04:34,636 [WARN] IP:2250 - PinAttribute not found: check if there is a RefParameter without a condition.
2025-11-29 00:04:34,638 [INFO] CodeEngine:265 - oldGeneratedFile, /home/lucasnascimento/Documents/STM32/WS2812B_DRIVER/WS2812BMODULE/Core/Src/stm32h5xx_hal_msp.c_save
2025-11-29 00:04:34,683 [INFO] CodeEngine:289 - Generated code: /home/lucasnascimento/Documents/STM32/WS2812B_DRIVER/WS2812BMODULE/Core/Src/stm32h5xx_hal_msp.c
2025-11-29 00:04:34,684 [INFO] CodeEngine:265 - oldGeneratedFile, /home/lucasnascimento/Documents/STM32/WS2812B_DRIVER/WS2812BMODULE/MXTmpFiles/system.tmp_save
2025-11-29 00:04:34,708 [INFO] CodeEngine:289 - Generated code: /home/lucasnascimento/Documents/STM32/WS2812B_DRIVER/WS2812BMODULE/MXTmpFiles/system.tmp
2025-11-29 00:04:34,711 [INFO] CodeEngine:321 - oldGeneratedFile, /home/lucasnascimento/Documents/STM32/WS2812B_DRIVER/WS2812BMODULE/Core/Inc/stm32h5xx_hal_conf.h_save
2025-11-29 00:04:34,745 [INFO] CodeEngine:345 - Generated code: /home/lucasnascimento/Documents/STM32/WS2812B_DRIVER/WS2812BMODULE/Core/Inc/stm32h5xx_hal_conf.h
2025-11-29 00:04:34,770 [INFO] ApiDbMcu:532 - Load IP Config File for CORTEX_M33_NS
2025-11-29 00:04:34,772 [INFO] ApiDbMcu:532 - Load IP Config File for RCC
2025-11-29 00:04:34,777 [INFO] CodeEngine:265 - oldGeneratedFile, /home/lucasnascimento/Documents/STM32/WS2812B_DRIVER/WS2812BMODULE/Core/Inc/main.h_save
2025-11-29 00:04:34,826 [INFO] CodeEngine:289 - Generated code: /home/lucasnascimento/Documents/STM32/WS2812B_DRIVER/WS2812BMODULE/Core/Inc/main.h
2025-11-29 00:04:34,827 [INFO] CodeEngine:265 - oldGeneratedFile, /home/lucasnascimento/Documents/STM32/WS2812B_DRIVER/WS2812BMODULE/Core/Src/main.c_save
2025-11-29 00:04:34,883 [INFO] CodeEngine:289 - Generated code: /home/lucasnascimento/Documents/STM32/WS2812B_DRIVER/WS2812BMODULE/Core/Src/main.c
2025-11-29 00:04:35,020 [INFO] ProjectBuilder:3606 - Time for Copy HAL[1] : 20mS.
2025-11-29 00:04:35,023 [INFO] ProjectBuilder:5216 - Project Generator version: 4.7.0-B52
2025-11-29 00:04:35,074 [INFO] ConfigFileManager:1595 - The Die is : DIE484
2025-11-29 00:04:35,081 [INFO] ApiDbMcu:532 - Load IP Config File for FILEX
2025-11-29 00:04:35,082 [INFO] ApiDbMcu:532 - Load IP Config File for LEVELX
2025-11-29 00:04:35,085 [INFO] ApiDbMcu:532 - Load IP Config File for NETXDUO
2025-11-29 00:04:35,086 [INFO] ApiDbMcu:532 - Load IP Config File for THREADX
2025-11-29 00:04:35,087 [INFO] ApiDbMcu:532 - Load IP Config File for USBPD
2025-11-29 00:04:35,090 [INFO] ApiDbMcu:532 - Load IP Config File for USBX
2025-11-29 00:04:35,274 [INFO] LogOutputStream:77 - [STDOUT_REDIRECT] 
2025-11-29 00:04:36,391 [INFO] ProjectBuilder:5496 - Time for Generating toolchain IDE Files: 1367mS.
2025-11-29 00:04:36,391 [INFO] ProjectBuilder:3463 - Time for Copy CMSIS : 0mS.
2025-11-29 00:04:36,391 [INFO] ProjectBuilder:3463 - Time for Copy CMSIS : 0mS.
2025-11-29 00:04:36,580 [INFO] McuFinderGlobals:76 - Set McuFinderConnectedMode to true
2025-11-29 00:04:36,622 [INFO] ApiDb:448 - Save user favorites file /home/lucasnascimento/.stm32cubeide/favorites.mcus.txt: 0 item(s)
2025-11-29 00:04:36,622 [INFO] ApiDb:452 - User favorites MCUs=[]
2025-11-29 00:05:52,522 [INFO] Activator:176 - 


2025-11-29 00:05:52,523 [INFO] Activator:177 - !SESSION log4j initialized
2025-11-29 00:05:54,548 [INFO] LogOutputStream:77 - [STDOUT_REDIRECT] 
2025-11-29 00:05:54,865 [INFO] ApplicationProperties:184 - Using Application install path: /opt/st/stm32cubeide_1.19.0/plugins/com.st.stm32cube.common.mx_6.15.0.202507011659
2025-11-29 00:05:54,874 [INFO] DbMcusXml:78 - Set database path to: /opt/st/stm32cubeide_1.19.0/plugins/com.st.stm32cube.common.mx_6.15.0.202507011659//db//mcu/
2025-11-29 00:05:54,874 [INFO] ApiDb:274 - Set plugin database path to: /opt/st/stm32cubeide_1.19.0/plugins/com.st.stm32cube.common.mx_6.15.0.202507011659//db//plugins/boardmanager/
2025-11-29 00:05:54,875 [WARN] ApiDb:259 - Overriding images path with different value:  => /opt/st/stm32cubeide_1.19.0/plugins/com.st.stm32cube.common.mx_6.15.0.202507011659//db//plugins/mcufinder/images/
2025-11-29 00:05:54,876 [INFO] ApiDb:250 - Set database path to: /home/lucasnascimento/.stmcufinder/plugins/mcufinder//mcu/
2025-11-29 00:05:54,876 [INFO] DbMcusAds:125 - Set database path to: /home/lucasnascimento/.stmcufinder/plugins/mcufinder//mcu/
2025-11-29 00:05:54,877 [INFO] CrossReferenceDbSqlite:203 - Set database path to: /home/lucasnascimento/.stmcufinder/plugins/mcufinder//mcu/cs/
2025-11-29 00:05:54,935 [INFO] RulesReader:64 - Compatibility file has been processed (317 Rules)
2025-11-29 00:05:54,961 [INFO] DbMcusXml:78 - Set database path to: /opt/st/stm32cubeide_1.19.0/plugins/com.st.stm32cube.common.mx_6.15.0.202507011659//db//mcu/
2025-11-29 00:05:54,961 [INFO] ApiDb:274 - Set plugin database path to: /opt/st/stm32cubeide_1.19.0/plugins/com.st.stm32cube.common.mx_6.15.0.202507011659//db//plugins/boardmanager/
2025-11-29 00:05:54,962 [INFO] ApiDb:261 - Set plugin images path to: /opt/st/stm32cubeide_1.19.0/plugins/com.st.stm32cube.common.mx_6.15.0.202507011659//db//plugins/mcufinder/images/
2025-11-29 00:05:54,962 [WARN] DbFile:41 - Overriding database path with different value: /home/lucasnascimento/.stmcufinder/plugins/mcufinder/ => /home/lucasnascimento/.stmcufinder/plugins/mcufinder
2025-11-29 00:05:54,962 [INFO] ApiDb:250 - Set database path to: /home/lucasnascimento/.stmcufinder/plugins/mcufinder//mcu/
2025-11-29 00:05:54,962 [WARN] DbFile:41 - Overriding database path with different value: /home/lucasnascimento/.stmcufinder/plugins/mcufinder/ => /home/lucasnascimento/.stmcufinder/plugins/mcufinder
2025-11-29 00:05:54,962 [INFO] DbMcusAds:125 - Set database path to: /home/lucasnascimento/.stmcufinder/plugins/mcufinder//mcu/
2025-11-29 00:05:54,962 [WARN] DbFile:41 - Overriding database path with different value: /home/lucasnascimento/.stmcufinder/plugins/mcufinder/ => /home/lucasnascimento/.stmcufinder/plugins/mcufinder
2025-11-29 00:05:54,962 [WARN] DbFile:41 - Overriding database path with different value: /home/lucasnascimento/.stmcufinder/plugins/mcufinder/ => /home/lucasnascimento/.stmcufinder/plugins/mcufinder
2025-11-29 00:05:54,962 [INFO] CrossReferenceDbSqlite:203 - Set database path to: /home/lucasnascimento/.stmcufinder/plugins/mcufinder//mcu/cs/
2025-11-29 00:05:54,993 [INFO] MainPanel:274 - HeapMemory: 268435456
2025-11-29 00:05:55,052 [INFO] DbMcusXml:78 - Set database path to: /opt/st/stm32cubeide_1.19.0/plugins/com.st.stm32cube.common.mx_6.15.0.202507011659//db//mcu/
2025-11-29 00:05:55,052 [INFO] ApiDb:274 - Set plugin database path to: /opt/st/stm32cubeide_1.19.0/plugins/com.st.stm32cube.common.mx_6.15.0.202507011659//db//plugins/boardmanager/
2025-11-29 00:05:55,052 [INFO] ApiDb:261 - Set plugin images path to: /opt/st/stm32cubeide_1.19.0/plugins/com.st.stm32cube.common.mx_6.15.0.202507011659//db//plugins/mcufinder/images/
2025-11-29 00:05:55,052 [WARN] DbFile:41 - Overriding database path with different value: /home/lucasnascimento/.stmcufinder/plugins/mcufinder/ => /home/lucasnascimento/.stmcufinder/plugins/mcufinder
2025-11-29 00:05:55,052 [INFO] ApiDb:250 - Set database path to: /home/lucasnascimento/.stmcufinder/plugins/mcufinder//mcu/
2025-11-29 00:05:55,052 [WARN] DbFile:41 - Overriding database path with different value: /home/lucasnascimento/.stmcufinder/plugins/mcufinder/ => /home/lucasnascimento/.stmcufinder/plugins/mcufinder
2025-11-29 00:05:55,052 [INFO] DbMcusAds:125 - Set database path to: /home/lucasnascimento/.stmcufinder/plugins/mcufinder//mcu/
2025-11-29 00:05:55,052 [WARN] DbFile:41 - Overriding database path with different value: /home/lucasnascimento/.stmcufinder/plugins/mcufinder/ => /home/lucasnascimento/.stmcufinder/plugins/mcufinder
2025-11-29 00:05:55,052 [WARN] DbFile:41 - Overriding database path with different value: /home/lucasnascimento/.stmcufinder/plugins/mcufinder/ => /home/lucasnascimento/.stmcufinder/plugins/mcufinder
2025-11-29 00:05:55,052 [INFO] CrossReferenceDbSqlite:203 - Set database path to: /home/lucasnascimento/.stmcufinder/plugins/mcufinder//mcu/cs/
2025-11-29 00:05:55,059 [INFO] ApplicationProperties:184 - Using Application install path: /opt/st/stm32cubeide_1.19.0/plugins/com.st.stm32cube.common.mx_6.15.0.202507011659
2025-11-29 00:05:55,059 [INFO] PluginManage:196 - Search for loadable plugins [exclusion list=, ]
2025-11-29 00:05:55,060 [INFO] PluginManage:310 - Check plugin analytics
2025-11-29 00:05:55,124 [INFO] AnalyticsPlugin:253 - Accepted Software Licenses: 
2025-11-29 00:05:55,124 [INFO] AnalyticsPlugin:255 - Accepted CMSIS Pack Licenses: STMicroelectronics.X-CUBE-FREERTOS.1.3.1,EmbeddedOffice.I-CUBE-FS-RTOS.1.0.1
2025-11-29 00:05:55,124 [INFO] AnalyticsPlugin:257 - Accepted Firmware Licenses: FW.H5.1.5.0
2025-11-29 00:05:55,125 [INFO] PluginManage:359 - Loaded plugin analytics (category:tool,tabindex:-1)
2025-11-29 00:05:55,125 [INFO] PluginManage:310 - Check plugin cadmodel
2025-11-29 00:05:55,127 [INFO] CADModel:105 - Init CAD model plugin
2025-11-29 00:05:55,127 [INFO] PluginManage:359 - Loaded plugin cadmodel (category:power,tabindex:5)
2025-11-29 00:05:55,127 [INFO] PluginManage:310 - Check plugin clock
2025-11-29 00:05:55,130 [INFO] PluginManage:359 - Loaded plugin clock (category:base,tabindex:2)
2025-11-29 00:05:55,130 [INFO] PluginManage:310 - Check plugin ddr
2025-11-29 00:05:55,131 [INFO] PluginManage:359 - Loaded plugin ddr (category:tool,tabindex:6)
2025-11-29 00:05:55,131 [INFO] PluginManage:310 - Check plugin filemanager
2025-11-29 00:05:55,207 [INFO] PluginManage:359 - Loaded plugin filemanager (category:base,tabindex:10)
2025-11-29 00:05:55,207 [INFO] PluginManage:310 - Check plugin ipmanager
2025-11-29 00:05:55,209 [INFO] PluginManage:359 - Loaded plugin ipmanager (category:base,tabindex:5)
2025-11-29 00:05:55,210 [INFO] PluginManage:310 - Check plugin lpbam
2025-11-29 00:05:55,213 [INFO] PluginManage:359 - Loaded plugin lpbam (category:base,tabindex:0)
2025-11-29 00:05:55,213 [INFO] PluginManage:310 - Check plugin memorymap
2025-11-29 00:05:55,219 [INFO] PluginManage:359 - Loaded plugin memorymap (category:base,tabindex:4)
2025-11-29 00:05:55,220 [INFO] PluginManage:310 - Check plugin pinoutandconfiguration
2025-11-29 00:05:55,223 [INFO] PluginManage:359 - Loaded plugin pinoutandconfiguration (category:base,tabindex:1)
2025-11-29 00:05:55,223 [INFO] PluginManage:310 - Check plugin pinoutconfig
2025-11-29 00:05:55,263 [WARN] SupportedApi:132 - Cannot load RTOS API schema: s4s-elt-must-match.1: The content of 'definitions' must match (annotation?, (simpleType | complexType)?, (unique | key | keyref)*)). A problem was found starting at: attribute.
2025-11-29 00:05:55,324 [INFO] PluginManage:359 - Loaded plugin pinoutconfig (category:base,tabindex:0)
2025-11-29 00:05:55,324 [INFO] PluginManage:310 - Check plugin power
2025-11-29 00:05:55,327 [INFO] PluginManage:359 - Loaded plugin power (category:power,tabindex:4)
2025-11-29 00:05:55,327 [INFO] PluginManage:310 - Check plugin projectmanager
2025-11-29 00:05:55,335 [INFO] PluginManage:359 - Loaded plugin projectmanager (category:projectmanager,tabindex:4)
2025-11-29 00:05:55,335 [INFO] PluginManage:310 - Check plugin rif
2025-11-29 00:05:55,358 [INFO] PluginManage:359 - Loaded plugin rif (category:base,tabindex:3)
2025-11-29 00:05:55,358 [INFO] PluginManage:310 - Check plugin thirdparty
2025-11-29 00:05:55,413 [INFO] PluginManage:359 - Loaded plugin thirdparty (category:base,tabindex:-1)
2025-11-29 00:05:55,413 [INFO] PluginManage:310 - Check plugin tools
2025-11-29 00:05:55,413 [WARN] IntegrityCheckThread:84 - waiting for thirdparty lock release [integrity check]
2025-11-29 00:05:55,413 [INFO] IntegrityCheckThread:86 - entering critical section [integrity check]
2025-11-29 00:05:55,414 [INFO] ThirdPartyUpdaterWithRetryManager:70 - Updater plugin not ready yet. [1/15]
2025-11-29 00:05:55,414 [INFO] PluginManage:359 - Loaded plugin tools (category:base,tabindex:7)
2025-11-29 00:05:55,414 [INFO] PluginManage:310 - Check plugin tutovideos
2025-11-29 00:05:55,515 [INFO] PluginManage:359 - Loaded plugin tutovideos (category:base,tabindex:-1)
2025-11-29 00:05:55,515 [INFO] PluginManage:310 - Check plugin updater
2025-11-29 00:05:55,526 [INFO] PluginManage:359 - Loaded plugin updater (category:base,tabindex:12)
2025-11-29 00:05:55,527 [INFO] PluginManage:310 - Check plugin userauth
2025-11-29 00:05:55,529 [INFO] UserAuth:118 - Init User Auth plugin
2025-11-29 00:05:55,529 [INFO] PluginManage:359 - Loaded plugin userauth (category:base,tabindex:14)
2025-11-29 00:05:55,529 [INFO] PluginManage:283 - PluginManage : Loaded plugins [18]
2025-11-29 00:05:55,617 [INFO] PinOutPanel:1589 - setPackage(No Configuration,No Configuration)
2025-11-29 00:05:55,649 [INFO] CADModel:165 - CPN selected for project level
2025-11-29 00:05:55,649 [INFO] CADModel:114 - Register for checkConnection events
2025-11-29 00:05:55,655 [INFO] IPUIPlugin:80 - create IPUIPlugin
2025-11-29 00:05:55,655 [INFO] PluginManager:220 - loadIPPluginJar : add i3c
2025-11-29 00:05:55,659 [INFO] IPUIPlugin:80 - create IPUIPlugin
2025-11-29 00:05:55,659 [INFO] PluginManager:220 - loadIPPluginJar : add stm32_wpan
2025-11-29 00:05:55,661 [INFO] IPUIPlugin:80 - create IPUIPlugin
2025-11-29 00:05:55,661 [INFO] PluginManager:220 - loadIPPluginJar : add ipddr
2025-11-29 00:05:55,661 [INFO] IPUIPlugin:80 - create IPUIPlugin
2025-11-29 00:05:55,661 [INFO] PluginManager:220 - loadIPPluginJar : add quadspi
2025-11-29 00:05:55,662 [INFO] IPUIPlugin:80 - create IPUIPlugin
2025-11-29 00:05:55,662 [INFO] PluginManager:220 - loadIPPluginJar : add hash
2025-11-29 00:05:55,663 [INFO] IPUIPlugin:80 - create IPUIPlugin
2025-11-29 00:05:55,663 [INFO] PluginManager:220 - loadIPPluginJar : add openamp
2025-11-29 00:05:55,664 [INFO] IPUIPlugin:80 - create IPUIPlugin
2025-11-29 00:05:55,664 [INFO] PluginManager:220 - loadIPPluginJar : add fmc
2025-11-29 00:05:55,665 [INFO] IPUIPlugin:80 - create IPUIPlugin
2025-11-29 00:05:55,665 [INFO] PluginManager:220 - loadIPPluginJar : add aes
2025-11-29 00:05:55,665 [INFO] IPUIPlugin:80 - create IPUIPlugin
2025-11-29 00:05:55,666 [INFO] PluginManager:220 - loadIPPluginJar : add ucpd
2025-11-29 00:05:55,666 [INFO] IPUIPlugin:80 - create IPUIPlugin
2025-11-29 00:05:55,666 [INFO] PluginManager:220 - loadIPPluginJar : add gfxmmu
2025-11-29 00:05:55,667 [INFO] IPUIPlugin:80 - create IPUIPlugin
2025-11-29 00:05:55,667 [INFO] PluginManager:220 - loadIPPluginJar : add tim
2025-11-29 00:05:55,668 [INFO] IPUIPlugin:80 - create IPUIPlugin
2025-11-29 00:05:55,668 [INFO] PluginManager:220 - loadIPPluginJar : add dfsdm
2025-11-29 00:05:55,669 [INFO] IPUIPlugin:80 - create IPUIPlugin
2025-11-29 00:05:55,669 [INFO] PluginManager:220 - loadIPPluginJar : add sai
2025-11-29 00:05:55,670 [INFO] IPUIPlugin:80 - create IPUIPlugin
2025-11-29 00:05:55,670 [INFO] PluginManager:220 - loadIPPluginJar : add radio
2025-11-29 00:05:55,670 [INFO] IPUIPlugin:80 - create IPUIPlugin
2025-11-29 00:05:55,670 [INFO] PluginManager:220 - loadIPPluginJar : add can
2025-11-29 00:05:55,672 [INFO] IPUIPlugin:80 - create IPUIPlugin
2025-11-29 00:05:55,672 [INFO] PluginManager:220 - loadIPPluginJar : add gpio
2025-11-29 00:05:55,673 [INFO] IPUIPlugin:80 - create IPUIPlugin
2025-11-29 00:05:55,673 [INFO] PluginManager:220 - loadIPPluginJar : add extmemmanager
2025-11-29 00:05:55,676 [INFO] IPUIPlugin:80 - create IPUIPlugin
2025-11-29 00:05:55,676 [INFO] PluginManager:220 - loadIPPluginJar : add linkedlist
2025-11-29 00:05:55,679 [INFO] IPUIPlugin:80 - create IPUIPlugin
2025-11-29 00:05:55,680 [INFO] PluginManager:220 - loadIPPluginJar : add plateformsettings
2025-11-29 00:05:55,683 [INFO] IPUIPlugin:80 - create IPUIPlugin
2025-11-29 00:05:55,683 [INFO] PluginManager:220 - loadIPPluginJar : add adc
2025-11-29 00:05:55,683 [INFO] IPUIPlugin:80 - create IPUIPlugin
2025-11-29 00:05:55,684 [INFO] PluginManager:220 - loadIPPluginJar : add spi
2025-11-29 00:05:55,686 [INFO] IPUIPlugin:80 - create IPUIPlugin
2025-11-29 00:05:55,686 [INFO] PluginManager:220 - loadIPPluginJar : add gic
2025-11-29 00:05:55,688 [INFO] IPUIPlugin:80 - create IPUIPlugin
2025-11-29 00:05:55,688 [INFO] PluginManager:220 - loadIPPluginJar : add nvic
2025-11-29 00:05:55,690 [INFO] IPUIPlugin:80 - create IPUIPlugin
2025-11-29 00:05:55,690 [INFO] PluginManager:220 - loadIPPluginJar : add dma
2025-11-29 00:05:55,691 [INFO] IPUIPlugin:80 - create IPUIPlugin
2025-11-29 00:05:55,691 [INFO] PluginManager:220 - loadIPPluginJar : add ddr_ctrl_phy
2025-11-29 00:05:55,692 [INFO] IPUIPlugin:80 - create IPUIPlugin
2025-11-29 00:05:55,692 [INFO] PluginManager:220 - loadIPPluginJar : add tracer_emb
2025-11-29 00:05:55,692 [INFO] IPUIPlugin:80 - create IPUIPlugin
2025-11-29 00:05:55,693 [INFO] PluginManager:220 - loadIPPluginJar : add lorawan
2025-11-29 00:05:55,694 [INFO] IPUIPlugin:80 - create IPUIPlugin
2025-11-29 00:05:55,694 [INFO] PluginManager:220 - loadIPPluginJar : add usbx
2025-11-29 00:05:55,694 [INFO] IPUIPlugin:80 - create IPUIPlugin
2025-11-29 00:05:55,694 [INFO] PluginManager:220 - loadIPPluginJar : add ltdc
2025-11-29 00:05:55,695 [INFO] IPUIPlugin:80 - create IPUIPlugin
2025-11-29 00:05:55,695 [INFO] PluginManager:220 - loadIPPluginJar : add pdm2pcm
2025-11-29 00:05:55,695 [INFO] IPUIPlugin:80 - create IPUIPlugin
2025-11-29 00:05:55,695 [INFO] PluginManager:220 - loadIPPluginJar : add cryp
2025-11-29 00:05:55,696 [INFO] IPUIPlugin:80 - create IPUIPlugin
2025-11-29 00:05:55,696 [INFO] PluginManager:220 - loadIPPluginJar : add ts
2025-11-29 00:05:55,696 [INFO] IPUIPlugin:80 - create IPUIPlugin
2025-11-29 00:05:55,696 [INFO] PluginManager:220 - loadIPPluginJar : add fatfs
2025-11-29 00:05:55,697 [INFO] IPUIPlugin:80 - create IPUIPlugin
2025-11-29 00:05:55,697 [INFO] PluginManager:220 - loadIPPluginJar : add opamp
2025-11-29 00:05:55,697 [INFO] IPUIPlugin:80 - create IPUIPlugin
2025-11-29 00:05:55,697 [INFO] PluginManager:220 - loadIPPluginJar : add comp
2025-11-29 00:05:55,699 [INFO] IPUIPlugin:80 - create IPUIPlugin
2025-11-29 00:05:55,699 [INFO] PluginManager:220 - loadIPPluginJar : add resmgrutility
2025-11-29 00:05:55,699 [INFO] IPUIPlugin:80 - create IPUIPlugin
2025-11-29 00:05:55,699 [INFO] PluginManager:220 - loadIPPluginJar : add gtzc
2025-11-29 00:05:55,702 [INFO] IPUIPlugin:80 - create IPUIPlugin
2025-11-29 00:05:55,702 [INFO] PluginManager:220 - loadIPPluginJar : add mdma
2025-11-29 00:05:55,704 [INFO] IPUIPlugin:80 - create IPUIPlugin
2025-11-29 00:05:55,704 [INFO] PluginManager:220 - loadIPPluginJar : add genericplugin
2025-11-29 00:05:55,704 [INFO] IPUIPlugin:80 - create IPUIPlugin
2025-11-29 00:05:55,704 [INFO] PluginManager:220 - loadIPPluginJar : add tsc
2025-11-29 00:05:55,705 [INFO] IPUIPlugin:80 - create IPUIPlugin
2025-11-29 00:05:55,705 [INFO] PluginManager:220 - loadIPPluginJar : add i2c
2025-11-29 00:05:55,706 [INFO] IPUIPlugin:80 - create IPUIPlugin
2025-11-29 00:05:55,706 [INFO] PluginManager:220 - loadIPPluginJar : add touchsensing
2025-11-29 00:05:55,708 [INFO] IPUIPlugin:80 - create IPUIPlugin
2025-11-29 00:05:55,709 [INFO] PluginManager:220 - loadIPPluginJar : add freertos
2025-11-29 00:05:55,709 [INFO] IPUIPlugin:80 - create IPUIPlugin
2025-11-29 00:05:55,709 [INFO] PluginManager:220 - loadIPPluginJar : add dma3
2025-11-29 00:05:55,710 [INFO] IPUIPlugin:80 - create IPUIPlugin
2025-11-29 00:05:55,710 [INFO] PluginManager:220 - loadIPPluginJar : add usart
2025-11-29 00:05:55,711 [INFO] IPUIPlugin:80 - create IPUIPlugin
2025-11-29 00:05:55,711 [INFO] PluginManager:220 - loadIPPluginJar : add i2s
2025-11-29 00:05:55,796 [FATAL] Updater:351 - Updater called before beeing initialized
2025-11-29 00:05:55,807 [INFO] RulesReader:64 - Compatibility file has been processed (317 Rules)
2025-11-29 00:05:55,823 [INFO] RulesReader:64 - Compatibility file has been processed (317 Rules)
2025-11-29 00:05:55,828 [INFO] CADModel:165 - CPN selected for project level
2025-11-29 00:05:55,829 [INFO] CADModel:114 - Register for checkConnection events
2025-11-29 00:05:55,829 [FATAL] Updater:351 - Updater called before beeing initialized
2025-11-29 00:05:55,829 [ERROR] CADModel:125 - Updater not yet initialized, retry later 
2025-11-29 00:05:55,923 [FATAL] Updater:351 - Updater called before beeing initialized
2025-11-29 00:05:55,924 [INFO] CADModel:165 - CPN selected for project level
2025-11-29 00:05:55,924 [INFO] CADModel:114 - Register for checkConnection events
2025-11-29 00:05:55,924 [FATAL] Updater:351 - Updater called before beeing initialized
2025-11-29 00:05:55,924 [ERROR] CADModel:125 - Updater not yet initialized, retry later 
2025-11-29 00:05:55,925 [FATAL] Updater:351 - Updater called before beeing initialized
2025-11-29 00:05:55,955 [FATAL] Updater:351 - Updater called before beeing initialized
2025-11-29 00:05:55,957 [INFO] DbMcusAds:53 - JSON generation date=Tue Nov 25 09:08:32 EST 2025 (1764079712835)
2025-11-29 00:05:55,957 [FATAL] Updater:351 - Updater called before beeing initialized
2025-11-29 00:05:55,970 [WARN] DetailPanel:346 - Failed to get advertising image, set to default
2025-11-29 00:05:56,004 [FATAL] Updater:351 - Updater called before beeing initialized
2025-11-29 00:05:56,005 [FATAL] Updater:351 - Updater called before beeing initialized
2025-11-29 00:05:56,006 [FATAL] Updater:351 - Updater called before beeing initialized
2025-11-29 00:05:56,006 [WARN] DetailPanel:346 - Failed to get advertising image, set to default
2025-11-29 00:05:56,006 [FATAL] Updater:351 - Updater called before beeing initialized
2025-11-29 00:05:56,024 [ERROR] Updater:1198 - MainUpdater not yet initialized. External WinMGr cannot be set.
2025-11-29 00:05:56,025 [INFO] Updater:1134 - Updater Version found : 6.15.0
2025-11-29 00:05:56,035 [INFO] ApplicationProperties:184 - Using Application install path: /opt/st/stm32cubeide_1.19.0/plugins/com.st.stm32cube.common.mx_6.15.0.202507011659
2025-11-29 00:05:56,155 [INFO] MainUpdater:2872 - connection check result : 10
2025-11-29 00:05:56,155 [INFO] MainUpdater:289 - Updater Check For Update Now.
2025-11-29 00:05:56,155 [INFO] MicroXplorer:498 - Change Database Version : DB.6.0.150
2025-11-29 00:05:56,157 [INFO] McuFinderGlobals:63 - Set McuFinder mode to 2 (CubeIDE integrated)
2025-11-29 00:05:56,157 [INFO] UserAuth:487 - Internet connection configuration mode: 1
2025-11-29 00:05:56,166 [INFO] JxBrowserEngine:152 - Initiate JxBrowser Engine with user profile folder
2025-11-29 00:05:56,292 [INFO] CheckServerUpdateThread:120 - End of CheckServer Thread
2025-11-29 00:05:56,594 [INFO] WebApp:169 - Instantiating new browser for Auth
2025-11-29 00:05:57,014 [INFO] WebApp:463 - Apply proxy settings
2025-11-29 00:05:57,014 [INFO] WebApp:548 - Chromium requires no authentication
2025-11-29 00:05:57,018 [INFO] WebApp:491 - Direct internet connection detected
2025-11-29 00:05:57,031 [INFO] WebApp:900 - Register for checkConnection events
2025-11-29 00:05:57,032 [INFO] WebApp:463 - Apply proxy settings
2025-11-29 00:05:57,032 [INFO] WebApp:548 - Chromium requires no authentication
2025-11-29 00:05:57,032 [INFO] WebApp:491 - Direct internet connection detected
2025-11-29 00:05:57,095 [INFO] WebApp:225 - Starting web application
2025-11-29 00:05:57,096 [INFO] WebApp:593 - Web application path used /opt/st/stm32cubeide_1.19.0/plugins/com.st.stm32cube.common.mx_6.15.0.202507011659/db/plugins/mcufinder/reactClient1/index.html
2025-11-29 00:05:57,163 [INFO] UserAuth:487 - Internet connection configuration mode: 1
2025-11-29 00:05:57,218 [INFO] WebApp:191 - Connection restablished
2025-11-29 00:05:58,471 [WARN] PackLoader:240 - Cannot read IP mode file for STMicroelectronics.FP-SNS-MOTENVWB1.1.4.0
2025-11-29 00:05:58,476 [WARN] PackLoader:240 - Cannot read IP mode file for STMicroelectronics.FP-ATR-ASTRA1.2.0.2
2025-11-29 00:05:58,479 [WARN] PackLoader:240 - Cannot read IP mode file for STMicroelectronics.X-CUBE-SMBUS.2.1.0
2025-11-29 00:05:58,501 [WARN] PackLoader:240 - Cannot read IP mode file for STMicroelectronics.X-CUBE-AZRTOS-F7.1.1.0
2025-11-29 00:05:58,505 [WARN] PackLoader:240 - Cannot read IP mode file for Cesanta.I-CUBE-Mongoose.7.19.0
2025-11-29 00:05:58,507 [WARN] PackLoader:240 - Cannot read IP mode file for STMicroelectronics.FP-SNS-MOTENV1.5.1.0
2025-11-29 00:05:58,511 [WARN] PackLoader:240 - Cannot read IP mode file for WES.I-CUBE-Cesium.1.4.0
2025-11-29 00:05:58,522 [WARN] PackLoader:240 - Cannot read IP mode file for Infineon.AIROC-Wi-Fi-Bluetooth-STM32.1.7.1
2025-11-29 00:05:58,535 [WARN] PackLoader:240 - Cannot read IP mode file for STMicroelectronics.X-CUBE-AZRTOS-H7.3.4.0
2025-11-29 00:05:58,540 [WARN] PackLoader:240 - Cannot read IP mode file for STMicroelectronics.X-CUBE-DISPLAY.3.0.0
2025-11-29 00:05:58,546 [WARN] PackLoader:240 - Cannot read IP mode file for STMicroelectronics.X-CUBE-NFC10.1.0.0
2025-11-29 00:05:58,548 [WARN] PackLoader:240 - Cannot read IP mode file for STMicroelectronics.X-CUBE-ST60.1.1.0
2025-11-29 00:05:58,549 [WARN] PackLoader:240 - Cannot read IP mode file for emotas.I-CUBE-CANOPEN.1.3.0
2025-11-29 00:05:58,552 [WARN] PackLoader:240 - Cannot read IP mode file for STMicroelectronics.X-CUBE-GNSS1.7.1.0
2025-11-29 00:05:58,553 [WARN] PackLoader:240 - Cannot read IP mode file for STMicroelectronics.FP-SNS-STBOX1.2.1.0
2025-11-29 00:05:58,555 [WARN] PackLoader:240 - Cannot read IP mode file for STMicroelectronics.FP-SNS-SMARTAG2.1.2.0
2025-11-29 00:05:58,556 [WARN] PackLoader:240 - Cannot read IP mode file for STMicroelectronics.FP-SNS-FLIGHT1.5.1.0
2025-11-29 00:05:58,560 [INFO] LogOutputStream:77 - [STDOUT_REDIRECT] 1 : Invalid condition id : UX_CORESTACK_Condition cause : null
2025-11-29 00:05:58,560 [INFO] LogOutputStream:77 - [STDOUT_REDIRECT] 1 : Invalid condition id : UX_CORESTACK_Condition cause : null
2025-11-29 00:05:58,560 [INFO] LogOutputStream:77 - [STDOUT_REDIRECT] 1 : Invalid condition id : UX_CORESTACK_Condition cause : null
2025-11-29 00:05:58,560 [INFO] LogOutputStream:77 - [STDOUT_REDIRECT] 1 : Invalid condition id : UX_CORESTACK_Condition cause : null
2025-11-29 00:05:58,560 [INFO] LogOutputStream:77 - [STDOUT_REDIRECT] 1 : Invalid condition id : UX_CORESTACK_Condition cause : null
2025-11-29 00:05:58,562 [WARN] PackLoader:240 - Cannot read IP mode file for STMicroelectronics.X-CUBE-AZRTOS-WL.2.0.0
2025-11-29 00:05:58,569 [WARN] PackLoader:240 - Cannot read IP mode file for STMicroelectronics.X-CUBE-AZRTOS-H7RS.1.2.0
2025-11-29 00:05:58,571 [WARN] PackLoader:240 - Cannot read IP mode file for STMicroelectronics.X-CUBE-BLE2.3.3.0
2025-11-29 00:05:58,581 [WARN] PackLoader:240 - Cannot read IP mode file for STMicroelectronics.X-CUBE-NFC9.1.0.0
2025-11-29 00:05:58,583 [WARN] PackLoader:240 - Cannot read IP mode file for wolfSSL.I-CUBE-wolfSSL.5.8.2
2025-11-29 00:05:58,585 [WARN] PackLoader:240 - Cannot read IP mode file for STMicroelectronics.X-CUBE-BLE1.7.1.0
2025-11-29 00:05:58,595 [WARN] PackLoader:240 - Cannot read IP mode file for wolfSSL.I-CUBE-wolfMQTT.1.19.2
2025-11-29 00:05:58,598 [WARN] PackLoader:240 - Cannot read IP mode file for STMicroelectronics.X-CUBE-FREERTOS.1.4.0
2025-11-29 00:05:58,600 [WARN] PackLoader:240 - Cannot read IP mode file for STMicroelectronics.X-CUBE-EEPRMA1.5.2.0
2025-11-29 00:05:58,603 [WARN] PackLoader:240 - Cannot read IP mode file for STMicroelectronics.X-CUBE-ST67W61.1.1.0
2025-11-29 00:05:58,645 [WARN] PackLoader:240 - Cannot read IP mode file for STMicroelectronics.X-CUBE-MEMS1.12.0.0
2025-11-29 00:05:58,693 [WARN] PackLoader:240 - Cannot read IP mode file for STMicroelectronics.X-CUBE-AZRTOS-G0.1.1.0
2025-11-29 00:05:58,698 [WARN] PackLoader:240 - Cannot read IP mode file for STMicroelectronics.X-CUBE-NFC4.3.0.0
2025-11-29 00:05:58,701 [WARN] PackLoader:240 - Cannot read IP mode file for EmbeddedOffice.I-CUBE-FS-RTOS.1.0.1
2025-11-29 00:05:58,740 [WARN] PackLoader:240 - Cannot read IP mode file for STMicroelectronics.X-CUBE-WB05N.2.0.0
2025-11-29 00:05:58,741 [WARN] PackLoader:240 - Cannot read IP mode file for wolfSSL.I-CUBE-wolfTPM.3.8.0
2025-11-29 00:05:58,743 [WARN] PackLoader:240 - Cannot read IP mode file for STMicroelectronics.X-CUBE-TCPP.4.2.0
2025-11-29 00:05:58,745 [WARN] PackLoader:240 - Cannot read IP mode file for RealThread.X-CUBE-RT-Thread_Nano.4.1.1
2025-11-29 00:05:58,746 [WARN] PackLoader:240 - Cannot read IP mode file for STMicroelectronics.FP-ATR-SIGFOX1.3.2.0
2025-11-29 00:05:58,749 [WARN] PackLoader:240 - Cannot read IP mode file for ITTIA_DB.I-CUBE-ITTIADB.8.9.0
2025-11-29 00:05:58,752 [WARN] PackLoader:240 - Cannot read IP mode file for STMicroelectronics.X-CUBE-AI.10.2.0
2025-11-29 00:05:58,762 [WARN] PackLoader:240 - Cannot read IP mode file for SEGGER.I-CUBE-embOS.1.3.1
2025-11-29 00:05:58,783 [WARN] PackLoader:240 - Cannot read IP mode file for STMicroelectronics.X-CUBE-ALGOBUILD.1.4.0
2025-11-29 00:05:58,801 [WARN] PackLoader:240 - Cannot read IP mode file for STMicroelectronics.X-CUBE-MEMS1.11.3.0
2025-11-29 00:05:58,848 [WARN] PackLoader:240 - Cannot read IP mode file for STMicroelectronics.X-CUBE-PM33A1.1.0.0
2025-11-29 00:05:58,854 [WARN] PackLoader:240 - Cannot read IP mode file for STMicroelectronics.X-CUBE-AZRTOS-F4.1.1.0
2025-11-29 00:05:58,859 [WARN] PackLoader:240 - Cannot read IP mode file for STMicroelectronics.X-CUBE-ISPU.2.1.0
2025-11-29 00:05:58,863 [WARN] PackLoader:240 - Cannot read IP mode file for STMicroelectronics.X-CUBE-IPS.3.2.0
2025-11-29 00:05:58,867 [WARN] PackLoader:240 - Cannot read IP mode file for STMicroelectronics.X-CUBE-NFC12.1.0.0
2025-11-29 00:05:58,873 [WARN] PackLoader:240 - Cannot read IP mode file for STMicroelectronics.X-CUBE-AZRTOS-L5.2.0.0
2025-11-29 00:05:58,878 [WARN] PackLoader:240 - Cannot read IP mode file for STMicroelectronics.X-CUBE-NFC6.3.1.0
2025-11-29 00:05:58,881 [WARN] PackLoader:240 - Cannot read IP mode file for STMicroelectronics.X-CUBE-FREERTOS.1.3.1
2025-11-29 00:05:58,906 [WARN] PackLoader:240 - Cannot read IP mode file for STMicroelectronics.X-CUBE-TOUCHGFX.4.26.0
2025-11-29 00:05:58,908 [WARN] PackLoader:240 - Cannot read IP mode file for STMicroelectronics.FP-SNS-STAIOTCFT.1.0.0
2025-11-29 00:05:58,910 [WARN] PackLoader:240 - Cannot read IP mode file for STMicroelectronics.X-CUBE-DPower.1.3.0
2025-11-29 00:05:58,916 [WARN] ConditionMgr:438 - getConditionDescription Invalid condition id : LAN8742 Phy interface Condition cause : null
2025-11-29 00:05:58,917 [WARN] PackLoader:240 - Cannot read IP mode file for STMicroelectronics.X-CUBE-AZRTOS-L4.2.0.0
2025-11-29 00:05:58,917 [WARN] ConditionMgr:1044 - genDependencies : Invalid condition id : LAN8742 Phy interface Condition cause : null
2025-11-29 00:05:58,925 [WARN] ConditionMgr:1044 - genDependencies : Invalid condition id : LAN8742 Phy interface Condition cause : null
2025-11-29 00:05:58,925 [WARN] ConditionMgr:1044 - genDependencies : Invalid condition id : LAN8742 Phy interface Condition cause : null
2025-11-29 00:05:58,929 [WARN] PackLoader:240 - Cannot read IP mode file for STMicroelectronics.X-CUBE-SFXS2LP1.4.0.0
2025-11-29 00:05:58,934 [WARN] PackLoader:240 - Cannot read IP mode file for STMicroelectronics.X-CUBE-BLEMGR.4.1.0
2025-11-29 00:05:58,940 [WARN] ConditionMgr:438 - getConditionDescription Invalid condition id : UX DEVICE CLASS RTOS Condition cause : null
2025-11-29 00:05:58,940 [WARN] ConditionMgr:438 - getConditionDescription Invalid condition id : UX DEVICE CLASS RTOS Condition cause : null
2025-11-29 00:05:58,941 [WARN] PackLoader:240 - Cannot read IP mode file for STMicroelectronics.X-CUBE-AZRTOS-WB.2.0.0
2025-11-29 00:05:58,941 [WARN] ConditionMgr:1044 - genDependencies : Invalid condition id : UX DEVICE CLASS RTOS Condition cause : null
2025-11-29 00:05:58,941 [WARN] ConditionMgr:1044 - genDependencies : Invalid condition id : UX DEVICE CLASS RTOS Condition cause : null
2025-11-29 00:05:58,941 [WARN] ConditionMgr:1044 - genDependencies : Invalid condition id : UX DEVICE CLASS RTOS Condition cause : null
2025-11-29 00:05:58,941 [WARN] ConditionMgr:1044 - genDependencies : Invalid condition id : UX DEVICE CLASS RTOS Condition cause : null
2025-11-29 00:05:58,941 [WARN] ConditionMgr:1044 - genDependencies : Invalid condition id : UX DEVICE CLASS RTOS Condition cause : null
2025-11-29 00:05:58,943 [WARN] ConditionMgr:438 - getConditionDescription Invalid condition id : Cortex-A Device cause : null
2025-11-29 00:05:58,945 [WARN] ConditionMgr:1044 - genDependencies : Invalid condition id : Cortex-A Device cause : null
2025-11-29 00:05:58,945 [WARN] ConditionMgr:1044 - genDependencies : Invalid condition id : Cortex-A Device cause : null
2025-11-29 00:05:58,945 [WARN] ConditionMgr:1044 - genDependencies : Invalid condition id : Cortex-A Device cause : null
2025-11-29 00:05:58,947 [WARN] PackLoader:240 - Cannot read IP mode file for STMicroelectronics.X-CUBE-SUBG2.5.0.0
2025-11-29 00:05:58,954 [WARN] PackLoader:240 - Cannot read IP mode file for STMicroelectronics.X-CUBE-AZRTOS-H7RS.1.1.0
2025-11-29 00:05:58,958 [WARN] PackLoader:240 - Cannot read IP mode file for STMicroelectronics.X-CUBE-AZRTOS-G4.2.0.0
2025-11-29 00:05:58,959 [WARN] PackLoader:240 - Cannot read IP mode file for wolfSSL.I-CUBE-wolfSSH.1.4.20
2025-11-29 00:05:58,961 [WARN] PackLoader:240 - Cannot read IP mode file for STMicroelectronics.X-CUBE-NFC7.2.0.0
2025-11-29 00:05:58,961 [WARN] PackLoader:240 - Cannot read IP mode file for STMicroelectronics.X-CUBE-ALS.1.0.2
2025-11-29 00:05:58,963 [WARN] PackLoader:240 - Cannot read IP mode file for STMicroelectronics.X-CUBE-STSE01.1.0.0
2025-11-29 00:05:58,966 [WARN] PackLoader:240 - Cannot read IP mode file for STMicroelectronics.X-CUBE-TOF1.3.4.3
2025-11-29 00:05:58,969 [INFO] ThirdParty:978 - Integrity check success = true
2025-11-29 00:05:58,969 [INFO] IntegrityCheckThread:100 - exiting critical section [integrity check]
2025-11-29 00:05:58,969 [INFO] IntegrityCheckThread:103 - End integrity checks thread
2025-11-29 00:07:01,966 [ERROR] LogOutputStream:75 - [STDERR_REDIRECT] 
2025-11-29 00:07:12,844 [INFO] Activator:176 - 


2025-11-29 00:07:12,845 [INFO] Activator:177 - !SESSION log4j initialized
2025-11-29 00:07:14,992 [INFO] LogOutputStream:77 - [STDOUT_REDIRECT] 
2025-11-29 00:07:15,274 [INFO] ApplicationProperties:184 - Using Application install path: /opt/st/stm32cubeide_1.19.0/plugins/com.st.stm32cube.common.mx_6.15.0.202507011659
2025-11-29 00:07:15,284 [INFO] DbMcusXml:78 - Set database path to: /opt/st/stm32cubeide_1.19.0/plugins/com.st.stm32cube.common.mx_6.15.0.202507011659//db//mcu/
2025-11-29 00:07:15,284 [INFO] ApiDb:274 - Set plugin database path to: /opt/st/stm32cubeide_1.19.0/plugins/com.st.stm32cube.common.mx_6.15.0.202507011659//db//plugins/boardmanager/
2025-11-29 00:07:15,284 [WARN] ApiDb:259 - Overriding images path with different value:  => /opt/st/stm32cubeide_1.19.0/plugins/com.st.stm32cube.common.mx_6.15.0.202507011659//db//plugins/mcufinder/images/
2025-11-29 00:07:15,286 [INFO] ApiDb:250 - Set database path to: /home/lucasnascimento/.stmcufinder/plugins/mcufinder//mcu/
2025-11-29 00:07:15,287 [INFO] DbMcusAds:125 - Set database path to: /home/lucasnascimento/.stmcufinder/plugins/mcufinder//mcu/
2025-11-29 00:07:15,288 [INFO] CrossReferenceDbSqlite:203 - Set database path to: /home/lucasnascimento/.stmcufinder/plugins/mcufinder//mcu/cs/
2025-11-29 00:07:15,338 [INFO] RulesReader:64 - Compatibility file has been processed (317 Rules)
2025-11-29 00:07:15,365 [INFO] DbMcusXml:78 - Set database path to: /opt/st/stm32cubeide_1.19.0/plugins/com.st.stm32cube.common.mx_6.15.0.202507011659//db//mcu/
2025-11-29 00:07:15,365 [INFO] ApiDb:274 - Set plugin database path to: /opt/st/stm32cubeide_1.19.0/plugins/com.st.stm32cube.common.mx_6.15.0.202507011659//db//plugins/boardmanager/
2025-11-29 00:07:15,365 [INFO] ApiDb:261 - Set plugin images path to: /opt/st/stm32cubeide_1.19.0/plugins/com.st.stm32cube.common.mx_6.15.0.202507011659//db//plugins/mcufinder/images/
2025-11-29 00:07:15,365 [WARN] DbFile:41 - Overriding database path with different value: /home/lucasnascimento/.stmcufinder/plugins/mcufinder/ => /home/lucasnascimento/.stmcufinder/plugins/mcufinder
2025-11-29 00:07:15,365 [INFO] ApiDb:250 - Set database path to: /home/lucasnascimento/.stmcufinder/plugins/mcufinder//mcu/
2025-11-29 00:07:15,365 [WARN] DbFile:41 - Overriding database path with different value: /home/lucasnascimento/.stmcufinder/plugins/mcufinder/ => /home/lucasnascimento/.stmcufinder/plugins/mcufinder
2025-11-29 00:07:15,365 [INFO] DbMcusAds:125 - Set database path to: /home/lucasnascimento/.stmcufinder/plugins/mcufinder//mcu/
2025-11-29 00:07:15,366 [WARN] DbFile:41 - Overriding database path with different value: /home/lucasnascimento/.stmcufinder/plugins/mcufinder/ => /home/lucasnascimento/.stmcufinder/plugins/mcufinder
2025-11-29 00:07:15,366 [WARN] DbFile:41 - Overriding database path with different value: /home/lucasnascimento/.stmcufinder/plugins/mcufinder/ => /home/lucasnascimento/.stmcufinder/plugins/mcufinder
2025-11-29 00:07:15,366 [INFO] CrossReferenceDbSqlite:203 - Set database path to: /home/lucasnascimento/.stmcufinder/plugins/mcufinder//mcu/cs/
2025-11-29 00:07:15,394 [INFO] MainPanel:274 - HeapMemory: 268435456
2025-11-29 00:07:15,451 [INFO] DbMcusXml:78 - Set database path to: /opt/st/stm32cubeide_1.19.0/plugins/com.st.stm32cube.common.mx_6.15.0.202507011659//db//mcu/
2025-11-29 00:07:15,451 [INFO] ApiDb:274 - Set plugin database path to: /opt/st/stm32cubeide_1.19.0/plugins/com.st.stm32cube.common.mx_6.15.0.202507011659//db//plugins/boardmanager/
2025-11-29 00:07:15,451 [INFO] ApiDb:261 - Set plugin images path to: /opt/st/stm32cubeide_1.19.0/plugins/com.st.stm32cube.common.mx_6.15.0.202507011659//db//plugins/mcufinder/images/
2025-11-29 00:07:15,452 [WARN] DbFile:41 - Overriding database path with different value: /home/lucasnascimento/.stmcufinder/plugins/mcufinder/ => /home/lucasnascimento/.stmcufinder/plugins/mcufinder
2025-11-29 00:07:15,452 [INFO] ApiDb:250 - Set database path to: /home/lucasnascimento/.stmcufinder/plugins/mcufinder//mcu/
2025-11-29 00:07:15,452 [WARN] DbFile:41 - Overriding database path with different value: /home/lucasnascimento/.stmcufinder/plugins/mcufinder/ => /home/lucasnascimento/.stmcufinder/plugins/mcufinder
2025-11-29 00:07:15,452 [INFO] DbMcusAds:125 - Set database path to: /home/lucasnascimento/.stmcufinder/plugins/mcufinder//mcu/
2025-11-29 00:07:15,452 [WARN] DbFile:41 - Overriding database path with different value: /home/lucasnascimento/.stmcufinder/plugins/mcufinder/ => /home/lucasnascimento/.stmcufinder/plugins/mcufinder
2025-11-29 00:07:15,452 [WARN] DbFile:41 - Overriding database path with different value: /home/lucasnascimento/.stmcufinder/plugins/mcufinder/ => /home/lucasnascimento/.stmcufinder/plugins/mcufinder
2025-11-29 00:07:15,452 [INFO] CrossReferenceDbSqlite:203 - Set database path to: /home/lucasnascimento/.stmcufinder/plugins/mcufinder//mcu/cs/
2025-11-29 00:07:15,459 [INFO] ApplicationProperties:184 - Using Application install path: /opt/st/stm32cubeide_1.19.0/plugins/com.st.stm32cube.common.mx_6.15.0.202507011659
2025-11-29 00:07:15,460 [INFO] PluginManage:196 - Search for loadable plugins [exclusion list=, ]
2025-11-29 00:07:15,460 [INFO] PluginManage:310 - Check plugin analytics
2025-11-29 00:07:15,538 [INFO] AnalyticsPlugin:253 - Accepted Software Licenses: 
2025-11-29 00:07:15,538 [INFO] AnalyticsPlugin:255 - Accepted CMSIS Pack Licenses: STMicroelectronics.X-CUBE-FREERTOS.1.3.1,EmbeddedOffice.I-CUBE-FS-RTOS.1.0.1
2025-11-29 00:07:15,538 [INFO] AnalyticsPlugin:257 - Accepted Firmware Licenses: FW.H5.1.5.0
2025-11-29 00:07:15,539 [INFO] PluginManage:359 - Loaded plugin analytics (category:tool,tabindex:-1)
2025-11-29 00:07:15,539 [INFO] PluginManage:310 - Check plugin cadmodel
2025-11-29 00:07:15,540 [INFO] CADModel:105 - Init CAD model plugin
2025-11-29 00:07:15,540 [INFO] PluginManage:359 - Loaded plugin cadmodel (category:power,tabindex:5)
2025-11-29 00:07:15,540 [INFO] PluginManage:310 - Check plugin clock
2025-11-29 00:07:15,544 [INFO] PluginManage:359 - Loaded plugin clock (category:base,tabindex:2)
2025-11-29 00:07:15,544 [INFO] PluginManage:310 - Check plugin ddr
2025-11-29 00:07:15,544 [INFO] PluginManage:359 - Loaded plugin ddr (category:tool,tabindex:6)
2025-11-29 00:07:15,545 [INFO] PluginManage:310 - Check plugin filemanager
2025-11-29 00:07:15,620 [INFO] PluginManage:359 - Loaded plugin filemanager (category:base,tabindex:10)
2025-11-29 00:07:15,620 [INFO] PluginManage:310 - Check plugin ipmanager
2025-11-29 00:07:15,622 [INFO] PluginManage:359 - Loaded plugin ipmanager (category:base,tabindex:5)
2025-11-29 00:07:15,622 [INFO] PluginManage:310 - Check plugin lpbam
2025-11-29 00:07:15,626 [INFO] PluginManage:359 - Loaded plugin lpbam (category:base,tabindex:0)
2025-11-29 00:07:15,626 [INFO] PluginManage:310 - Check plugin memorymap
2025-11-29 00:07:15,632 [INFO] PluginManage:359 - Loaded plugin memorymap (category:base,tabindex:4)
2025-11-29 00:07:15,632 [INFO] PluginManage:310 - Check plugin pinoutandconfiguration
2025-11-29 00:07:15,635 [INFO] PluginManage:359 - Loaded plugin pinoutandconfiguration (category:base,tabindex:1)
2025-11-29 00:07:15,635 [INFO] PluginManage:310 - Check plugin pinoutconfig
2025-11-29 00:07:15,672 [WARN] SupportedApi:132 - Cannot load RTOS API schema: s4s-elt-must-match.1: The content of 'definitions' must match (annotation?, (simpleType | complexType)?, (unique | key | keyref)*)). A problem was found starting at: attribute.
2025-11-29 00:07:15,725 [INFO] PluginManage:359 - Loaded plugin pinoutconfig (category:base,tabindex:0)
2025-11-29 00:07:15,725 [INFO] PluginManage:310 - Check plugin power
2025-11-29 00:07:15,728 [INFO] PluginManage:359 - Loaded plugin power (category:power,tabindex:4)
2025-11-29 00:07:15,728 [INFO] PluginManage:310 - Check plugin projectmanager
2025-11-29 00:07:15,735 [INFO] PluginManage:359 - Loaded plugin projectmanager (category:projectmanager,tabindex:4)
2025-11-29 00:07:15,735 [INFO] PluginManage:310 - Check plugin rif
2025-11-29 00:07:15,755 [INFO] PluginManage:359 - Loaded plugin rif (category:base,tabindex:3)
2025-11-29 00:07:15,755 [INFO] PluginManage:310 - Check plugin thirdparty
2025-11-29 00:07:15,804 [INFO] PluginManage:359 - Loaded plugin thirdparty (category:base,tabindex:-1)
2025-11-29 00:07:15,804 [INFO] PluginManage:310 - Check plugin tools
2025-11-29 00:07:15,804 [WARN] IntegrityCheckThread:84 - waiting for thirdparty lock release [integrity check]
2025-11-29 00:07:15,804 [INFO] IntegrityCheckThread:86 - entering critical section [integrity check]
2025-11-29 00:07:15,804 [INFO] ThirdPartyUpdaterWithRetryManager:70 - Updater plugin not ready yet. [1/15]
2025-11-29 00:07:15,805 [INFO] PluginManage:359 - Loaded plugin tools (category:base,tabindex:7)
2025-11-29 00:07:15,805 [INFO] PluginManage:310 - Check plugin tutovideos
2025-11-29 00:07:15,894 [INFO] PluginManage:359 - Loaded plugin tutovideos (category:base,tabindex:-1)
2025-11-29 00:07:15,894 [INFO] PluginManage:310 - Check plugin updater
2025-11-29 00:07:15,904 [INFO] PluginManage:359 - Loaded plugin updater (category:base,tabindex:12)
2025-11-29 00:07:15,904 [INFO] PluginManage:310 - Check plugin userauth
2025-11-29 00:07:15,906 [INFO] UserAuth:118 - Init User Auth plugin
2025-11-29 00:07:15,906 [INFO] PluginManage:359 - Loaded plugin userauth (category:base,tabindex:14)
2025-11-29 00:07:15,906 [INFO] PluginManage:283 - PluginManage : Loaded plugins [18]
2025-11-29 00:07:15,994 [INFO] PinOutPanel:1589 - setPackage(No Configuration,No Configuration)
2025-11-29 00:07:16,025 [INFO] CADModel:165 - CPN selected for project level
2025-11-29 00:07:16,025 [INFO] CADModel:114 - Register for checkConnection events
2025-11-29 00:07:16,030 [INFO] IPUIPlugin:80 - create IPUIPlugin
2025-11-29 00:07:16,030 [INFO] PluginManager:220 - loadIPPluginJar : add i3c
2025-11-29 00:07:16,033 [INFO] IPUIPlugin:80 - create IPUIPlugin
2025-11-29 00:07:16,034 [INFO] PluginManager:220 - loadIPPluginJar : add stm32_wpan
2025-11-29 00:07:16,035 [INFO] IPUIPlugin:80 - create IPUIPlugin
2025-11-29 00:07:16,035 [INFO] PluginManager:220 - loadIPPluginJar : add ipddr
2025-11-29 00:07:16,036 [INFO] IPUIPlugin:80 - create IPUIPlugin
2025-11-29 00:07:16,036 [INFO] PluginManager:220 - loadIPPluginJar : add quadspi
2025-11-29 00:07:16,037 [INFO] IPUIPlugin:80 - create IPUIPlugin
2025-11-29 00:07:16,037 [INFO] PluginManager:220 - loadIPPluginJar : add hash
2025-11-29 00:07:16,038 [INFO] IPUIPlugin:80 - create IPUIPlugin
2025-11-29 00:07:16,038 [INFO] PluginManager:220 - loadIPPluginJar : add openamp
2025-11-29 00:07:16,040 [INFO] IPUIPlugin:80 - create IPUIPlugin
2025-11-29 00:07:16,040 [INFO] PluginManager:220 - loadIPPluginJar : add fmc
2025-11-29 00:07:16,041 [INFO] IPUIPlugin:80 - create IPUIPlugin
2025-11-29 00:07:16,041 [INFO] PluginManager:220 - loadIPPluginJar : add aes
2025-11-29 00:07:16,042 [INFO] IPUIPlugin:80 - create IPUIPlugin
2025-11-29 00:07:16,042 [INFO] PluginManager:220 - loadIPPluginJar : add ucpd
2025-11-29 00:07:16,043 [INFO] IPUIPlugin:80 - create IPUIPlugin
2025-11-29 00:07:16,043 [INFO] PluginManager:220 - loadIPPluginJar : add gfxmmu
2025-11-29 00:07:16,043 [INFO] IPUIPlugin:80 - create IPUIPlugin
2025-11-29 00:07:16,043 [INFO] PluginManager:220 - loadIPPluginJar : add tim
2025-11-29 00:07:16,044 [INFO] IPUIPlugin:80 - create IPUIPlugin
2025-11-29 00:07:16,044 [INFO] PluginManager:220 - loadIPPluginJar : add dfsdm
2025-11-29 00:07:16,045 [INFO] IPUIPlugin:80 - create IPUIPlugin
2025-11-29 00:07:16,045 [INFO] PluginManager:220 - loadIPPluginJar : add sai
2025-11-29 00:07:16,046 [INFO] IPUIPlugin:80 - create IPUIPlugin
2025-11-29 00:07:16,046 [INFO] PluginManager:220 - loadIPPluginJar : add radio
2025-11-29 00:07:16,046 [INFO] IPUIPlugin:80 - create IPUIPlugin
2025-11-29 00:07:16,046 [INFO] PluginManager:220 - loadIPPluginJar : add can
2025-11-29 00:07:16,048 [INFO] IPUIPlugin:80 - create IPUIPlugin
2025-11-29 00:07:16,048 [INFO] PluginManager:220 - loadIPPluginJar : add gpio
2025-11-29 00:07:16,049 [INFO] IPUIPlugin:80 - create IPUIPlugin
2025-11-29 00:07:16,049 [INFO] PluginManager:220 - loadIPPluginJar : add extmemmanager
2025-11-29 00:07:16,052 [INFO] IPUIPlugin:80 - create IPUIPlugin
2025-11-29 00:07:16,052 [INFO] PluginManager:220 - loadIPPluginJar : add linkedlist
2025-11-29 00:07:16,055 [INFO] IPUIPlugin:80 - create IPUIPlugin
2025-11-29 00:07:16,057 [INFO] PluginManager:220 - loadIPPluginJar : add plateformsettings
2025-11-29 00:07:16,060 [INFO] IPUIPlugin:80 - create IPUIPlugin
2025-11-29 00:07:16,060 [INFO] PluginManager:220 - loadIPPluginJar : add adc
2025-11-29 00:07:16,060 [INFO] IPUIPlugin:80 - create IPUIPlugin
2025-11-29 00:07:16,061 [INFO] PluginManager:220 - loadIPPluginJar : add spi
2025-11-29 00:07:16,063 [INFO] IPUIPlugin:80 - create IPUIPlugin
2025-11-29 00:07:16,063 [INFO] PluginManager:220 - loadIPPluginJar : add gic
2025-11-29 00:07:16,064 [INFO] IPUIPlugin:80 - create IPUIPlugin
2025-11-29 00:07:16,064 [INFO] PluginManager:220 - loadIPPluginJar : add nvic
2025-11-29 00:07:16,066 [INFO] IPUIPlugin:80 - create IPUIPlugin
2025-11-29 00:07:16,067 [INFO] PluginManager:220 - loadIPPluginJar : add dma
2025-11-29 00:07:16,068 [INFO] IPUIPlugin:80 - create IPUIPlugin
2025-11-29 00:07:16,068 [INFO] PluginManager:220 - loadIPPluginJar : add ddr_ctrl_phy
2025-11-29 00:07:16,068 [INFO] IPUIPlugin:80 - create IPUIPlugin
2025-11-29 00:07:16,068 [INFO] PluginManager:220 - loadIPPluginJar : add tracer_emb
2025-11-29 00:07:16,069 [INFO] IPUIPlugin:80 - create IPUIPlugin
2025-11-29 00:07:16,069 [INFO] PluginManager:220 - loadIPPluginJar : add lorawan
2025-11-29 00:07:16,071 [INFO] IPUIPlugin:80 - create IPUIPlugin
2025-11-29 00:07:16,071 [INFO] PluginManager:220 - loadIPPluginJar : add usbx
2025-11-29 00:07:16,071 [INFO] IPUIPlugin:80 - create IPUIPlugin
2025-11-29 00:07:16,071 [INFO] PluginManager:220 - loadIPPluginJar : add ltdc
2025-11-29 00:07:16,072 [INFO] IPUIPlugin:80 - create IPUIPlugin
2025-11-29 00:07:16,072 [INFO] PluginManager:220 - loadIPPluginJar : add pdm2pcm
2025-11-29 00:07:16,073 [INFO] IPUIPlugin:80 - create IPUIPlugin
2025-11-29 00:07:16,073 [INFO] PluginManager:220 - loadIPPluginJar : add cryp
2025-11-29 00:07:16,073 [INFO] IPUIPlugin:80 - create IPUIPlugin
2025-11-29 00:07:16,074 [INFO] PluginManager:220 - loadIPPluginJar : add ts
2025-11-29 00:07:16,074 [INFO] IPUIPlugin:80 - create IPUIPlugin
2025-11-29 00:07:16,074 [INFO] PluginManager:220 - loadIPPluginJar : add fatfs
2025-11-29 00:07:16,075 [INFO] IPUIPlugin:80 - create IPUIPlugin
2025-11-29 00:07:16,075 [INFO] PluginManager:220 - loadIPPluginJar : add opamp
2025-11-29 00:07:16,075 [INFO] IPUIPlugin:80 - create IPUIPlugin
2025-11-29 00:07:16,075 [INFO] PluginManager:220 - loadIPPluginJar : add comp
2025-11-29 00:07:16,076 [INFO] IPUIPlugin:80 - create IPUIPlugin
2025-11-29 00:07:16,076 [INFO] PluginManager:220 - loadIPPluginJar : add resmgrutility
2025-11-29 00:07:16,077 [INFO] IPUIPlugin:80 - create IPUIPlugin
2025-11-29 00:07:16,077 [INFO] PluginManager:220 - loadIPPluginJar : add gtzc
2025-11-29 00:07:16,079 [INFO] IPUIPlugin:80 - create IPUIPlugin
2025-11-29 00:07:16,079 [INFO] PluginManager:220 - loadIPPluginJar : add mdma
2025-11-29 00:07:16,079 [INFO] IPUIPlugin:80 - create IPUIPlugin
2025-11-29 00:07:16,080 [INFO] PluginManager:220 - loadIPPluginJar : add genericplugin
2025-11-29 00:07:16,080 [INFO] IPUIPlugin:80 - create IPUIPlugin
2025-11-29 00:07:16,080 [INFO] PluginManager:220 - loadIPPluginJar : add tsc
2025-11-29 00:07:16,081 [INFO] IPUIPlugin:80 - create IPUIPlugin
2025-11-29 00:07:16,081 [INFO] PluginManager:220 - loadIPPluginJar : add i2c
2025-11-29 00:07:16,082 [INFO] IPUIPlugin:80 - create IPUIPlugin
2025-11-29 00:07:16,082 [INFO] PluginManager:220 - loadIPPluginJar : add touchsensing
2025-11-29 00:07:16,084 [INFO] IPUIPlugin:80 - create IPUIPlugin
2025-11-29 00:07:16,084 [INFO] PluginManager:220 - loadIPPluginJar : add freertos
2025-11-29 00:07:16,085 [INFO] IPUIPlugin:80 - create IPUIPlugin
2025-11-29 00:07:16,085 [INFO] PluginManager:220 - loadIPPluginJar : add dma3
2025-11-29 00:07:16,085 [INFO] IPUIPlugin:80 - create IPUIPlugin
2025-11-29 00:07:16,085 [INFO] PluginManager:220 - loadIPPluginJar : add usart
2025-11-29 00:07:16,086 [INFO] IPUIPlugin:80 - create IPUIPlugin
2025-11-29 00:07:16,086 [INFO] PluginManager:220 - loadIPPluginJar : add i2s
2025-11-29 00:07:16,172 [FATAL] Updater:351 - Updater called before beeing initialized
2025-11-29 00:07:16,182 [INFO] RulesReader:64 - Compatibility file has been processed (317 Rules)
2025-11-29 00:07:16,189 [INFO] RulesReader:64 - Compatibility file has been processed (317 Rules)
2025-11-29 00:07:16,195 [INFO] CADModel:165 - CPN selected for project level
2025-11-29 00:07:16,195 [INFO] CADModel:114 - Register for checkConnection events
2025-11-29 00:07:16,195 [FATAL] Updater:351 - Updater called before beeing initialized
2025-11-29 00:07:16,195 [ERROR] CADModel:125 - Updater not yet initialized, retry later 
2025-11-29 00:07:16,277 [FATAL] Updater:351 - Updater called before beeing initialized
2025-11-29 00:07:16,278 [INFO] CADModel:165 - CPN selected for project level
2025-11-29 00:07:16,278 [INFO] CADModel:114 - Register for checkConnection events
2025-11-29 00:07:16,279 [FATAL] Updater:351 - Updater called before beeing initialized
2025-11-29 00:07:16,279 [ERROR] CADModel:125 - Updater not yet initialized, retry later 
2025-11-29 00:07:16,281 [FATAL] Updater:351 - Updater called before beeing initialized
2025-11-29 00:07:16,340 [FATAL] Updater:351 - Updater called before beeing initialized
2025-11-29 00:07:16,342 [INFO] DbMcusAds:53 - JSON generation date=Tue Nov 25 09:08:32 EST 2025 (1764079712835)
2025-11-29 00:07:16,343 [FATAL] Updater:351 - Updater called before beeing initialized
2025-11-29 00:07:16,357 [WARN] DetailPanel:346 - Failed to get advertising image, set to default
2025-11-29 00:07:16,390 [FATAL] Updater:351 - Updater called before beeing initialized
2025-11-29 00:07:16,392 [FATAL] Updater:351 - Updater called before beeing initialized
2025-11-29 00:07:16,392 [FATAL] Updater:351 - Updater called before beeing initialized
2025-11-29 00:07:16,392 [WARN] DetailPanel:346 - Failed to get advertising image, set to default
2025-11-29 00:07:16,394 [FATAL] Updater:351 - Updater called before beeing initialized
2025-11-29 00:07:16,410 [ERROR] Updater:1198 - MainUpdater not yet initialized. External WinMGr cannot be set.
2025-11-29 00:07:16,411 [INFO] Updater:1134 - Updater Version found : 6.15.0
2025-11-29 00:07:16,422 [INFO] ApplicationProperties:184 - Using Application install path: /opt/st/stm32cubeide_1.19.0/plugins/com.st.stm32cube.common.mx_6.15.0.202507011659
2025-11-29 00:07:16,560 [INFO] MainUpdater:2872 - connection check result : 10
2025-11-29 00:07:16,561 [INFO] MainUpdater:289 - Updater Check For Update Now.
2025-11-29 00:07:16,561 [INFO] MicroXplorer:498 - Change Database Version : DB.6.0.150
2025-11-29 00:07:16,563 [INFO] McuFinderGlobals:63 - Set McuFinder mode to 2 (CubeIDE integrated)
2025-11-29 00:07:16,563 [INFO] UserAuth:487 - Internet connection configuration mode: 1
2025-11-29 00:07:16,572 [INFO] JxBrowserEngine:152 - Initiate JxBrowser Engine with user profile folder
2025-11-29 00:07:16,702 [INFO] CheckServerUpdateThread:120 - End of CheckServer Thread
2025-11-29 00:07:16,937 [INFO] WebApp:169 - Instantiating new browser for Auth
2025-11-29 00:07:17,320 [INFO] WebApp:463 - Apply proxy settings
2025-11-29 00:07:17,321 [INFO] WebApp:548 - Chromium requires no authentication
2025-11-29 00:07:17,326 [INFO] WebApp:491 - Direct internet connection detected
2025-11-29 00:07:17,334 [INFO] WebApp:900 - Register for checkConnection events
2025-11-29 00:07:17,334 [INFO] WebApp:463 - Apply proxy settings
2025-11-29 00:07:17,334 [INFO] WebApp:548 - Chromium requires no authentication
2025-11-29 00:07:17,334 [INFO] WebApp:491 - Direct internet connection detected
2025-11-29 00:07:17,406 [INFO] WebApp:225 - Starting web application
2025-11-29 00:07:17,406 [INFO] WebApp:593 - Web application path used /opt/st/stm32cubeide_1.19.0/plugins/com.st.stm32cube.common.mx_6.15.0.202507011659/db/plugins/mcufinder/reactClient1/index.html
2025-11-29 00:07:17,497 [INFO] UserAuth:487 - Internet connection configuration mode: 1
2025-11-29 00:07:17,522 [INFO] WebApp:191 - Connection restablished
2025-11-29 00:07:18,863 [WARN] PackLoader:240 - Cannot read IP mode file for STMicroelectronics.FP-SNS-MOTENVWB1.1.4.0
2025-11-29 00:07:18,867 [WARN] PackLoader:240 - Cannot read IP mode file for STMicroelectronics.FP-ATR-ASTRA1.2.0.2
2025-11-29 00:07:18,870 [WARN] PackLoader:240 - Cannot read IP mode file for STMicroelectronics.X-CUBE-SMBUS.2.1.0
2025-11-29 00:07:18,881 [WARN] PackLoader:240 - Cannot read IP mode file for STMicroelectronics.X-CUBE-AZRTOS-F7.1.1.0
2025-11-29 00:07:18,885 [WARN] PackLoader:240 - Cannot read IP mode file for Cesanta.I-CUBE-Mongoose.7.19.0
2025-11-29 00:07:18,887 [WARN] PackLoader:240 - Cannot read IP mode file for STMicroelectronics.FP-SNS-MOTENV1.5.1.0
2025-11-29 00:07:18,891 [WARN] PackLoader:240 - Cannot read IP mode file for WES.I-CUBE-Cesium.1.4.0
2025-11-29 00:07:18,909 [WARN] PackLoader:240 - Cannot read IP mode file for Infineon.AIROC-Wi-Fi-Bluetooth-STM32.1.7.1
2025-11-29 00:07:18,924 [WARN] PackLoader:240 - Cannot read IP mode file for STMicroelectronics.X-CUBE-AZRTOS-H7.3.4.0
2025-11-29 00:07:18,929 [WARN] PackLoader:240 - Cannot read IP mode file for STMicroelectronics.X-CUBE-DISPLAY.3.0.0
2025-11-29 00:07:18,938 [WARN] PackLoader:240 - Cannot read IP mode file for STMicroelectronics.X-CUBE-NFC10.1.0.0
2025-11-29 00:07:18,940 [WARN] PackLoader:240 - Cannot read IP mode file for STMicroelectronics.X-CUBE-ST60.1.1.0
2025-11-29 00:07:18,942 [WARN] PackLoader:240 - Cannot read IP mode file for emotas.I-CUBE-CANOPEN.1.3.0
2025-11-29 00:07:18,943 [WARN] PackLoader:240 - Cannot read IP mode file for STMicroelectronics.X-CUBE-GNSS1.7.1.0
2025-11-29 00:07:18,946 [WARN] PackLoader:240 - Cannot read IP mode file for STMicroelectronics.FP-SNS-STBOX1.2.1.0
2025-11-29 00:07:18,948 [WARN] PackLoader:240 - Cannot read IP mode file for STMicroelectronics.FP-SNS-SMARTAG2.1.2.0
2025-11-29 00:07:18,949 [WARN] PackLoader:240 - Cannot read IP mode file for STMicroelectronics.FP-SNS-FLIGHT1.5.1.0
2025-11-29 00:07:18,953 [INFO] LogOutputStream:77 - [STDOUT_REDIRECT] 1 : Invalid condition id : UX_CORESTACK_Condition cause : null
2025-11-29 00:07:18,954 [INFO] LogOutputStream:77 - [STDOUT_REDIRECT] 1 : Invalid condition id : UX_CORESTACK_Condition cause : null
2025-11-29 00:07:18,954 [INFO] LogOutputStream:77 - [STDOUT_REDIRECT] 1 : Invalid condition id : UX_CORESTACK_Condition cause : null
2025-11-29 00:07:18,954 [INFO] LogOutputStream:77 - [STDOUT_REDIRECT] 1 : Invalid condition id : UX_CORESTACK_Condition cause : null
2025-11-29 00:07:18,954 [INFO] LogOutputStream:77 - [STDOUT_REDIRECT] 1 : Invalid condition id : UX_CORESTACK_Condition cause : null
2025-11-29 00:07:18,955 [WARN] PackLoader:240 - Cannot read IP mode file for STMicroelectronics.X-CUBE-AZRTOS-WL.2.0.0
2025-11-29 00:07:18,962 [WARN] PackLoader:240 - Cannot read IP mode file for STMicroelectronics.X-CUBE-AZRTOS-H7RS.1.2.0
2025-11-29 00:07:18,964 [WARN] PackLoader:240 - Cannot read IP mode file for STMicroelectronics.X-CUBE-BLE2.3.3.0
2025-11-29 00:07:18,973 [WARN] PackLoader:240 - Cannot read IP mode file for STMicroelectronics.X-CUBE-NFC9.1.0.0
2025-11-29 00:07:18,974 [WARN] PackLoader:240 - Cannot read IP mode file for wolfSSL.I-CUBE-wolfSSL.5.8.2
2025-11-29 00:07:18,976 [WARN] PackLoader:240 - Cannot read IP mode file for STMicroelectronics.X-CUBE-BLE1.7.1.0
2025-11-29 00:07:18,978 [WARN] PackLoader:240 - Cannot read IP mode file for wolfSSL.I-CUBE-wolfMQTT.1.19.2
2025-11-29 00:07:18,979 [WARN] PackLoader:240 - Cannot read IP mode file for STMicroelectronics.X-CUBE-FREERTOS.1.4.0
2025-11-29 00:07:18,981 [WARN] PackLoader:240 - Cannot read IP mode file for STMicroelectronics.X-CUBE-EEPRMA1.5.2.0
2025-11-29 00:07:18,983 [WARN] PackLoader:240 - Cannot read IP mode file for STMicroelectronics.X-CUBE-ST67W61.1.1.0
2025-11-29 00:07:19,006 [WARN] PackLoader:240 - Cannot read IP mode file for STMicroelectronics.X-CUBE-MEMS1.12.0.0
2025-11-29 00:07:19,070 [WARN] PackLoader:240 - Cannot read IP mode file for STMicroelectronics.X-CUBE-AZRTOS-G0.1.1.0
2025-11-29 00:07:19,074 [WARN] PackLoader:240 - Cannot read IP mode file for STMicroelectronics.X-CUBE-NFC4.3.0.0
2025-11-29 00:07:19,077 [WARN] PackLoader:240 - Cannot read IP mode file for EmbeddedOffice.I-CUBE-FS-RTOS.1.0.1
2025-11-29 00:07:19,109 [WARN] PackLoader:240 - Cannot read IP mode file for STMicroelectronics.X-CUBE-WB05N.2.0.0
2025-11-29 00:07:19,110 [WARN] PackLoader:240 - Cannot read IP mode file for wolfSSL.I-CUBE-wolfTPM.3.8.0
2025-11-29 00:07:19,112 [WARN] PackLoader:240 - Cannot read IP mode file for STMicroelectronics.X-CUBE-TCPP.4.2.0
2025-11-29 00:07:19,114 [WARN] PackLoader:240 - Cannot read IP mode file for RealThread.X-CUBE-RT-Thread_Nano.4.1.1
2025-11-29 00:07:19,115 [WARN] PackLoader:240 - Cannot read IP mode file for STMicroelectronics.FP-ATR-SIGFOX1.3.2.0
2025-11-29 00:07:19,121 [WARN] PackLoader:240 - Cannot read IP mode file for ITTIA_DB.I-CUBE-ITTIADB.8.9.0
2025-11-29 00:07:19,122 [WARN] PackLoader:240 - Cannot read IP mode file for STMicroelectronics.X-CUBE-AI.10.2.0
2025-11-29 00:07:19,132 [WARN] PackLoader:240 - Cannot read IP mode file for SEGGER.I-CUBE-embOS.1.3.1
2025-11-29 00:07:19,145 [WARN] PackLoader:240 - Cannot read IP mode file for STMicroelectronics.X-CUBE-ALGOBUILD.1.4.0
2025-11-29 00:07:19,163 [WARN] PackLoader:240 - Cannot read IP mode file for STMicroelectronics.X-CUBE-MEMS1.11.3.0
2025-11-29 00:07:19,212 [WARN] PackLoader:240 - Cannot read IP mode file for STMicroelectronics.X-CUBE-PM33A1.1.0.0
2025-11-29 00:07:19,218 [WARN] PackLoader:240 - Cannot read IP mode file for STMicroelectronics.X-CUBE-AZRTOS-F4.1.1.0
2025-11-29 00:07:19,221 [WARN] PackLoader:240 - Cannot read IP mode file for STMicroelectronics.X-CUBE-ISPU.2.1.0
2025-11-29 00:07:19,225 [WARN] PackLoader:240 - Cannot read IP mode file for STMicroelectronics.X-CUBE-IPS.3.2.0
2025-11-29 00:07:19,232 [WARN] PackLoader:240 - Cannot read IP mode file for STMicroelectronics.X-CUBE-NFC12.1.0.0
2025-11-29 00:07:19,239 [WARN] PackLoader:240 - Cannot read IP mode file for STMicroelectronics.X-CUBE-AZRTOS-L5.2.0.0
2025-11-29 00:07:19,241 [WARN] PackLoader:240 - Cannot read IP mode file for STMicroelectronics.X-CUBE-NFC6.3.1.0
2025-11-29 00:07:19,243 [WARN] PackLoader:240 - Cannot read IP mode file for STMicroelectronics.X-CUBE-FREERTOS.1.3.1
2025-11-29 00:07:19,260 [WARN] PackLoader:240 - Cannot read IP mode file for STMicroelectronics.X-CUBE-TOUCHGFX.4.26.0
2025-11-29 00:07:19,261 [WARN] PackLoader:240 - Cannot read IP mode file for STMicroelectronics.FP-SNS-STAIOTCFT.1.0.0
2025-11-29 00:07:19,262 [WARN] PackLoader:240 - Cannot read IP mode file for STMicroelectronics.X-CUBE-DPower.1.3.0
2025-11-29 00:07:19,268 [WARN] ConditionMgr:438 - getConditionDescription Invalid condition id : LAN8742 Phy interface Condition cause : null
2025-11-29 00:07:19,268 [WARN] PackLoader:240 - Cannot read IP mode file for STMicroelectronics.X-CUBE-AZRTOS-L4.2.0.0
2025-11-29 00:07:19,269 [WARN] ConditionMgr:1044 - genDependencies : Invalid condition id : LAN8742 Phy interface Condition cause : null
2025-11-29 00:07:19,269 [WARN] ConditionMgr:1044 - genDependencies : Invalid condition id : LAN8742 Phy interface Condition cause : null
2025-11-29 00:07:19,270 [WARN] ConditionMgr:1044 - genDependencies : Invalid condition id : LAN8742 Phy interface Condition cause : null
2025-11-29 00:07:19,273 [WARN] PackLoader:240 - Cannot read IP mode file for STMicroelectronics.X-CUBE-SFXS2LP1.4.0.0
2025-11-29 00:07:19,277 [WARN] PackLoader:240 - Cannot read IP mode file for STMicroelectronics.X-CUBE-BLEMGR.4.1.0
2025-11-29 00:07:19,280 [WARN] ConditionMgr:438 - getConditionDescription Invalid condition id : UX DEVICE CLASS RTOS Condition cause : null
2025-11-29 00:07:19,281 [WARN] ConditionMgr:438 - getConditionDescription Invalid condition id : UX DEVICE CLASS RTOS Condition cause : null
2025-11-29 00:07:19,281 [WARN] PackLoader:240 - Cannot read IP mode file for STMicroelectronics.X-CUBE-AZRTOS-WB.2.0.0
2025-11-29 00:07:19,281 [WARN] ConditionMgr:1044 - genDependencies : Invalid condition id : UX DEVICE CLASS RTOS Condition cause : null
2025-11-29 00:07:19,281 [WARN] ConditionMgr:1044 - genDependencies : Invalid condition id : UX DEVICE CLASS RTOS Condition cause : null
2025-11-29 00:07:19,281 [WARN] ConditionMgr:1044 - genDependencies : Invalid condition id : UX DEVICE CLASS RTOS Condition cause : null
2025-11-29 00:07:19,281 [WARN] ConditionMgr:1044 - genDependencies : Invalid condition id : UX DEVICE CLASS RTOS Condition cause : null
2025-11-29 00:07:19,281 [WARN] ConditionMgr:1044 - genDependencies : Invalid condition id : UX DEVICE CLASS RTOS Condition cause : null
2025-11-29 00:07:19,282 [WARN] ConditionMgr:438 - getConditionDescription Invalid condition id : Cortex-A Device cause : null
2025-11-29 00:07:19,284 [WARN] ConditionMgr:1044 - genDependencies : Invalid condition id : Cortex-A Device cause : null
2025-11-29 00:07:19,284 [WARN] ConditionMgr:1044 - genDependencies : Invalid condition id : Cortex-A Device cause : null
2025-11-29 00:07:19,284 [WARN] ConditionMgr:1044 - genDependencies : Invalid condition id : Cortex-A Device cause : null
2025-11-29 00:07:19,288 [WARN] PackLoader:240 - Cannot read IP mode file for STMicroelectronics.X-CUBE-SUBG2.5.0.0
2025-11-29 00:07:19,295 [WARN] PackLoader:240 - Cannot read IP mode file for STMicroelectronics.X-CUBE-AZRTOS-H7RS.1.1.0
2025-11-29 00:07:19,301 [WARN] PackLoader:240 - Cannot read IP mode file for STMicroelectronics.X-CUBE-AZRTOS-G4.2.0.0
2025-11-29 00:07:19,307 [WARN] PackLoader:240 - Cannot read IP mode file for wolfSSL.I-CUBE-wolfSSH.1.4.20
2025-11-29 00:07:19,309 [WARN] PackLoader:240 - Cannot read IP mode file for STMicroelectronics.X-CUBE-NFC7.2.0.0
2025-11-29 00:07:19,310 [WARN] PackLoader:240 - Cannot read IP mode file for STMicroelectronics.X-CUBE-ALS.1.0.2
2025-11-29 00:07:19,313 [WARN] PackLoader:240 - Cannot read IP mode file for STMicroelectronics.X-CUBE-STSE01.1.0.0
2025-11-29 00:07:19,319 [WARN] PackLoader:240 - Cannot read IP mode file for STMicroelectronics.X-CUBE-TOF1.3.4.3
2025-11-29 00:07:19,324 [INFO] ThirdParty:978 - Integrity check success = true
2025-11-29 00:07:19,324 [INFO] IntegrityCheckThread:100 - exiting critical section [integrity check]
2025-11-29 00:07:19,324 [INFO] IntegrityCheckThread:103 - End integrity checks thread
